Customer ID,Age,Gender,Contract type,Monthly charges,Total charges,Tenure,Payment method,Customer service calls,Churn,,,,,,,,,,,,
CUST00001,56,Male,Monthly,57.08,1105.53,13,Credit Card,2,No,,,,,,,0,0,0,0,0,0
CUST00002,69,Male,Two Year,71.02,2801.08,47,Credit Card,0,No,,,,,,,,,,,,
CUST00003,46,Male,Monthly,58.02,4022.31,54,Direct Debit,2,No,,,,,,,,,,,,
CUST00004,32,Female,Two Year,34.02,4118.92,71,Credit Card,4,No,,,,,,,,,,,,
CUST00005,60,Female,One Year,32.03,1761.5,52,Credit Card,2,No,,,,,,,,,,,,
CUST00006,25,Male,Two Year,90.7,2160.24,72,Credit Card,0,No,,,,,,,,,,,,
CUST00007,78,Female,Monthly,68.9,2266.67,25,Direct Debit,1,No,,,,,,,,,,,,
CUST00008,38,Male,Two Year,88.86,1635.9,23,Debit Card,1,No,,,,,,,,,,,,
CUST00009,56,Male,Monthly,90.65,2845.19,30,Bank Transfer,1,No,,,,,,,,,,,,
CUST00010,75,Female,One Year,20,937.35,11,Debit Card,1,No,,,,,,,,,,,,
CUST00011,36,Male,Monthly,61.6,752.52,35,Credit Card,0,No,,,,,,,,,,,,
CUST00012,40,Female,Monthly,41.05,1592.43,27,Credit Card,6,Yes,,,,,,,,,,,,
CUST00013,28,Male,One Year,61.59,2607.71,67,Direct Debit,2,No,,,,,,,,,,,,
CUST00014,28,Female,One Year,32.75,2716.19,47,Bank Transfer,2,No,,,,,,,,,,,,
CUST00015,41,Male,Monthly,83.2,1765.92,50,Credit Card,0,No,,,,,,,,,,,,
CUST00016,70,Male,Monthly,78.61,672.1,8,Credit Card,3,No,,,,,,,,,,,,
CUST00017,53,Male,One Year,116.08,4164.86,55,Debit Card,1,No,,,,,,,,,,,,
CUST00018,57,Female,Monthly,67.8,4733.03,42,Bank Transfer,3,Yes,,,,,,,,,,,,
CUST00019,41,Female,Monthly,73.3,4869.86,67,Credit Card,1,No,,,,,,,,,,,,
CUST00020,20,Female,Two Year,80.11,1559.82,20,Credit Card,2,No,,,,,,,,,,,,
CUST00021,39,Male,Two Year,96.63,3518.42,45,Direct Debit,1,No,,,,,,,,,,,,
CUST00022,70,Male,Two Year,37.07,3145.89,35,Debit Card,3,No,,,,,,,,,,,,
CUST00023,19,Male,Two Year,87.7,780.96,20,Credit Card,2,No,,,,,,,,,,,,
CUST00024,41,Female,Monthly,69.75,2244.36,24,Credit Card,2,No,,,,,,,,,,,,
CUST00025,61,Female,Two Year,37.76,4190.46,57,Debit Card,3,No,,,,,,,,,,,,
CUST00026,47,Male,Monthly,79.85,2214.03,55,Credit Card,1,No,,,,,,,,,,,,
CUST00027,55,Female,Monthly,78.53,727.38,9,Credit Card,2,No,,,,,,,,,,,,
CUST00028,19,Male,One Year,37.87,1324.76,16,Direct Debit,2,No,,,,,,,,,,,,
CUST00029,77,Female,Monthly,68.13,2230.79,55,Debit Card,0,No,,,,,,,,,,,,
CUST00030,38,Female,Monthly,71.82,5211.38,72,Debit Card,2,No,,,,,,,,,,,,
CUST00031,50,Male,Monthly,70.16,4223.66,58,Bank Transfer,1,No,,,,,,,,,,,,
CUST00032,29,Male,Monthly,79,4667.36,64,Direct Debit,0,No,,,,,,,,,,,,
CUST00033,75,Female,One Year,57.71,4008.07,49,Credit Card,0,No,,,,,,,,,,,,
CUST00034,39,Female,Monthly,49.76,1754.72,29,Credit Card,1,No,,,,,,,,,,,,
CUST00035,78,Female,Monthly,80.55,333.21,7,Credit Card,5,No,,,,,,,,,,,,
CUST00036,61,Female,Monthly,101.29,5115.25,69,Direct Debit,2,No,,,,,,,,,,,,
CUST00037,42,Male,Monthly,101.02,202.9,2,Bank Transfer,4,Yes,,,,,,,,,,,,
CUST00038,66,Female,Monthly,108.76,3475.3,33,Credit Card,0,No,,,,,,,,,,,,
CUST00039,44,Female,Two Year,64.14,4907.35,48,Credit Card,1,No,,,,,,,,,,,,
CUST00040,76,Female,Monthly,59.39,2385.63,37,Direct Debit,4,Yes,,,,,,,,,,,,
CUST00041,80,Male,Two Year,27.66,1728.79,30,Credit Card,1,No,,,,,,,,,,,,
CUST00042,59,Male,Monthly,57.69,1195.43,41,Direct Debit,0,No,,,,,,,,,,,,
CUST00043,45,Male,Monthly,39.99,216,4,Direct Debit,0,No,,,,,,,,,,,,
CUST00044,77,Male,Monthly,62.49,1646.42,39,Credit Card,1,No,,,,,,,,,,,,
CUST00045,33,Male,Monthly,96.59,1526.34,24,Credit Card,1,No,,,,,,,,,,,,
CUST00046,32,Male,Monthly,93,5153.61,50,Credit Card,2,No,,,,,,,,,,,,
CUST00047,79,Male,Monthly,65.11,3680.84,37,Credit Card,2,No,,,,,,,,,,,,
CUST00048,79,Male,Monthly,59.45,3621.37,53,Bank Transfer,4,No,,,,,,,,,,,,
CUST00049,64,Female,Monthly,50.45,1493.41,25,Credit Card,5,No,,,,,,,,,,,,
CUST00050,79,Male,One Year,79.4,1474.51,31,Debit Card,1,No,,,,,,,,,,,,
CUST00051,68,Male,Two Year,64.53,2884.65,38,Bank Transfer,0,No,,,,,,,,,,,,
CUST00052,61,Male,Monthly,71.63,3693.49,58,Direct Debit,3,No,,,,,,,,,,,,
CUST00053,72,Male,One Year,79.58,3935.5,53,Debit Card,2,No,,,,,,,,,,,,
CUST00054,69,Female,One Year,86.28,4007.56,50,Credit Card,2,No,,,,,,,,,,,,
CUST00055,74,Male,Monthly,20,341.71,4,Debit Card,2,Yes,,,,,,,,,,,,
CUST00056,20,Female,Two Year,72.67,1036.26,52,Bank Transfer,0,No,,,,,,,,,,,,
CUST00057,54,Female,Two Year,73.14,2339.81,31,Credit Card,3,No,,,,,,,,,,,,
CUST00058,68,Female,Monthly,27.89,947.67,14,Credit Card,2,No,,,,,,,,,,,,
CUST00059,24,Female,One Year,92.28,27.63,1,Direct Debit,1,No,,,,,,,,,,,,
CUST00060,38,Female,One Year,73.01,4014.2,43,Credit Card,6,No,,,,,,,,,,,,
CUST00061,26,Female,Monthly,39.58,4368.73,59,Credit Card,3,No,,,,,,,,,,,,
CUST00062,56,Male,Monthly,48.85,2460.23,61,Direct Debit,1,No,,,,,,,,,,,,
CUST00063,35,Male,Two Year,59.59,1859.75,41,Credit Card,1,Yes,,,,,,,,,,,,
CUST00064,21,Female,One Year,120,1082.56,18,Credit Card,2,No,,,,,,,,,,,,
CUST00065,42,Male,Monthly,54.12,7258.23,60,Credit Card,2,No,,,,,,,,,,,,
CUST00066,77,Male,Monthly,46.52,3946.3,69,Bank Transfer,1,No,,,,,,,,,,,,
CUST00067,31,Female,Two Year,74.7,2858.89,59,Direct Debit,0,No,,,,,,,,,,,,
CUST00068,67,Female,Monthly,109.32,2902.08,42,Bank Transfer,0,No,,,,,,,,,,,,
CUST00069,75,Male,One Year,64.41,3970.73,36,Credit Card,3,No,,,,,,,,,,,,
CUST00070,26,Female,Monthly,60.97,2655.11,40,Credit Card,3,Yes,,,,,,,,,,,,
CUST00071,43,Male,Monthly,74.85,1852.55,30,Bank Transfer,2,No,,,,,,,,,,,,
CUST00072,70,Female,Monthly,62.1,846.58,11,Direct Debit,3,No,,,,,,,,,,,,
CUST00073,19,Male,Monthly,62.71,1457.28,25,Bank Transfer,3,No,,,,,,,,,,,,
CUST00074,37,Male,Monthly,84.25,2672.61,45,Bank Transfer,2,No,,,,,,,,,,,,
CUST00075,45,Female,One Year,56.01,4353.63,51,Direct Debit,3,No,,,,,,,,,,,,
CUST00076,64,Male,One Year,64.58,2524.3,43,Credit Card,1,No,,,,,,,,,,,,
CUST00077,77,Female,Monthly,83.95,3939.02,66,Credit Card,1,No,,,,,,,,,,,,
CUST00078,24,Male,One Year,42.22,3905.4,47,Direct Debit,1,No,,,,,,,,,,,,
CUST00079,61,Male,Monthly,64.71,1093.05,24,Debit Card,3,Yes,,,,,,,,,,,,
CUST00080,78,Female,Monthly,35.71,2496.07,37,Debit Card,2,No,,,,,,,,,,,,
CUST00081,25,Male,Monthly,60.97,1983.82,56,Bank Transfer,1,No,,,,,,,,,,,,
CUST00082,64,Male,Monthly,54.34,2624.24,46,Debit Card,2,No,,,,,,,,,,,,
CUST00083,52,Male,Two Year,57.62,1487.24,28,Debit Card,1,No,,,,,,,,,,,,
CUST00084,31,Female,One Year,61.64,2830.57,52,Direct Debit,2,No,,,,,,,,,,,,
CUST00085,34,Female,Monthly,71.02,986.85,15,Credit Card,3,No,,,,,,,,,,,,
CUST00086,53,Female,One Year,48.74,3290.83,45,Debit Card,0,No,,,,,,,,,,,,
CUST00087,67,Male,Monthly,78.4,2987.8,58,Credit Card,0,No,,,,,,,,,,,,
CUST00088,57,Male,Monthly,58.68,5586.85,67,Direct Debit,1,No,,,,,,,,,,,,
CUST00089,21,Male,Monthly,78.86,4297.22,72,Credit Card,2,No,,,,,,,,,,,,
CUST00090,19,Female,One Year,70.45,2978.01,41,Direct Debit,0,No,,,,,,,,,,,,
CUST00091,79,Male,Monthly,48.06,4620.33,65,Credit Card,2,No,,,,,,,,,,,,
CUST00092,23,Female,Two Year,45.09,2015.44,40,Debit Card,0,No,,,,,,,,,,,,
CUST00093,71,Male,Monthly,76.63,218.76,5,Direct Debit,0,No,,,,,,,,,,,,
CUST00094,59,Female,Monthly,55.96,2292.49,28,Credit Card,1,No,,,,,,,,,,,,
CUST00095,21,Female,Two Year,100.55,2295.52,38,Debit Card,1,No,,,,,,,,,,,,
CUST00096,71,Female,Monthly,95.82,1824.17,18,Bank Transfer,2,Yes,,,,,,,,,,,,
CUST00097,46,Male,One Year,57.03,3563.06,37,Credit Card,2,No,,,,,,,,,,,,
CUST00098,80,Male,One Year,20,1578.04,27,Direct Debit,2,No,,,,,,,,,,,,
CUST00099,35,Male,Two Year,87.63,505.31,25,Credit Card,0,No,,,,,,,,,,,,
CUST00100,43,Male,Monthly,60.16,5717.98,69,Direct Debit,1,Yes,,,,,,,,,,,,
CUST00101,61,Male,Monthly,58.3,1564.83,27,Direct Debit,3,Yes,,,,,,,,,,,,
CUST00102,51,Female,One Year,87.99,2997.99,54,Debit Card,1,No,,,,,,,,,,,,
CUST00103,27,Male,One Year,73.65,573.76,7,Credit Card,1,No,,,,,,,,,,,,
CUST00104,79,Female,One Year,87.36,1874.13,27,Credit Card,2,No,,,,,,,,,,,,
CUST00105,53,Female,Monthly,90.57,5543.76,59,Direct Debit,1,No,,,,,,,,,,,,
CUST00106,31,Male,Monthly,66.78,6578.4,72,Direct Debit,0,No,,,,,,,,,,,,
CUST00107,48,Female,Monthly,84.68,1946.27,31,Debit Card,0,Yes,,,,,,,,,,,,
CUST00108,65,Male,Monthly,71.46,5954.57,68,Credit Card,1,No,,,,,,,,,,,,
CUST00109,32,Male,Monthly,79.79,284.78,4,Credit Card,3,Yes,,,,,,,,,,,,
CUST00110,25,Male,Monthly,72.41,1372.95,18,Bank Transfer,2,No,,,,,,,,,,,,
CUST00111,31,Female,Monthly,91.97,4885.59,63,Direct Debit,3,No,,,,,,,,,,,,
CUST00112,40,Male,One Year,40.98,4571.66,52,Credit Card,1,No,,,,,,,,,,,,
CUST00113,77,Male,One Year,62.77,2415.51,63,Direct Debit,1,No,,,,,,,,,,,,
CUST00114,74,Female,Monthly,69.92,2691.68,45,Credit Card,1,No,,,,,,,,,,,,
CUST00115,79,Male,Monthly,68.01,894.34,12,Direct Debit,3,No,,,,,,,,,,,,
CUST00116,57,Female,One Year,44,575.23,8,Debit Card,2,No,,,,,,,,,,,,
CUST00117,38,Female,Monthly,45.53,1029.07,22,Direct Debit,1,Yes,,,,,,,,,,,,
CUST00118,33,Female,Two Year,66.59,1991.03,41,Direct Debit,2,Yes,,,,,,,,,,,,
CUST00119,62,Male,One Year,49.62,2545.63,41,Bank Transfer,1,No,,,,,,,,,,,,
CUST00120,35,Male,Two Year,31.65,2923.98,57,Direct Debit,3,No,,,,,,,,,,,,
CUST00121,64,Male,One Year,63.96,1039.46,32,Credit Card,0,No,,,,,,,,,,,,
CUST00122,70,Male,Monthly,40.53,3795.23,55,Direct Debit,0,No,,,,,,,,,,,,
CUST00123,41,Male,One Year,81.92,251.53,6,Direct Debit,1,No,,,,,,,,,,,,
CUST00124,43,Male,Monthly,75.74,3344.16,39,Credit Card,2,No,,,,,,,,,,,,
CUST00125,42,Female,Monthly,89.61,705.11,9,Debit Card,3,No,,,,,,,,,,,,
CUST00126,77,Female,Monthly,75.77,2922.84,32,Direct Debit,1,No,,,,,,,,,,,,
CUST00127,77,Male,Monthly,50.13,2750.86,36,Credit Card,0,No,,,,,,,,,,,,
CUST00128,77,Male,Monthly,20,862.3,16,Debit Card,1,Yes,,,,,,,,,,,,
CUST00129,62,Male,Monthly,88.51,256.76,12,Direct Debit,0,No,,,,,,,,,,,,
CUST00130,58,Male,One Year,52.52,3592.82,41,Credit Card,1,No,,,,,,,,,,,,
CUST00131,46,Female,Two Year,24.7,3397.32,67,Direct Debit,2,No,,,,,,,,,,,,
CUST00132,32,Female,Monthly,102.2,1434.68,58,Debit Card,2,No,,,,,,,,,,,,
CUST00133,62,Female,Monthly,80.19,956.02,9,Credit Card,6,No,,,,,,,,,,,,
CUST00134,18,Female,Monthly,91.91,1341.63,17,Bank Transfer,2,Yes,,,,,,,,,,,,
CUST00135,42,Female,Two Year,77.5,462.29,5,Bank Transfer,0,No,,,,,,,,,,,,
CUST00136,24,Female,Monthly,73.34,1950.1,26,Direct Debit,3,No,,,,,,,,,,,,
CUST00137,26,Male,Two Year,59.63,72.49,1,Bank Transfer,4,Yes,,,,,,,,,,,,
CUST00138,41,Female,Monthly,77.88,63.99,1,Debit Card,3,Yes,,,,,,,,,,,,
CUST00139,18,Male,One Year,109.52,2601.44,35,Bank Transfer,0,No,,,,,,,,,,,,
CUST00140,61,Male,Monthly,85.6,1062.76,9,Direct Debit,5,Yes,,,,,,,,,,,,
CUST00141,25,Male,Monthly,62.67,3104.75,38,Direct Debit,0,No,,,,,,,,,,,,
CUST00142,41,Male,Monthly,45.55,243.43,4,Direct Debit,2,No,,,,,,,,,,,,
CUST00143,80,Female,Monthly,83.04,2212.15,52,Bank Transfer,1,No,,,,,,,,,,,,
CUST00144,28,Male,Two Year,67.32,1641.4,19,Debit Card,2,No,,,,,,,,,,,,
CUST00145,68,Male,One Year,71.5,310.62,5,Direct Debit,6,No,,,,,,,,,,,,
CUST00146,34,Male,Monthly,20.41,3590.06,48,Direct Debit,3,No,,,,,,,,,,,,
CUST00147,25,Female,Two Year,29.32,1301.7,63,Credit Card,0,No,,,,,,,,,,,,
CUST00148,52,Male,Monthly,63.06,1158.51,38,Bank Transfer,0,No,,,,,,,,,,,,
CUST00149,52,Female,Two Year,52.27,3427.66,52,Bank Transfer,2,No,,,,,,,,,,,,
CUST00150,50,Female,Monthly,66.74,2259.92,46,Credit Card,2,No,,,,,,,,,,,,
CUST00151,76,Female,Two Year,87.92,554.66,9,Bank Transfer,2,No,,,,,,,,,,,,
CUST00152,22,Female,Monthly,59.36,4163.02,50,Credit Card,2,No,,,,,,,,,,,,
CUST00153,59,Male,Monthly,75.22,3845.09,66,Direct Debit,1,No,,,,,,,,,,,,
CUST00154,56,Male,Monthly,69.16,2663.22,38,Credit Card,1,No,,,,,,,,,,,,
CUST00155,75,Female,Monthly,120,1854.4,27,Credit Card,1,No,,,,,,,,,,,,
CUST00156,58,Male,One Year,59.44,2317.47,20,Credit Card,3,No,,,,,,,,,,,,
CUST00157,45,Male,Monthly,45.99,3604.99,62,Debit Card,1,No,,,,,,,,,,,,
CUST00158,24,Female,Two Year,50.95,787.69,16,Credit Card,1,No,,,,,,,,,,,,
CUST00159,26,Male,Two Year,83.29,686.12,13,Direct Debit,0,No,,,,,,,,,,,,
CUST00160,25,Female,Two Year,50.29,1707.95,20,Credit Card,3,No,,,,,,,,,,,,
CUST00161,29,Male,Two Year,80.11,1236.62,24,Direct Debit,3,No,,,,,,,,,,,,
CUST00162,51,Female,One Year,61.95,4040.99,50,Bank Transfer,2,No,,,,,,,,,,,,
CUST00163,50,Female,Two Year,63.24,434.55,7,Direct Debit,1,No,,,,,,,,,,,,
CUST00164,65,Female,Two Year,103.36,1946.1,29,Credit Card,2,No,,,,,,,,,,,,
CUST00165,72,Male,Monthly,28.63,481.66,5,Credit Card,4,Yes,,,,,,,,,,,,
CUST00166,40,Female,One Year,65.36,968.14,35,Bank Transfer,0,No,,,,,,,,,,,,
CUST00167,79,Female,Two Year,78.75,3979.31,65,Direct Debit,2,No,,,,,,,,,,,,
CUST00168,41,Male,One Year,78.32,5081.25,70,Debit Card,2,No,,,,,,,,,,,,
CUST00169,54,Male,Monthly,41.03,505.6,7,Credit Card,4,Yes,,,,,,,,,,,,
CUST00170,52,Female,Monthly,43.01,1667.83,44,Debit Card,2,No,,,,,,,,,,,,
CUST00171,61,Female,One Year,67.16,3186.77,72,Credit Card,1,No,,,,,,,,,,,,
CUST00172,57,Male,Two Year,22.99,818.8,13,Debit Card,2,No,,,,,,,,,,,,
CUST00173,39,Female,Monthly,59.36,832.02,38,Bank Transfer,0,No,,,,,,,,,,,,
CUST00174,44,Male,Monthly,45.74,761.68,13,Direct Debit,2,No,,,,,,,,,,,,
CUST00175,52,Male,Monthly,67.5,2378.77,54,Direct Debit,3,No,,,,,,,,,,,,
CUST00176,18,Female,One Year,67.21,3120.49,44,Credit Card,2,No,,,,,,,,,,,,
CUST00177,52,Female,Monthly,73.03,890.99,13,Bank Transfer,3,No,,,,,,,,,,,,
CUST00178,54,Female,One Year,44.61,1777.06,25,Credit Card,1,No,,,,,,,,,,,,
CUST00179,64,Female,Two Year,69.61,1039.43,24,Credit Card,0,No,,,,,,,,,,,,
CUST00180,31,Male,One Year,68.82,2078.02,29,Bank Transfer,1,No,,,,,,,,,,,,
CUST00181,20,Male,Monthly,42.47,4563.56,70,Direct Debit,0,No,,,,,,,,,,,,
CUST00182,18,Male,Two Year,85.75,737.62,18,Direct Debit,0,No,,,,,,,,,,,,
CUST00183,22,Female,One Year,83.88,418.7,5,Direct Debit,5,Yes,,,,,,,,,,,,
CUST00184,43,Female,Monthly,58.59,1498.88,18,Credit Card,3,Yes,,,,,,,,,,,,
CUST00185,72,Male,Monthly,51,3508.4,63,Credit Card,3,No,,,,,,,,,,,,
CUST00186,80,Male,One Year,78.87,1783.51,37,Direct Debit,1,No,,,,,,,,,,,,
CUST00187,31,Male,Two Year,29.31,6038.76,71,Bank Transfer,4,No,,,,,,,,,,,,
CUST00188,56,Female,Two Year,44.1,1718.63,55,Debit Card,3,No,,,,,,,,,,,,
CUST00189,44,Male,Monthly,78.65,531.2,12,Debit Card,3,No,,,,,,,,,,,,
CUST00190,26,Male,Monthly,105.65,4263.57,52,Direct Debit,1,No,,,,,,,,,,,,
CUST00191,32,Female,Monthly,52.26,6189.71,57,Direct Debit,2,No,,,,,,,,,,,,
CUST00192,32,Female,One Year,55.11,2240.53,46,Debit Card,1,No,,,,,,,,,,,,
CUST00193,43,Female,One Year,66.31,2431.78,44,Direct Debit,0,No,,,,,,,,,,,,
CUST00194,59,Female,Monthly,62.13,1510.96,24,Direct Debit,2,No,,,,,,,,,,,,
CUST00195,77,Male,Monthly,51.7,566.69,9,Credit Card,1,Yes,,,,,,,,,,,,
CUST00196,30,Female,Two Year,49.89,576.9,12,Credit Card,0,Yes,,,,,,,,,,,,
CUST00197,68,Female,Two Year,75.5,424.79,9,Bank Transfer,1,No,,,,,,,,,,,,
CUST00198,80,Female,Monthly,79.08,1735.87,22,Debit Card,2,No,,,,,,,,,,,,
CUST00199,49,Male,One Year,68.71,1418.19,17,Direct Debit,2,No,,,,,,,,,,,,
CUST00200,56,Male,One Year,67.8,2415.25,33,Direct Debit,0,No,,,,,,,,,,,,
CUST00201,66,Male,Monthly,59.05,3388.87,47,Credit Card,2,No,,,,,,,,,,,,
CUST00202,69,Male,Monthly,48.13,943.43,15,Direct Debit,3,No,,,,,,,,,,,,
CUST00203,78,Female,Monthly,44.23,1485.29,33,Bank Transfer,0,No,,,,,,,,,,,,
CUST00204,49,Male,Monthly,33.84,680.38,15,Debit Card,1,No,,,,,,,,,,,,
CUST00205,21,Male,One Year,82.73,943.07,27,Direct Debit,0,No,,,,,,,,,,,,
CUST00206,47,Male,Monthly,58.8,4859.36,61,Bank Transfer,1,No,,,,,,,,,,,,
CUST00207,54,Male,Monthly,77.69,4313.75,68,Bank Transfer,0,No,,,,,,,,,,,,
CUST00208,40,Male,Monthly,56.27,3601.33,48,Credit Card,4,No,,,,,,,,,,,,
CUST00209,56,Male,Monthly,64.39,455.55,8,Bank Transfer,2,Yes,,,,,,,,,,,,
CUST00210,62,Male,One Year,62.57,409.36,6,Debit Card,1,No,,,,,,,,,,,,
CUST00211,32,Female,Monthly,102.22,3808.95,63,Debit Card,2,No,,,,,,,,,,,,
CUST00212,60,Female,Monthly,51.52,207.92,2,Credit Card,1,Yes,,,,,,,,,,,,
CUST00213,46,Male,Two Year,87.24,1173.34,22,Bank Transfer,2,Yes,,,,,,,,,,,,
CUST00214,53,Female,Monthly,36.31,1869.18,21,Credit Card,1,No,,,,,,,,,,,,
CUST00215,30,Female,One Year,97.28,214.58,6,Credit Card,0,No,,,,,,,,,,,,
CUST00216,49,Female,Monthly,76.54,7294.18,70,Credit Card,5,No,,,,,,,,,,,,
CUST00217,24,Male,Two Year,50.8,1012.9,13,Direct Debit,1,No,,,,,,,,,,,,
CUST00218,76,Male,Two Year,59.09,48.56,1,Credit Card,3,No,,,,,,,,,,,,
CUST00219,68,Male,Monthly,88.55,1363.65,22,Direct Debit,2,Yes,,,,,,,,,,,,
CUST00220,39,Male,One Year,88.62,2178.2,24,Credit Card,1,No,,,,,,,,,,,,
CUST00221,45,Male,Monthly,54.98,5317.33,64,Bank Transfer,3,No,,,,,,,,,,,,
CUST00222,19,Female,Two Year,53.51,2174.16,41,Direct Debit,2,No,,,,,,,,,,,,
CUST00223,59,Male,Monthly,83.37,1112.83,22,Credit Card,1,No,,,,,,,,,,,,
CUST00224,62,Male,Two Year,62.26,4737.86,61,Credit Card,3,No,,,,,,,,,,,,
CUST00225,79,Female,Monthly,73.16,714.87,12,Debit Card,3,No,,,,,,,,,,,,
CUST00226,74,Male,One Year,50.85,282.25,4,Bank Transfer,3,No,,,,,,,,,,,,
CUST00227,70,Female,Two Year,55.51,606.93,12,Credit Card,0,No,,,,,,,,,,,,
CUST00228,23,Female,Two Year,108.09,1969.37,33,Bank Transfer,2,No,,,,,,,,,,,,
CUST00229,45,Female,Monthly,68.47,2430.88,21,Credit Card,1,No,,,,,,,,,,,,
CUST00230,45,Female,Monthly,99.57,5129.94,72,Debit Card,2,No,,,,,,,,,,,,
CUST00231,61,Male,Monthly,40.36,7337.1,72,Bank Transfer,1,No,,,,,,,,,,,,
CUST00232,61,Female,Monthly,34.93,2248.91,52,Credit Card,1,No,,,,,,,,,,,,
CUST00233,37,Female,Monthly,81.76,1547.79,47,Direct Debit,0,No,,,,,,,,,,,,
CUST00234,47,Female,Monthly,56.32,4692.89,59,Direct Debit,3,No,,,,,,,,,,,,
CUST00235,79,Male,Monthly,68.68,2669.63,47,Credit Card,1,No,,,,,,,,,,,,
CUST00236,28,Female,Monthly,29.11,4039.27,56,Direct Debit,2,No,,,,,,,,,,,,
CUST00237,75,Male,Monthly,30.71,385.93,13,Debit Card,2,No,,,,,,,,,,,,
CUST00238,72,Female,Monthly,70.29,1418.02,44,Bank Transfer,1,No,,,,,,,,,,,,
CUST00239,45,Male,Monthly,55.16,2323.59,35,Debit Card,0,No,,,,,,,,,,,,
CUST00240,42,Female,One Year,63.85,1521,29,Direct Debit,0,No,,,,,,,,,,,,
CUST00241,56,Female,Monthly,105.07,3713.23,56,Debit Card,1,No,,,,,,,,,,,,
CUST00242,79,Male,Monthly,79.77,512.6,5,Direct Debit,5,Yes,,,,,,,,,,,,
CUST00243,50,Male,Monthly,111.55,5289.94,67,Direct Debit,3,No,,,,,,,,,,,,
CUST00244,18,Male,Monthly,67.97,6188.05,53,Credit Card,1,No,,,,,,,,,,,,
CUST00245,74,Female,One Year,99.85,3797.64,60,Credit Card,1,No,,,,,,,,,,,,
CUST00246,44,Female,Monthly,91.37,567.27,6,Direct Debit,5,Yes,,,,,,,,,,,,
CUST00247,79,Female,Monthly,52.34,4242.48,48,Debit Card,4,No,,,,,,,,,,,,
CUST00248,74,Female,Two Year,58.75,1944.3,35,Direct Debit,1,No,,,,,,,,,,,,
CUST00249,69,Female,Two Year,62.16,1041.41,18,Direct Debit,0,Yes,,,,,,,,,,,,
CUST00250,30,Male,Monthly,92.14,656.64,11,Bank Transfer,7,No,,,,,,,,,,,,
CUST00251,58,Male,Monthly,74.27,4833.29,51,Bank Transfer,1,No,,,,,,,,,,,,
CUST00252,20,Female,Monthly,52.16,1579.83,23,Credit Card,3,Yes,,,,,,,,,,,,
CUST00253,56,Male,Monthly,43.15,2559.43,47,Direct Debit,1,No,,,,,,,,,,,,
CUST00254,23,Male,Monthly,38.94,2626.46,59,Credit Card,4,Yes,,,,,,,,,,,,
CUST00255,25,Male,One Year,52.04,2061.58,57,Debit Card,1,No,,,,,,,,,,,,
CUST00256,44,Male,Monthly,41.08,2913.32,56,Debit Card,4,No,,,,,,,,,,,,
CUST00257,26,Female,Two Year,47.56,1092.15,27,Direct Debit,1,No,,,,,,,,,,,,
CUST00258,79,Male,Monthly,92.88,1573.55,35,Credit Card,0,No,,,,,,,,,,,,
CUST00259,54,Female,Monthly,34.64,4825.64,55,Direct Debit,4,No,,,,,,,,,,,,
CUST00260,50,Male,One Year,79.26,294.81,9,Debit Card,1,No,,,,,,,,,,,,
CUST00261,68,Male,Monthly,116.3,1449.43,18,Credit Card,1,No,,,,,,,,,,,,
CUST00262,59,Male,Monthly,72.54,4847.92,44,Direct Debit,5,Yes,,,,,,,,,,,,
CUST00263,61,Female,Monthly,71.61,1416,21,Credit Card,3,No,,,,,,,,,,,,
CUST00264,41,Female,Monthly,73.91,4303.75,56,Credit Card,3,No,,,,,,,,,,,,
CUST00265,32,Female,Monthly,42.02,3286.1,48,Direct Debit,0,No,,,,,,,,,,,,
CUST00266,76,Female,Monthly,79.97,43.12,1,Credit Card,2,No,,,,,,,,,,,,
CUST00267,71,Female,Monthly,76.9,2309.83,27,Debit Card,2,No,,,,,,,,,,,,
CUST00268,49,Female,Monthly,60.39,3204.66,45,Debit Card,2,No,,,,,,,,,,,,
CUST00269,49,Female,Two Year,36.01,4088.08,63,Bank Transfer,2,No,,,,,,,,,,,,
CUST00270,41,Female,Monthly,108.52,2089.36,58,Direct Debit,0,No,,,,,,,,,,,,
CUST00271,58,Male,Monthly,66.95,4538.8,40,Credit Card,2,No,,,,,,,,,,,,
CUST00272,69,Female,Two Year,41.6,4302.29,63,Credit Card,3,No,,,,,,,,,,,,
CUST00273,66,Female,One Year,51.61,1610.35,38,Credit Card,0,No,,,,,,,,,,,,
CUST00274,79,Female,Monthly,55.5,1565.84,29,Debit Card,3,No,,,,,,,,,,,,
CUST00275,66,Male,Monthly,98.25,2065.64,40,Bank Transfer,2,No,,,,,,,,,,,,
CUST00276,75,Female,One Year,68.72,1834.61,19,Credit Card,4,No,,,,,,,,,,,,
CUST00277,69,Female,Monthly,61.73,4137.45,56,Direct Debit,1,No,,,,,,,,,,,,
CUST00278,29,Male,One Year,52.1,2522.55,44,Direct Debit,1,No,,,,,,,,,,,,
CUST00279,79,Female,Two Year,91.06,3257.97,65,Direct Debit,1,No,,,,,,,,,,,,
CUST00280,56,Male,Monthly,90.26,1216.38,13,Credit Card,2,Yes,,,,,,,,,,,,
CUST00281,19,Male,Monthly,33.49,2534.69,30,Bank Transfer,1,No,,,,,,,,,,,,
CUST00282,20,Male,One Year,69.04,1650.64,49,Direct Debit,1,No,,,,,,,,,,,,
CUST00283,66,Male,Monthly,66.14,4498.01,63,Debit Card,1,No,,,,,,,,,,,,
CUST00284,54,Female,Monthly,51.97,4889.35,71,Direct Debit,6,No,,,,,,,,,,,,
CUST00285,66,Male,Monthly,54.76,1836.76,35,Direct Debit,2,No,,,,,,,,,,,,
CUST00286,73,Male,One Year,58.61,602.42,11,Credit Card,2,No,,,,,,,,,,,,
CUST00287,34,Male,One Year,42.39,2970.17,49,Debit Card,0,No,,,,,,,,,,,,
CUST00288,76,Male,Two Year,67.9,1599.31,40,Credit Card,1,No,,,,,,,,,,,,
CUST00289,66,Male,Two Year,74.11,1467.08,21,Debit Card,2,No,,,,,,,,,,,,
CUST00290,19,Female,Monthly,74.05,3716.82,47,Direct Debit,3,No,,,,,,,,,,,,
CUST00291,19,Male,One Year,60.64,228.65,3,Direct Debit,1,No,,,,,,,,,,,,
CUST00292,45,Female,Monthly,23.31,1687.2,30,Direct Debit,2,No,,,,,,,,,,,,
CUST00293,71,Female,One Year,55.47,1563.27,67,Credit Card,0,No,,,,,,,,,,,,
CUST00294,40,Male,Monthly,49.41,3563.65,62,Direct Debit,2,No,,,,,,,,,,,,
CUST00295,54,Female,Monthly,61.81,1694.57,37,Direct Debit,1,No,,,,,,,,,,,,
CUST00296,49,Male,One Year,67.4125,1416.87,22,Direct Debit,5,No,,,,,,,,,,,,
CUST00297,50,Male,Monthly,97.45,2444.2,31,Direct Debit,0,No,,,,,,,,,,,,
CUST00298,18,Male,Two Year,46.43,4546.37,46,Debit Card,2,No,,,,,,,,,,,,
CUST00299,36,Male,One Year,74.26,2245.25,45,Credit Card,1,No,,,,,,,,,,,,
CUST00300,79,Female,Monthly,72.19,1121.97,14,Credit Card,0,No,,,,,,,,,,,,
CUST00301,19,Female,Monthly,91.05,884.91,12,Credit Card,3,Yes,,,,,,,,,,,,
CUST00302,70,Male,Two Year,75.2,5728.33,63,Bank Transfer,1,No,,,,,,,,,,,,
CUST00303,61,Female,Monthly,67.4125,2710.24,38,Debit Card,2,No,,,,,,,,,,,,
CUST00304,43,Male,One Year,64.35,2581.76,47,Debit Card,3,No,,,,,,,,,,,,
CUST00305,49,Female,One Year,66.86,3435.54,54,Credit Card,2,No,,,,,,,,,,,,
CUST00306,23,Male,Two Year,79.98,3796.32,55,Direct Debit,1,No,,,,,,,,,,,,
CUST00307,49,Male,One Year,100.38,4004.46,48,Credit Card,1,No,,,,,,,,,,,,
CUST00308,72,Male,One Year,91.79,6905.78,72,Debit Card,3,No,,,,,,,,,,,,
CUST00309,21,Male,Two Year,47.09,1384.65,15,Debit Card,2,No,,,,,,,,,,,,
CUST00310,72,Female,Two Year,34.07,3392.39,71,Credit Card,2,No,,,,,,,,,,,,
CUST00311,28,Female,One Year,46.42,579.4,16,Bank Transfer,3,No,,,,,,,,,,,,
CUST00312,73,Male,Monthly,76.35,2116.28,43,Bank Transfer,1,No,,,,,,,,,,,,
CUST00313,76,Female,Monthly,86.99,561.59,7,Debit Card,5,Yes,,,,,,,,,,,,
CUST00314,34,Female,One Year,66.87,3750.54,43,Direct Debit,1,No,,,,,,,,,,,,
CUST00315,80,Female,Monthly,51.32,1742.07,28,Credit Card,3,No,,,,,,,,,,,,
CUST00316,55,Male,Monthly,40.48,3297.41,66,Direct Debit,3,No,,,,,,,,,,,,
CUST00317,41,Male,Monthly,95.56,2476.1,60,Direct Debit,0,No,,,,,,,,,,,,
CUST00318,22,Female,One Year,61.5,292.99,3,Direct Debit,3,Yes,,,,,,,,,,,,
CUST00319,69,Female,Monthly,39.44,64.93,1,Debit Card,2,No,,,,,,,,,,,,
CUST00320,51,Male,Monthly,68.38,1199.05,31,Credit Card,0,No,,,,,,,,,,,,
CUST00321,23,Male,Monthly,64.77,4096.79,56,Debit Card,3,Yes,,,,,,,,,,,,
CUST00322,39,Male,One Year,86.85,2818.88,46,Credit Card,1,No,,,,,,,,,,,,
CUST00323,28,Female,Monthly,47.88,2579.04,32,Credit Card,3,No,,,,,,,,,,,,
CUST00324,80,Female,Monthly,94.26,817.26,18,Credit Card,1,No,,,,,,,,,,,,
CUST00325,65,Male,Monthly,95.74,6371.04,68,Debit Card,3,No,,,,,,,,,,,,
CUST00326,33,Female,Monthly,67.1,3524.03,35,Credit Card,1,No,,,,,,,,,,,,
CUST00327,50,Female,One Year,76.17,1457.82,23,Direct Debit,1,No,,,,,,,,,,,,
CUST00328,26,Female,One Year,87.84,997.84,13,Bank Transfer,2,No,,,,,,,,,,,,
CUST00329,77,Female,Monthly,59.55,1284.18,14,Credit Card,3,No,,,,,,,,,,,,
CUST00330,76,Female,Monthly,32.14,2039.37,37,Direct Debit,2,No,,,,,,,,,,,,
CUST00331,23,Male,Two Year,57.62,148.91,5,Direct Debit,3,No,,,,,,,,,,,,
CUST00332,33,Female,Monthly,34.9,1265.73,22,Credit Card,3,No,,,,,,,,,,,,
CUST00333,46,Male,Monthly,78.2,927.58,28,Credit Card,1,No,,,,,,,,,,,,
CUST00334,20,Male,Monthly,101.58,310.33,4,Debit Card,3,No,,,,,,,,,,,,
CUST00335,37,Male,Monthly,54.41,4708.38,50,Direct Debit,3,Yes,,,,,,,,,,,,
CUST00336,77,Male,Monthly,57.31,1698.28,29,Credit Card,2,No,,,,,,,,,,,,
CUST00337,76,Male,One Year,65.36,2172.78,37,Direct Debit,1,No,,,,,,,,,,,,
CUST00338,53,Male,Monthly,110.81,2355.93,35,Direct Debit,1,No,,,,,,,,,,,,
CUST00339,36,Female,Monthly,60.81,2219.65,20,Bank Transfer,2,Yes,,,,,,,,,,,,
CUST00340,43,Male,Monthly,91.13,2238.99,35,Debit Card,2,No,,,,,,,,,,,,
CUST00341,20,Female,Monthly,72.47,191.98,2,Debit Card,4,Yes,,,,,,,,,,,,
CUST00342,80,Male,Monthly,20,3973.99,58,Credit Card,1,No,,,,,,,,,,,,
CUST00343,36,Female,Monthly,59.57,375.46,18,Debit Card,0,No,,,,,,,,,,,,
CUST00344,37,Female,Monthly,67.4125,3371.51,56,Bank Transfer,0,No,,,,,,,,,,,,
CUST00345,49,Male,One Year,54.04,5521,64,Direct Debit,1,No,,,,,,,,,,,,
CUST00346,24,Female,One Year,81.44,2998.33,52,Direct Debit,1,No,,,,,,,,,,,,
CUST00347,69,Female,Monthly,105.31,1744.41,22,Credit Card,2,No,,,,,,,,,,,,
CUST00348,58,Female,Monthly,75.61,6390.29,60,Credit Card,2,No,,,,,,,,,,,,
CUST00349,50,Female,One Year,57.89,790.88,10,Direct Debit,5,No,,,,,,,,,,,,
CUST00350,57,Female,Monthly,84.77,374.39,6,Direct Debit,1,No,,,,,,,,,,,,
CUST00351,56,Female,Monthly,74.25,517.78,6,Credit Card,2,No,,,,,,,,,,,,
CUST00352,35,Male,One Year,81.01,2152.59,28,Direct Debit,1,No,,,,,,,,,,,,
CUST00353,57,Male,Two Year,66.79,3590.97,42,Debit Card,2,No,,,,,,,,,,,,
CUST00354,18,Female,Monthly,52.97,2848.49,41,Debit Card,1,No,,,,,,,,,,,,
CUST00355,28,Male,Monthly,67.4125,3573.29,63,Bank Transfer,2,No,,,,,,,,,,,,
CUST00356,45,Female,Two Year,82.83,1510.45,22,Direct Debit,1,No,,,,,,,,,,,,
CUST00357,74,Male,Monthly,50.23,2558.8,29,Credit Card,3,No,,,,,,,,,,,,
CUST00358,42,Female,Two Year,40.24,3399.2,71,Direct Debit,0,No,,,,,,,,,,,,
CUST00359,67,Female,Monthly,60.61,1382.42,34,Bank Transfer,2,No,,,,,,,,,,,,
CUST00360,40,Male,Monthly,46.62,121.66,2,Bank Transfer,4,No,,,,,,,,,,,,
CUST00361,48,Male,Monthly,55.72,1276.38,26,Bank Transfer,0,No,,,,,,,,,,,,
CUST00362,47,Female,Two Year,77.25,1041.5,19,Credit Card,3,Yes,,,,,,,,,,,,
CUST00363,59,Female,Two Year,30.26,1456.79,20,Credit Card,1,No,,,,,,,,,,,,
CUST00364,52,Male,Monthly,70.16,1031.62,33,Bank Transfer,3,No,,,,,,,,,,,,
CUST00365,24,Male,One Year,74.84,285.43,4,Bank Transfer,4,No,,,,,,,,,,,,
CUST00366,77,Female,One Year,45.92,2520.21,32,Credit Card,2,No,,,,,,,,,,,,
CUST00367,33,Female,One Year,67.86,908.58,19,Debit Card,0,No,,,,,,,,,,,,
CUST00368,43,Male,Two Year,94.4,216.44,3,Direct Debit,4,No,,,,,,,,,,,,
CUST00369,65,Male,Monthly,80.1,6070.84,61,Bank Transfer,5,No,,,,,,,,,,,,
CUST00370,74,Male,Monthly,103.34,3134.4,38,Bank Transfer,2,No,,,,,,,,,,,,
CUST00371,69,Male,Two Year,64.26,616.64,6,Direct Debit,2,No,,,,,,,,,,,,
CUST00372,77,Male,Two Year,91.11,3322.4,56,Credit Card,1,No,,,,,,,,,,,,
CUST00373,66,Female,Monthly,109.35,3532.21,40,Debit Card,2,Yes,,,,,,,,,,,,
CUST00374,19,Male,Monthly,69.81,7819.82,69,Credit Card,3,No,,,,,,,,,,,,
CUST00375,18,Female,Two Year,106.06,2725.37,42,Bank Transfer,0,No,,,,,,,,,,,,
CUST00376,65,Male,Monthly,75.83,220.83,2,Bank Transfer,2,No,,,,,,,,,,,,
CUST00377,79,Female,One Year,98.33,2128.81,28,Credit Card,1,No,,,,,,,,,,,,
CUST00378,29,Female,Monthly,37.5,1769.98,17,Credit Card,1,Yes,,,,,,,,,,,,
CUST00379,22,Male,Two Year,71.68,2692.12,70,Credit Card,2,No,,,,,,,,,,,,
CUST00380,54,Female,Monthly,119.61,5182.09,69,Bank Transfer,2,No,,,,,,,,,,,,
CUST00381,49,Male,Monthly,35.15,4419.61,39,Credit Card,0,No,,,,,,,,,,,,
CUST00382,76,Female,Monthly,46.95,233.17,7,Credit Card,1,No,,,,,,,,,,,,
CUST00383,72,Female,Two Year,107.55,1432.95,32,Direct Debit,0,No,,,,,,,,,,,,
CUST00384,26,Male,One Year,63.5,418.73,4,Credit Card,6,No,,,,,,,,,,,,
CUST00385,58,Male,One Year,68.18,1419.79,21,Debit Card,0,No,,,,,,,,,,,,
CUST00386,52,Male,Monthly,78.87,2277.52,32,Direct Debit,0,No,,,,,,,,,,,,
CUST00387,36,Female,Two Year,91.07,1080.27,14,Direct Debit,2,No,,,,,,,,,,,,
CUST00388,65,Male,One Year,57.01,6801.74,70,Credit Card,1,No,,,,,,,,,,,,
CUST00389,33,Male,One Year,26.93,2739.5,46,Bank Transfer,0,No,,,,,,,,,,,,
CUST00390,20,Male,Two Year,51.06,552.05,20,Bank Transfer,1,No,,,,,,,,,,,,
CUST00391,37,Male,Monthly,53.58,2931.42,58,Direct Debit,1,No,,,,,,,,,,,,
CUST00392,41,Female,One Year,38.8,2634.25,48,Bank Transfer,1,No,,,,,,,,,,,,
CUST00393,71,Male,Two Year,49.18,275.65,7,Bank Transfer,1,No,,,,,,,,,,,,
CUST00394,73,Female,One Year,65.43,2055.92,40,Direct Debit,2,No,,,,,,,,,,,,
CUST00395,50,Male,One Year,52.83,3690.87,59,Credit Card,2,No,,,,,,,,,,,,
CUST00396,41,Male,Monthly,101.51,2019.21,36,Bank Transfer,0,Yes,,,,,,,,,,,,
CUST00397,69,Female,One Year,61.07,4532.09,44,Debit Card,1,No,,,,,,,,,,,,
CUST00398,28,Female,Monthly,40.48,1986.09,31,Direct Debit,0,No,,,,,,,,,,,,
CUST00399,66,Female,Monthly,83.48,1658.62,42,Direct Debit,0,No,,,,,,,,,,,,
CUST00400,25,Male,Two Year,120,3609.6,44,Credit Card,1,No,,,,,,,,,,,,
CUST00401,53,Male,Monthly,63.9,5521.03,43,Debit Card,6,No,,,,,,,,,,,,
CUST00402,55,Female,Monthly,70.73,2801.32,43,Credit Card,1,No,,,,,,,,,,,,
CUST00403,57,Male,One Year,95.67,3227.37,47,Credit Card,0,No,,,,,,,,,,,,
CUST00404,37,Male,Monthly,64.16,535.64,6,Debit Card,3,Yes,,,,,,,,,,,,
CUST00405,79,Female,Monthly,67.4125,4190.08,66,Bank Transfer,1,No,,,,,,,,,,,,
CUST00406,52,Female,Monthly,38.91,1024.77,9,Bank Transfer,4,No,,,,,,,,,,,,
CUST00407,65,Female,Monthly,69.33,410.99,11,Bank Transfer,2,No,,,,,,,,,,,,
CUST00408,79,Female,Monthly,53.55,1319.88,18,Credit Card,0,No,,,,,,,,,,,,
CUST00409,42,Female,Monthly,47.72,1266.27,25,Unknown,2,Yes,,,,,,,,,,,,
CUST00410,52,Male,Monthly,54.07,2603.88,58,Direct Debit,2,No,,,,,,,,,,,,
CUST00411,42,Male,Monthly,80.31,1649.53,30,Debit Card,1,No,,,,,,,,,,,,
CUST00412,46,Female,Monthly,78.92,84.22,1,Credit Card,2,No,,,,,,,,,,,,
CUST00413,35,Female,Two Year,85.07,5194.75,63,Credit Card,3,No,,,,,,,,,,,,
CUST00414,63,Male,Monthly,35.05,2484.24,29,Debit Card,6,Yes,,,,,,,,,,,,
CUST00415,35,Male,One Year,79.72,2364.63,66,Direct Debit,1,No,,,,,,,,,,,,
CUST00416,19,Male,Monthly,63.91,4061.7,53,Credit Card,2,No,,,,,,,,,,,,
CUST00417,71,Female,One Year,53.72,1224.24,19,Direct Debit,4,No,,,,,,,,,,,,
CUST00418,52,Male,One Year,65.03,3379.7,66,Direct Debit,3,No,,,,,,,,,,,,
CUST00419,33,Male,Monthly,104.96,3613.32,52,Debit Card,3,No,,,,,,,,,,,,
CUST00420,78,Female,Monthly,65.14,3346.46,31,Debit Card,2,No,,,,,,,,,,,,
CUST00421,58,Female,Monthly,80.68,3948.82,60,Bank Transfer,0,No,,,,,,,,,,,,
CUST00422,53,Male,One Year,90.9,5264.28,68,Direct Debit,1,No,,,,,,,,,,,,
CUST00423,50,Female,Monthly,77.41,2687.29,30,Credit Card,2,Yes,,,,,,,,,,,,
CUST00424,21,Female,Two Year,61.1,1051.45,13,Direct Debit,2,Yes,,,,,,,,,,,,
CUST00425,50,Male,Monthly,61.24,878.29,15,Bank Transfer,4,No,,,,,,,,,,,,
CUST00426,31,Male,Monthly,70.14,1152.07,20,Debit Card,0,No,,,,,,,,,,,,
CUST00427,38,Male,One Year,50.92,2311.25,34,Bank Transfer,0,No,,,,,,,,,,,,
CUST00428,65,Male,Two Year,52.57,1066.38,20,Debit Card,2,No,,,,,,,,,,,,
CUST00429,37,Female,Monthly,68.38,2789.62,50,Debit Card,4,Yes,,,,,,,,,,,,
CUST00430,73,Male,One Year,52.89,1820.96,27,Bank Transfer,1,No,,,,,,,,,,,,
CUST00431,25,Female,Monthly,55.32,1658.1,30,Credit Card,1,No,,,,,,,,,,,,
CUST00432,24,Male,One Year,58.27,3014.76,56,Credit Card,5,No,,,,,,,,,,,,
CUST00433,20,Male,One Year,49.35,3792.88,65,Credit Card,0,No,,,,,,,,,,,,
CUST00434,34,Female,Two Year,65.13,2505.88,55,Debit Card,0,No,,,,,,,,,,,,
CUST00435,50,Male,Monthly,62.38,1616.14,24,Debit Card,2,Yes,,,,,,,,,,,,
CUST00436,65,Male,Monthly,105.06,1614.07,25,Direct Debit,2,No,,,,,,,,,,,,
CUST00437,29,Male,One Year,106.92,5212,53,Credit Card,3,No,,,,,,,,,,,,
CUST00438,49,Male,Monthly,57.64,1149.55,11,Credit Card,2,No,,,,,,,,,,,,
CUST00439,68,Female,One Year,60.56,3449.3,60,Credit Card,2,No,,,,,,,,,,,,
CUST00440,39,Male,Monthly,66.87,2971.15,47,Credit Card,1,No,,,,,,,,,,,,
CUST00441,72,Female,Monthly,69.48,1758.31,25,Credit Card,0,No,,,,,,,,,,,,
CUST00442,39,Female,One Year,68.86,1797.91,25,Direct Debit,2,No,,,,,,,,,,,,
CUST00443,63,Male,Monthly,61.42,1117.4,17,Bank Transfer,2,No,,,,,,,,,,,,
CUST00444,47,Male,Two Year,81.31,720.1,12,Direct Debit,8,No,,,,,,,,,,,,
CUST00445,55,Female,One Year,48.15,4057.17,52,Credit Card,1,No,,,,,,,,,,,,
CUST00446,55,Female,One Year,58.97,541.28,11,Direct Debit,1,No,,,,,,,,,,,,
CUST00447,62,Male,Monthly,33.33,603.6,10,Bank Transfer,2,No,,,,,,,,,,,,
CUST00448,68,Female,Two Year,58.28,1844.99,60,Bank Transfer,2,No,,,,,,,,,,,,
CUST00449,71,Male,One Year,67.4125,3263.8,54,Debit Card,3,No,,,,,,,,,,,,
CUST00450,25,Female,Monthly,70.85,4203.47,63,Debit Card,0,Yes,,,,,,,,,,,,
CUST00451,44,Male,Monthly,95.01,1485.33,20,Direct Debit,2,No,,,,,,,,,,,,
CUST00452,44,Female,Monthly,43.82,500.35,5,Direct Debit,1,No,,,,,,,,,,,,
CUST00453,51,Female,Two Year,28.01,1881.99,41,Bank Transfer,3,No,,,,,,,,,,,,
CUST00454,38,Male,Two Year,62.91,1738.69,63,Credit Card,1,No,,,,,,,,,,,,
CUST00455,47,Male,Two Year,61.57,3437.45,56,Credit Card,0,No,,,,,,,,,,,,
CUST00456,50,Male,One Year,87.09,1949.79,32,Direct Debit,1,No,,,,,,,,,,,,
CUST00457,45,Female,Monthly,72.58,2361.68,27,Debit Card,1,No,,,,,,,,,,,,
CUST00458,64,Male,Monthly,95.85,4737.96,68,Direct Debit,0,Yes,,,,,,,,,,,,
CUST00459,50,Male,Monthly,66.06,4918.54,48,Debit Card,1,No,,,,,,,,,,,,
CUST00460,22,Female,Monthly,61.28,462.72,7,Direct Debit,1,No,,,,,,,,,,,,
CUST00461,77,Male,Monthly,76.84,2626.38,46,Credit Card,1,Yes,,,,,,,,,,,,
CUST00462,78,Female,Two Year,71.64,1493.15,18,Credit Card,1,No,,,,,,,,,,,,
CUST00463,65,Female,Two Year,55.28,2715.4,38,Debit Card,1,No,,,,,,,,,,,,
CUST00464,36,Male,Monthly,74.69,3850.18,65,Bank Transfer,2,No,,,,,,,,,,,,
CUST00465,21,Female,One Year,74.17,1247.44,17,Debit Card,1,No,,,,,,,,,,,,
CUST00466,52,Male,One Year,70.01,2694.34,38,Direct Debit,0,No,,,,,,,,,,,,
CUST00467,66,Male,Monthly,86.84,4577.8,63,Debit Card,0,No,,,,,,,,,,,,
CUST00468,34,Female,One Year,99.97,3607.89,42,Direct Debit,2,No,,,,,,,,,,,,
CUST00469,61,Female,Monthly,49.4,848.57,8,Credit Card,7,Yes,,,,,,,,,,,,
CUST00470,45,Male,Two Year,74.87,1473.58,30,Credit Card,1,No,,,,,,,,,,,,
CUST00471,47,Female,One Year,66.51,4667.74,64,Direct Debit,2,No,,,,,,,,,,,,
CUST00472,46,Male,One Year,61.92,643.29,9,Bank Transfer,2,No,,,,,,,,,,,,
CUST00473,63,Male,Monthly,68.81,3716.01,57,Bank Transfer,4,No,,,,,,,,,,,,
CUST00474,70,Female,Monthly,33.58,3868.56,59,Credit Card,1,No,,,,,,,,,,,,
CUST00475,23,Male,Monthly,86.88,2245.85,67,Direct Debit,1,No,,,,,,,,,,,,
CUST00476,52,Male,One Year,78.36,407.52,5,Direct Debit,2,Yes,,,,,,,,,,,,
CUST00477,77,Female,Two Year,32.21,293.77,4,Direct Debit,4,Yes,,,,,,,,,,,,
CUST00478,49,Female,Monthly,61.73,272.25,8,Direct Debit,0,No,,,,,,,,,,,,
CUST00479,54,Male,One Year,76.53,2771.79,42,Bank Transfer,4,No,,,,,,,,,,,,
CUST00480,41,Female,Monthly,87.15,2780.91,35,Debit Card,8,No,,,,,,,,,,,,
CUST00481,46,Female,Monthly,60.79,1221.63,13,Debit Card,1,No,,,,,,,,,,,,
CUST00482,66,Female,One Year,60.96,281.84,5,Direct Debit,1,No,,,,,,,,,,,,
CUST00483,63,Female,One Year,78.6,2372.66,40,Direct Debit,1,No,,,,,,,,,,,,
CUST00484,70,Male,Monthly,56.53,1405.5,19,Bank Transfer,1,No,,,,,,,,,,,,
CUST00485,48,Male,Monthly,103.62,236.32,4,Credit Card,0,No,,,,,,,,,,,,
CUST00486,52,Male,Monthly,73.67,6495.47,59,Direct Debit,0,Yes,,,,,,,,,,,,
CUST00487,77,Female,Monthly,65.13,1314.84,18,Bank Transfer,3,No,,,,,,,,,,,,
CUST00488,50,Female,Two Year,93.16,1645.45,24,Credit Card,2,No,,,,,,,,,,,,
CUST00489,69,Female,One Year,71.27,3048.59,31,Debit Card,0,No,,,,,,,,,,,,
CUST00490,80,Female,Monthly,98.8,3895.36,58,Direct Debit,3,No,,,,,,,,,,,,
CUST00491,78,Male,Monthly,28.56,2711.95,28,Debit Card,1,No,,,,,,,,,,,,
CUST00492,38,Male,Two Year,88.28,244.21,9,Credit Card,1,No,,,,,,,,,,,,
CUST00493,49,Male,One Year,85.42,4080.69,45,Credit Card,1,No,,,,,,,,,,,,
CUST00494,40,Male,One Year,29.18,4110.13,49,Credit Card,1,No,,,,,,,,,,,,
CUST00495,50,Male,Monthly,53.28,59.93,2,Credit Card,1,Yes,,,,,,,,,,,,
CUST00496,20,Male,Two Year,77.62,338.91,6,Direct Debit,1,Yes,,,,,,,,,,,,
CUST00497,35,Female,Monthly,81.06,2219.56,29,Credit Card,1,No,,,,,,,,,,,,
CUST00498,42,Female,One Year,87.91,2266.7,26,Direct Debit,3,No,,,,,,,,,,,,
CUST00499,59,Female,Two Year,40.22,2425.49,28,Credit Card,3,No,,,,,,,,,,,,
CUST00500,48,Female,Monthly,72.9,268.64,7,Direct Debit,2,Yes,,,,,,,,,,,,
CUST00501,71,Male,Monthly,52.7,2490.21,34,Credit Card,1,No,,,,,,,,,,,,
CUST00502,75,Female,Monthly,54.57,2903.53,56,Bank Transfer,1,No,,,,,,,,,,,,
CUST00503,20,Female,Monthly,86.62,512.96,10,Credit Card,3,No,,,,,,,,,,,,
CUST00504,57,Female,Monthly,45.98,4560.67,57,Debit Card,2,No,,,,,,,,,,,,
CUST00505,63,Male,Two Year,69.86,2245.43,47,Credit Card,1,No,,,,,,,,,,,,
CUST00506,41,Male,Monthly,57.22,2016.85,27,Bank Transfer,1,No,,,,,,,,,,,,
CUST00507,67,Male,One Year,81.26,2210.33,39,Debit Card,2,No,,,,,,,,,,,,
CUST00508,49,Female,Two Year,25.26,1663.41,22,Direct Debit,1,No,,,,,,,,,,,,
CUST00509,64,Female,Two Year,94.53,498.42,19,Credit Card,1,No,,,,,,,,,,,,
CUST00510,39,Female,Monthly,99.52,900.74,9,Credit Card,2,No,,,,,,,,,,,,
CUST00511,40,Male,Monthly,80.6,1837.53,19,Credit Card,3,No,,,,,,,,,,,,
CUST00512,19,Female,Monthly,76.29,154.03,2,Bank Transfer,5,No,,,,,,,,,,,,
CUST00513,80,Female,Monthly,24.13,4532.36,61,Credit Card,0,No,,,,,,,,,,,,
CUST00514,44,Male,One Year,83.55,1516.68,59,Credit Card,0,No,,,,,,,,,,,,
CUST00515,59,Male,Monthly,88.88,5771.73,70,Bank Transfer,5,No,,,,,,,,,,,,
CUST00516,19,Female,Monthly,67.4125,6466.13,71,Credit Card,1,No,,,,,,,,,,,,
CUST00517,43,Male,Monthly,51.38,4692.19,70,Direct Debit,1,No,,,,,,,,,,,,
CUST00518,34,Female,One Year,99.86,1636.27,33,Credit Card,1,No,,,,,,,,,,,,
CUST00519,57,Female,Monthly,52.92,6208.44,65,Bank Transfer,4,Yes,,,,,,,,,,,,
CUST00520,50,Female,Monthly,91.65,1230.42,25,Direct Debit,0,No,,,,,,,,,,,,
CUST00521,26,Female,Monthly,76.31,6026.07,70,Credit Card,3,No,,,,,,,,,,,,
CUST00522,60,Female,One Year,62.83,2108.17,28,Credit Card,3,No,,,,,,,,,,,,
CUST00523,71,Female,One Year,119.78,1141.44,18,Direct Debit,2,No,,,,,,,,,,,,
CUST00524,65,Male,Monthly,75.2,7319.05,63,Bank Transfer,4,No,,,,,,,,,,,,
CUST00525,56,Male,One Year,81.72,3637.34,49,Debit Card,2,No,,,,,,,,,,,,
CUST00526,46,Male,Monthly,80.92,5617.45,66,Bank Transfer,1,No,,,,,,,,,,,,
CUST00527,59,Female,Monthly,77.4,3105.87,40,Debit Card,2,No,,,,,,,,,,,,
CUST00528,72,Male,Monthly,67.97,4727.62,66,Direct Debit,0,No,,,,,,,,,,,,
CUST00529,43,Male,Monthly,80.49,261.31,4,Direct Debit,2,No,,,,,,,,,,,,
CUST00530,52,Male,One Year,73.08,2921.18,34,Bank Transfer,2,No,,,,,,,,,,,,
CUST00531,67,Female,Monthly,28.41,337.22,5,Direct Debit,1,No,,,,,,,,,,,,
CUST00532,42,Female,One Year,53.3,587.91,22,Bank Transfer,0,No,,,,,,,,,,,,
CUST00533,41,Female,Monthly,83.28,991.82,20,Bank Transfer,2,No,,,,,,,,,,,,
CUST00534,30,Female,Two Year,84.28,3837.08,47,Direct Debit,3,No,,,,,,,,,,,,
CUST00535,77,Female,One Year,45.74,2933.26,34,Credit Card,1,No,,,,,,,,,,,,
CUST00536,75,Female,One Year,53.09,2144.69,44,Credit Card,0,No,,,,,,,,,,,,
CUST00537,24,Female,One Year,50.16,333.53,6,Credit Card,1,No,,,,,,,,,,,,
CUST00538,74,Female,Two Year,90.52,2696.92,56,Direct Debit,0,No,,,,,,,,,,,,
CUST00539,53,Male,Two Year,40.03,2681.71,29,Bank Transfer,0,No,,,,,,,,,,,,
CUST00540,62,Female,Monthly,57.33,2177.21,53,Debit Card,1,No,,,,,,,,,,,,
CUST00541,37,Male,Monthly,70.24,53.57,1,Credit Card,1,No,,,,,,,,,,,,
CUST00542,18,Male,Monthly,40.12,4095.85,59,Credit Card,1,No,,,,,,,,,,,,
CUST00543,25,Female,Monthly,72.54,1867.6,48,Credit Card,1,No,,,,,,,,,,,,
CUST00544,63,Male,Monthly,48.52,479.92,7,Direct Debit,4,No,,,,,,,,,,,,
CUST00545,33,Male,Monthly,43.54,1443,32,Direct Debit,0,No,,,,,,,,,,,,
CUST00546,31,Female,Two Year,58.81,2455,61,Direct Debit,0,No,,,,,,,,,,,,
CUST00547,29,Male,Monthly,58.53,3544.57,57,Debit Card,3,No,,,,,,,,,,,,
CUST00548,68,Female,Two Year,58.47,2904.14,51,Bank Transfer,0,No,,,,,,,,,,,,
CUST00549,40,Female,Monthly,66.26,1109.7,19,Debit Card,1,Yes,,,,,,,,,,,,
CUST00550,32,Female,One Year,94.91,1729.38,27,Direct Debit,1,No,,,,,,,,,,,,
CUST00551,45,Female,Monthly,82.63,5659.66,63,Direct Debit,2,No,,,,,,,,,,,,
CUST00552,51,Female,One Year,98.97,4768.45,60,Unknown,1,No,,,,,,,,,,,,
CUST00553,19,Female,Monthly,68.7,5718.39,61,Bank Transfer,0,No,,,,,,,,,,,,
CUST00554,49,Female,Monthly,59.33,4363.61,61,Credit Card,3,No,,,,,,,,,,,,
CUST00555,40,Female,Two Year,75.91,2843.93,45,Bank Transfer,2,No,,,,,,,,,,,,
CUST00556,80,Female,Monthly,39.04,1577.4,21,Credit Card,1,No,,,,,,,,,,,,
CUST00557,39,Female,Monthly,91.84,1806.51,44,Credit Card,2,No,,,,,,,,,,,,
CUST00558,68,Male,Monthly,53.35,90.75,1,Credit Card,0,Yes,,,,,,,,,,,,
CUST00559,42,Male,Two Year,70.61,2327.41,44,Debit Card,2,No,,,,,,,,,,,,
CUST00560,75,Female,Monthly,75.29,4367.39,62,Bank Transfer,0,No,,,,,,,,,,,,
CUST00561,80,Male,One Year,56.25,4828.01,61,Debit Card,4,No,,,,,,,,,,,,
CUST00562,79,Male,Monthly,56.84,3008.85,50,Debit Card,0,No,,,,,,,,,,,,
CUST00563,78,Female,Monthly,68.5,2421.59,41,Credit Card,0,No,,,,,,,,,,,,
CUST00564,39,Male,Two Year,80.23,2400.99,33,Bank Transfer,2,No,,,,,,,,,,,,
CUST00565,75,Male,Monthly,112.26,984.75,12,Bank Transfer,5,No,,,,,,,,,,,,
CUST00566,75,Female,One Year,74.57,236.71,2,Credit Card,6,Yes,,,,,,,,,,,,
CUST00567,39,Female,Monthly,81.74,1580.21,21,Direct Debit,2,No,,,,,,,,,,,,
CUST00568,66,Male,Monthly,117.71,1194.29,14,Bank Transfer,3,No,,,,,,,,,,,,
CUST00569,69,Female,Monthly,72.62,4133.57,34,Debit Card,7,No,,,,,,,,,,,,
CUST00570,59,Female,One Year,72.56,4833.04,64,Bank Transfer,4,No,,,,,,,,,,,,
CUST00571,23,Male,One Year,20,1597.95,23,Bank Transfer,1,Yes,,,,,,,,,,,,
CUST00572,32,Male,One Year,63.57,944.6,50,Credit Card,1,No,,,,,,,,,,,,
CUST00573,71,Female,Monthly,74.83,911.77,14,Direct Debit,1,No,,,,,,,,,,,,
CUST00574,60,Female,Monthly,56.37,3432.76,46,Bank Transfer,1,No,,,,,,,,,,,,
CUST00575,77,Female,Monthly,69.72,293.79,5,Credit Card,2,No,,,,,,,,,,,,
CUST00576,54,Female,One Year,75.62,4341.26,66,Bank Transfer,3,No,,,,,,,,,,,,
CUST00577,50,Female,Two Year,87.47,1782.81,22,Bank Transfer,1,No,,,,,,,,,,,,
CUST00578,25,Male,Monthly,69.07,6322.79,70,Credit Card,2,No,,,,,,,,,,,,
CUST00579,70,Female,Monthly,40.45,127.6,2,Direct Debit,2,No,,,,,,,,,,,,
CUST00580,77,Male,Monthly,63.53,1187.41,29,Debit Card,0,No,,,,,,,,,,,,
CUST00581,61,Female,Two Year,57.4,3759.14,61,Credit Card,2,No,,,,,,,,,,,,
CUST00582,61,Female,One Year,53.5,3928.47,71,Bank Transfer,1,No,,,,,,,,,,,,
CUST00583,22,Male,Monthly,64.9,911.08,16,Bank Transfer,1,No,,,,,,,,,,,,
CUST00584,56,Female,Monthly,61.86,4376.86,64,Credit Card,1,No,,,,,,,,,,,,
CUST00585,21,Male,Monthly,59.54,798.08,14,Direct Debit,1,No,,,,,,,,,,,,
CUST00586,23,Male,One Year,56.71,2429.82,43,Direct Debit,3,No,,,,,,,,,,,,
CUST00587,62,Female,One Year,98.96,2524.18,43,Direct Debit,2,No,,,,,,,,,,,,
CUST00588,49,Male,Monthly,67.52,7313.12,70,Debit Card,1,No,,,,,,,,,,,,
CUST00589,69,Female,Two Year,75.51,3842.89,55,Direct Debit,0,No,,,,,,,,,,,,
CUST00590,47,Male,Monthly,79.26,2350.29,31,Direct Debit,0,No,,,,,,,,,,,,
CUST00591,64,Female,Monthly,37.86,3416.21,40,Direct Debit,3,No,,,,,,,,,,,,
CUST00592,52,Female,One Year,91.64,1070.84,27,Direct Debit,1,No,,,,,,,,,,,,
CUST00593,72,Female,Monthly,120,4740.83,52,Debit Card,3,No,,,,,,,,,,,,
CUST00594,57,Female,Two Year,51.95,851.22,7,Credit Card,4,No,,,,,,,,,,,,
CUST00595,69,Female,Monthly,55.91,2215.66,46,Debit Card,1,No,,,,,,,,,,,,
CUST00596,33,Male,Monthly,53.27,1982.22,33,Debit Card,0,No,,,,,,,,,,,,
CUST00597,30,Male,One Year,77.08,416.8,8,Direct Debit,3,No,,,,,,,,,,,,
CUST00598,67,Male,Monthly,68.88,395.36,5,Direct Debit,2,No,,,,,,,,,,,,
CUST00599,77,Male,Monthly,51.4,4313.92,61,Direct Debit,4,No,,,,,,,,,,,,
CUST00600,59,Female,Two Year,81.82,3438.45,72,Debit Card,0,No,,,,,,,,,,,,
CUST00601,47,Male,Monthly,77.31,4725.28,60,Credit Card,5,No,,,,,,,,,,,,
CUST00602,36,Female,Monthly,84.9,1901.81,24,Credit Card,2,No,,,,,,,,,,,,
CUST00603,34,Female,Two Year,74.29,633.49,7,Bank Transfer,1,No,,,,,,,,,,,,
CUST00604,73,Male,Monthly,70.93,4733.72,61,Direct Debit,1,No,,,,,,,,,,,,
CUST00605,80,Female,Monthly,55.87,2586.22,36,Direct Debit,0,No,,,,,,,,,,,,
CUST00606,36,Male,One Year,74.7,1443.92,27,Debit Card,0,No,,,,,,,,,,,,
CUST00607,45,Male,Monthly,41.65,2321.87,29,Direct Debit,4,No,,,,,,,,,,,,
CUST00608,75,Male,Two Year,93.1,820.16,20,Credit Card,1,No,,,,,,,,,,,,
CUST00609,72,Female,Monthly,77.42,6151.95,70,Bank Transfer,3,Yes,,,,,,,,,,,,
CUST00610,43,Female,One Year,74.92,214.48,3,Credit Card,2,No,,,,,,,,,,,,
CUST00611,54,Male,Monthly,61.85,3132.33,39,Credit Card,2,No,,,,,,,,,,,,
CUST00612,43,Male,Monthly,99.02,2907.01,45,Direct Debit,3,No,,,,,,,,,,,,
CUST00613,70,Female,One Year,60.74,6427.81,68,Direct Debit,3,No,,,,,,,,,,,,
CUST00614,79,Male,Monthly,47.75,1775.02,31,Credit Card,2,No,,,,,,,,,,,,
CUST00615,40,Female,One Year,65.57,1947.9,38,Credit Card,0,No,,,,,,,,,,,,
CUST00616,80,Female,Monthly,80.59,377.1,6,Credit Card,1,Yes,,,,,,,,,,,,
CUST00617,26,Male,One Year,97.86,640.79,8,Credit Card,0,No,,,,,,,,,,,,
CUST00618,29,Female,Monthly,87.46,2788.68,28,Bank Transfer,3,Yes,,,,,,,,,,,,
CUST00619,70,Female,One Year,37.46,1220.04,15,Bank Transfer,4,No,,,,,,,,,,,,
CUST00620,18,Female,One Year,70.33,292.22,8,Debit Card,2,No,,,,,,,,,,,,
CUST00621,75,Female,Monthly,61.88,4067.4,54,Credit Card,0,No,,,,,,,,,,,,
CUST00622,75,Male,Monthly,76.6,383.18,6,Credit Card,1,No,,,,,,,,,,,,
CUST00623,18,Male,Monthly,65.11,2174.41,29,Debit Card,0,No,,,,,,,,,,,,
CUST00624,64,Female,Monthly,80.8,2317.07,34,Direct Debit,1,No,,,,,,,,,,,,
CUST00625,51,Female,One Year,61.09,596.11,7,Direct Debit,1,No,,,,,,,,,,,,
CUST00626,49,Male,Monthly,45.82,2307.45,40,Credit Card,1,No,,,,,,,,,,,,
CUST00627,79,Female,Two Year,97.46,603.91,13,Debit Card,1,No,,,,,,,,,,,,
CUST00628,71,Male,Monthly,61.37,5913.7,62,Debit Card,3,Yes,,,,,,,,,,,,
CUST00629,65,Male,Two Year,87.54,3993.43,65,Credit Card,2,No,,,,,,,,,,,,
CUST00630,42,Female,Monthly,38.56,3571.37,41,Credit Card,0,No,,,,,,,,,,,,
CUST00631,57,Male,Two Year,51.79,1620.51,42,Direct Debit,4,No,,,,,,,,,,,,
CUST00632,62,Female,Monthly,45.9,3430.14,66,Direct Debit,3,No,,,,,,,,,,,,
CUST00633,70,Male,Monthly,44.17,470.1,11,Credit Card,0,No,,,,,,,,,,,,
CUST00634,18,Female,Two Year,55.86,2094.61,50,Debit Card,1,No,,,,,,,,,,,,
CUST00635,33,Male,Monthly,56.37,4008.07,71,Debit Card,3,No,,,,,,,,,,,,
CUST00636,78,Female,Monthly,64.77,2110.59,35,Credit Card,2,No,,,,,,,,,,,,
CUST00637,56,Female,One Year,46.76,1346.49,20,Bank Transfer,1,Yes,,,,,,,,,,,,
CUST00638,80,Male,One Year,53.7,1254.53,28,Bank Transfer,1,No,,,,,,,,,,,,
CUST00639,22,Female,Monthly,74.05,1942.94,37,Debit Card,0,No,,,,,,,,,,,,
CUST00640,39,Male,Monthly,104.27,216.3,3,Direct Debit,8,Yes,,,,,,,,,,,,
CUST00641,46,Male,One Year,80.89,6417.22,59,Bank Transfer,3,No,,,,,,,,,,,,
CUST00642,72,Female,Monthly,67.42,2349.04,27,Credit Card,2,Yes,,,,,,,,,,,,
CUST00643,20,Male,Two Year,58.85,2107.53,32,Debit Card,0,No,,,,,,,,,,,,
CUST00644,29,Female,One Year,25.28,2605.49,48,Credit Card,0,No,,,,,,,,,,,,
CUST00645,43,Female,One Year,65.41,1244.17,46,Bank Transfer,0,No,,,,,,,,,,,,
CUST00646,33,Female,Monthly,41.7,3198.83,47,Bank Transfer,1,No,,,,,,,,,,,,
CUST00647,68,Male,Two Year,90.91,1757.23,40,Direct Debit,1,No,,,,,,,,,,,,
CUST00648,54,Male,Monthly,92.14,260.02,3,Direct Debit,7,No,,,,,,,,,,,,
CUST00649,39,Male,Two Year,53.26,2734.33,29,Direct Debit,3,No,,,,,,,,,,,,
CUST00650,74,Female,Monthly,64.63,2956.97,58,Bank Transfer,2,No,,,,,,,,,,,,
CUST00651,46,Female,One Year,37.09,2978.99,50,Bank Transfer,2,No,,,,,,,,,,,,
CUST00652,31,Female,One Year,86.56,350.55,10,Direct Debit,2,No,,,,,,,,,,,,
CUST00653,45,Male,Monthly,93.82,5637.36,61,Credit Card,1,No,,,,,,,,,,,,
CUST00654,22,Male,Monthly,82.34,5462.34,61,Debit Card,2,No,,,,,,,,,,,,
CUST00655,64,Male,Monthly,77.44,1919.62,23,Credit Card,3,No,,,,,,,,,,,,
CUST00656,66,Male,Monthly,69.22,499.43,6,Bank Transfer,2,Yes,,,,,,,,,,,,
CUST00657,47,Male,Monthly,80.79,3871.24,60,Direct Debit,3,No,,,,,,,,,,,,
CUST00658,63,Male,Monthly,61.23,2288.8,27,Credit Card,3,No,,,,,,,,,,,,
CUST00659,79,Male,One Year,58.75,3420.22,55,Direct Debit,1,No,,,,,,,,,,,,
CUST00660,69,Male,One Year,93.94,1769.79,31,Debit Card,1,No,,,,,,,,,,,,
CUST00661,22,Male,Monthly,79.84,2756.99,30,Direct Debit,0,No,,,,,,,,,,,,
CUST00662,29,Male,One Year,48.99,4944.6,67,Bank Transfer,4,No,,,,,,,,,,,,
CUST00663,33,Male,Two Year,106,611.99,13,Direct Debit,2,No,,,,,,,,,,,,
CUST00664,43,Male,Monthly,55.98,6177.35,59,Credit Card,2,No,,,,,,,,,,,,
CUST00665,43,Female,Monthly,109.67,3127.83,54,Direct Debit,4,No,,,,,,,,,,,,
CUST00666,65,Male,Monthly,38.66,2220.08,21,Debit Card,2,No,,,,,,,,,,,,
CUST00667,38,Male,One Year,62.65,1683.74,43,Bank Transfer,1,No,,,,,,,,,,,,
CUST00668,56,Male,One Year,74.5,714.7,11,Credit Card,0,No,,,,,,,,,,,,
CUST00669,53,Male,One Year,77.21,5150.05,67,Direct Debit,1,No,,,,,,,,,,,,
CUST00670,50,Male,Monthly,66.36,2976.37,38,Direct Debit,4,No,,,,,,,,,,,,
CUST00671,79,Male,Two Year,95.56,1613.07,24,Direct Debit,1,No,,,,,,,,,,,,
CUST00672,47,Female,Monthly,79.3,5046.05,51,Bank Transfer,3,No,,,,,,,,,,,,
CUST00673,54,Male,Monthly,80.05,4709.99,61,Debit Card,3,No,,,,,,,,,,,,
CUST00674,40,Male,Monthly,59.37,3652.97,46,Debit Card,2,No,,,,,,,,,,,,
CUST00675,75,Female,Monthly,80.49,2743.32,43,Debit Card,4,No,,,,,,,,,,,,
CUST00676,27,Male,One Year,57.46,2231.86,27,Debit Card,1,No,,,,,,,,,,,,
CUST00677,71,Male,One Year,82.65,1729.29,30,Direct Debit,2,No,,,,,,,,,,,,
CUST00678,22,Female,Two Year,99.24,5272.19,63,Direct Debit,0,No,,,,,,,,,,,,
CUST00679,53,Female,Monthly,62.88,929.59,10,Direct Debit,6,Yes,,,,,,,,,,,,
CUST00680,51,Male,Two Year,76.68,191.42,3,Debit Card,4,No,,,,,,,,,,,,
CUST00681,69,Male,One Year,75.83,4848.51,60,Bank Transfer,0,No,,,,,,,,,,,,
CUST00682,48,Male,Monthly,58.69,2055.15,27,Bank Transfer,2,Yes,,,,,,,,,,,,
CUST00683,27,Male,Two Year,62.1,2504.52,45,Bank Transfer,1,No,,,,,,,,,,,,
CUST00684,75,Female,One Year,46.89,3818.3,62,Credit Card,1,No,,,,,,,,,,,,
CUST00685,36,Male,Monthly,49.27,1085.39,24,Direct Debit,1,No,,,,,,,,,,,,
CUST00686,75,Male,Two Year,67.13,2215.56,46,Credit Card,0,No,,,,,,,,,,,,
CUST00687,49,Female,One Year,92.3,2823.76,44,Debit Card,3,No,,,,,,,,,,,,
CUST00688,18,Female,One Year,69.26,5660.37,63,Direct Debit,3,No,,,,,,,,,,,,
CUST00689,73,Male,Two Year,91.61,291.3,4,Direct Debit,3,No,,,,,,,,,,,,
CUST00690,22,Female,Monthly,31,1526.2,16,Direct Debit,2,No,,,,,,,,,,,,
CUST00691,62,Male,One Year,91.06,1578.61,51,Credit Card,0,No,,,,,,,,,,,,
CUST00692,21,Female,One Year,82.54,4568.45,48,Debit Card,2,No,,,,,,,,,,,,
CUST00693,33,Male,Monthly,90.59,5773.33,65,Credit Card,1,No,,,,,,,,,,,,
CUST00694,41,Male,Monthly,25.54,6156.84,69,Direct Debit,0,No,,,,,,,,,,,,
CUST00695,33,Male,One Year,63.47,1237.56,45,Credit Card,1,No,,,,,,,,,,,,
CUST00696,72,Male,Monthly,42.73,182.67,3,Direct Debit,2,No,,,,,,,,,,,,
CUST00697,19,Male,One Year,76.26,779.24,17,Direct Debit,0,No,,,,,,,,,,,,
CUST00698,66,Female,Two Year,80.2,2986.15,37,Direct Debit,2,No,,,,,,,,,,,,
CUST00699,45,Female,Monthly,88.89,381.7,5,Credit Card,3,No,,,,,,,,,,,,
CUST00700,49,Male,Monthly,62.37,4077.46,47,Credit Card,1,No,,,,,,,,,,,,
CUST00701,44,Male,Monthly,81.01,2835.57,44,Direct Debit,0,No,,,,,,,,,,,,
CUST00702,37,Male,One Year,60.86,2541.43,33,Direct Debit,3,No,,,,,,,,,,,,
CUST00703,41,Female,Two Year,92.66,1296.61,21,Direct Debit,1,No,,,,,,,,,,,,
CUST00704,29,Female,Monthly,84.88,6242.79,67,Credit Card,4,No,,,,,,,,,,,,
CUST00705,67,Female,Monthly,50.84,5579.64,68,Direct Debit,1,No,,,,,,,,,,,,
CUST00706,52,Female,One Year,72.37,1574.96,32,Bank Transfer,1,No,,,,,,,,,,,,
CUST00707,77,Male,One Year,42.56,1741.41,24,Debit Card,3,No,,,,,,,,,,,,
CUST00708,50,Male,Monthly,89.13,1441.9,35,Bank Transfer,0,No,,,,,,,,,,,,
CUST00709,50,Female,One Year,84.95,1522.26,18,Bank Transfer,3,No,,,,,,,,,,,,
CUST00710,78,Female,Monthly,80.23,5940.59,67,Debit Card,3,Yes,,,,,,,,,,,,
CUST00711,68,Male,One Year,89.12,4389.1,54,Credit Card,3,No,,,,,,,,,,,,
CUST00712,60,Male,Monthly,74.87,2294,26,Debit Card,4,No,,,,,,,,,,,,
CUST00713,54,Female,Monthly,31.02,4263.1,60,Debit Card,3,No,,,,,,,,,,,,
CUST00714,29,Male,Two Year,88.05,2046.74,65,Debit Card,0,No,,,,,,,,,,,,
CUST00715,20,Male,Monthly,53.93,4582.95,51,Credit Card,4,No,,,,,,,,,,,,
CUST00716,18,Female,Monthly,44.86,3225.32,60,Direct Debit,1,No,,,,,,,,,,,,
CUST00717,50,Male,Two Year,80.64,2592.85,59,Direct Debit,0,No,,,,,,,,,,,,
CUST00718,57,Male,One Year,58.63,1451.43,17,Direct Debit,0,No,,,,,,,,,,,,
CUST00719,27,Female,Monthly,69.1,1271.58,21,Credit Card,0,No,,,,,,,,,,,,
CUST00720,60,Female,One Year,76.33,4523.16,67,Credit Card,3,No,,,,,,,,,,,,
CUST00721,61,Female,Two Year,78.98,2169.07,28,Direct Debit,2,Yes,,,,,,,,,,,,
CUST00722,46,Male,One Year,91.27,3327.07,44,Credit Card,2,No,,,,,,,,,,,,
CUST00723,30,Male,Monthly,53.2,5889.51,70,Bank Transfer,1,No,,,,,,,,,,,,
CUST00724,29,Female,One Year,59.07,3493.06,62,Credit Card,3,No,,,,,,,,,,,,
CUST00725,48,Female,One Year,68.92,2607.52,42,Debit Card,0,No,,,,,,,,,,,,
CUST00726,63,Male,Two Year,42.99,1550.06,22,Direct Debit,0,Yes,,,,,,,,,,,,
CUST00727,19,Female,Monthly,50.61,1714.99,38,Direct Debit,3,No,,,,,,,,,,,,
CUST00728,78,Male,One Year,53.4,740.38,14,Direct Debit,2,No,,,,,,,,,,,,
CUST00729,68,Male,Monthly,24.11,1468.43,26,Direct Debit,3,No,,,,,,,,,,,,
CUST00730,67,Male,One Year,50.58,1024.87,40,Bank Transfer,1,No,,,,,,,,,,,,
CUST00731,52,Male,Two Year,69.98,2870.64,54,Debit Card,2,No,,,,,,,,,,,,
CUST00732,40,Male,Monthly,72.66,960.94,13,Credit Card,0,No,,,,,,,,,,,,
CUST00733,34,Female,Monthly,55.69,1380.91,19,Bank Transfer,1,No,,,,,,,,,,,,
CUST00734,43,Female,One Year,46.82,2416.82,42,Credit Card,1,No,,,,,,,,,,,,
CUST00735,25,Female,One Year,67.65,1868.4,41,Direct Debit,0,No,,,,,,,,,,,,
CUST00736,46,Male,Monthly,54.73,3577.94,50,Bank Transfer,1,No,,,,,,,,,,,,
CUST00737,43,Male,One Year,20,173.61,3,Direct Debit,3,No,,,,,,,,,,,,
CUST00738,27,Male,Two Year,47.6,576.96,31,Bank Transfer,0,No,,,,,,,,,,,,
CUST00739,43,Male,One Year,72.85,696.52,15,Debit Card,1,No,,,,,,,,,,,,
CUST00740,79,Female,One Year,70.1,3727.1,54,Direct Debit,1,No,,,,,,,,,,,,
CUST00741,51,Female,Monthly,65.97,3498.8,53,Direct Debit,0,No,,,,,,,,,,,,
CUST00742,68,Female,Two Year,82.96,2928.23,45,Direct Debit,0,No,,,,,,,,,,,,
CUST00743,58,Male,Monthly,74.4,3215.86,38,Direct Debit,2,No,,,,,,,,,,,,
CUST00744,24,Male,Monthly,70.55,3626.99,50,Debit Card,0,No,,,,,,,,,,,,
CUST00745,21,Male,Monthly,58.41,1641.51,24,Direct Debit,3,No,,,,,,,,,,,,
CUST00746,75,Male,One Year,48.58,928.54,17,Debit Card,1,No,,,,,,,,,,,,
CUST00747,70,Female,Two Year,72.35,858.06,18,Direct Debit,3,No,,,,,,,,,,,,
CUST00748,67,Female,Monthly,45.37,3024.59,42,Direct Debit,1,No,,,,,,,,,,,,
CUST00749,62,Male,One Year,78.31,758.79,17,Credit Card,1,No,,,,,,,,,,,,
CUST00750,28,Female,One Year,46,1289.06,16,Direct Debit,2,No,,,,,,,,,,,,
CUST00751,46,Female,One Year,94.4,2310.92,52,Direct Debit,1,No,,,,,,,,,,,,
CUST00752,73,Male,One Year,69.3,3515.87,36,Bank Transfer,3,Yes,,,,,,,,,,,,
CUST00753,53,Female,Monthly,92.66,2868.22,39,Direct Debit,3,No,,,,,,,,,,,,
CUST00754,42,Male,Monthly,39.18,2350.32,25,Direct Debit,7,Yes,,,,,,,,,,,,
CUST00755,38,Male,Two Year,104.57,1616.25,42,Credit Card,2,No,,,,,,,,,,,,
CUST00756,78,Female,Monthly,49.76,2083.43,21,Direct Debit,2,No,,,,,,,,,,,,
CUST00757,74,Female,Monthly,64.32,3617.79,68,Bank Transfer,1,No,,,,,,,,,,,,
CUST00758,49,Male,One Year,34.03,3947.8,59,Direct Debit,0,No,,,,,,,,,,,,
CUST00759,27,Male,Two Year,65.87,979.48,30,Bank Transfer,2,No,,,,,,,,,,,,
CUST00760,54,Female,One Year,66.24,3544.71,57,Bank Transfer,3,No,,,,,,,,,,,,
CUST00761,26,Female,Monthly,24.05,2028.29,33,Direct Debit,1,No,,,,,,,,,,,,
CUST00762,41,Female,Monthly,68.25,1211.54,53,Bank Transfer,1,No,,,,,,,,,,,,
CUST00763,52,Male,One Year,81.46,1132.6,16,Debit Card,2,No,,,,,,,,,,,,
CUST00764,66,Female,Monthly,53.18,4074.27,49,Bank Transfer,2,No,,,,,,,,,,,,
CUST00765,52,Male,Monthly,65.32,285.79,5,Bank Transfer,1,No,,,,,,,,,,,,
CUST00766,65,Female,Monthly,60.97,3807.56,60,Debit Card,1,No,,,,,,,,,,,,
CUST00767,53,Male,One Year,102.56,4527.37,71,Credit Card,2,No,,,,,,,,,,,,
CUST00768,35,Female,Monthly,75.02,5298.25,55,Debit Card,2,No,,,,,,,,,,,,
CUST00769,66,Male,Monthly,59.62,2651.99,35,Debit Card,1,No,,,,,,,,,,,,
CUST00770,56,Male,Monthly,48.26,4091.92,69,Debit Card,1,No,,,,,,,,,,,,
CUST00771,49,Male,Monthly,35.58,2136.6,42,Bank Transfer,2,Yes,,,,,,,,,,,,
CUST00772,41,Male,Monthly,67.25,2534.21,69,Bank Transfer,2,No,,,,,,,,,,,,
CUST00773,40,Female,Monthly,69.04,1535.06,24,Credit Card,3,No,,,,,,,,,,,,
CUST00774,79,Female,One Year,46,5281.35,71,Credit Card,2,No,,,,,,,,,,,,
CUST00775,49,Female,Monthly,42.11,3434.86,71,Direct Debit,0,No,,,,,,,,,,,,
CUST00776,54,Male,Monthly,78.64,2262.18,55,Bank Transfer,0,No,,,,,,,,,,,,
CUST00777,29,Female,Monthly,90.61,1158.39,14,Debit Card,4,No,,,,,,,,,,,,
CUST00778,66,Female,Monthly,65.57,5347.88,55,Credit Card,3,No,,,,,,,,,,,,
CUST00779,72,Male,Monthly,79.41,1044.97,15,Debit Card,3,No,,,,,,,,,,,,
CUST00780,30,Male,Monthly,67.69,400.62,5,Direct Debit,2,No,,,,,,,,,,,,
CUST00781,40,Female,Monthly,112.84,274.1,4,Bank Transfer,3,Yes,,,,,,,,,,,,
CUST00782,42,Female,Two Year,68.69,3172.12,30,Credit Card,2,No,,,,,,,,,,,,
CUST00783,52,Female,Monthly,89.17,3445.26,53,Debit Card,1,No,,,,,,,,,,,,
CUST00784,58,Male,Two Year,81.41,2881.66,30,Direct Debit,3,No,,,,,,,,,,,,
CUST00785,47,Female,Monthly,58.61,5180.37,61,Bank Transfer,2,No,,,,,,,,,,,,
CUST00786,34,Male,Monthly,77.84,3845.39,71,Debit Card,3,No,,,,,,,,,,,,
CUST00787,66,Female,One Year,70.55,5333.38,68,Direct Debit,0,No,,,,,,,,,,,,
CUST00788,79,Female,Monthly,49.21,3784.2,55,Debit Card,0,No,,,,,,,,,,,,
CUST00789,37,Male,Monthly,63.83,3388.54,71,Direct Debit,0,No,,,,,,,,,,,,
CUST00790,65,Female,Two Year,61.25,2705.14,42,Credit Card,2,No,,,,,,,,,,,,
CUST00791,42,Male,Monthly,68.71,1725.14,29,Credit Card,0,No,,,,,,,,,,,,
CUST00792,39,Female,Monthly,67.85,2309.25,35,Bank Transfer,1,No,,,,,,,,,,,,
CUST00793,30,Male,Monthly,58.11,3267.13,45,Credit Card,3,No,,,,,,,,,,,,
CUST00794,76,Male,Two Year,41.47,1561.12,29,Credit Card,2,No,,,,,,,,,,,,
CUST00795,36,Male,Two Year,95.46,2873.25,70,Direct Debit,2,No,,,,,,,,,,,,
CUST00796,66,Male,Monthly,68.95,286.89,3,Credit Card,3,No,,,,,,,,,,,,
CUST00797,53,Male,Monthly,64.63,3892.39,57,Direct Debit,0,No,,,,,,,,,,,,
CUST00798,29,Female,Two Year,67.69,4372.9,66,Debit Card,2,No,,,,,,,,,,,,
CUST00799,78,Female,Monthly,62.54,1376.16,22,Direct Debit,3,No,,,,,,,,,,,,
CUST00800,58,Female,Monthly,68.52,1792.6,27,Direct Debit,4,Yes,,,,,,,,,,,,
CUST00801,36,Male,One Year,97.32,1507.49,22,Debit Card,0,No,,,,,,,,,,,,
CUST00802,29,Female,Monthly,32.88,4809.63,49,Bank Transfer,2,No,,,,,,,,,,,,
CUST00803,26,Male,One Year,38.14,784.42,24,Direct Debit,2,No,,,,,,,,,,,,
CUST00804,24,Female,Two Year,58.43,1020.64,27,Credit Card,0,No,,,,,,,,,,,,
CUST00805,45,Male,One Year,53.55,1998.04,36,Direct Debit,4,No,,,,,,,,,,,,
CUST00806,31,Female,Monthly,110.46,910.99,17,Direct Debit,1,No,,,,,,,,,,,,
CUST00807,48,Female,Monthly,64.24,6107.92,56,Credit Card,5,No,,,,,,,,,,,,
CUST00808,69,Female,Monthly,79.04,639.12,10,Direct Debit,0,No,,,,,,,,,,,,
CUST00809,36,Male,Monthly,65.82,3936.15,54,Credit Card,3,No,,,,,,,,,,,,
CUST00810,75,Male,Monthly,20.22,2353.45,38,Bank Transfer,1,No,,,,,,,,,,,,
CUST00811,64,Male,Monthly,61.27,84.29,4,Debit Card,0,No,,,,,,,,,,,,
CUST00812,33,Female,Monthly,47.84,3023.85,50,Debit Card,0,No,,,,,,,,,,,,
CUST00813,70,Female,Monthly,75.47,3031.66,61,Debit Card,1,No,,,,,,,,,,,,
CUST00814,22,Male,Monthly,59.38,1501.47,21,Credit Card,0,No,,,,,,,,,,,,
CUST00815,52,Female,One Year,48.88,2205.47,36,Direct Debit,1,No,,,,,,,,,,,,
CUST00816,29,Female,One Year,67.57,2172.61,46,Credit Card,1,No,,,,,,,,,,,,
CUST00817,42,Female,Monthly,57.64,4954.92,71,Debit Card,3,No,,,,,,,,,,,,
CUST00818,69,Male,One Year,86.97,2368.48,44,Credit Card,1,No,,,,,,,,,,,,
CUST00819,76,Male,One Year,80.87,5417.93,64,Credit Card,1,No,,,,,,,,,,,,
CUST00820,38,Male,Monthly,105.04,1367.01,18,Bank Transfer,1,Yes,,,,,,,,,,,,
CUST00821,53,Female,Monthly,85.69,1393.85,13,Credit Card,3,Yes,,,,,,,,,,,,
CUST00822,70,Male,Monthly,79.54,1094.83,13,Direct Debit,2,No,,,,,,,,,,,,
CUST00823,40,Male,Monthly,81.34,1853.05,25,Bank Transfer,0,No,,,,,,,,,,,,
CUST00824,33,Female,Monthly,77.13,408.42,5,Direct Debit,1,Yes,,,,,,,,,,,,
CUST00825,74,Female,Two Year,34.55,2779.41,39,Credit Card,2,Yes,,,,,,,,,,,,
CUST00826,56,Female,Monthly,76.21,1053.01,29,Direct Debit,1,Yes,,,,,,,,,,,,
CUST00827,62,Male,One Year,39.32,4648.64,57,Debit Card,3,No,,,,,,,,,,,,
CUST00828,70,Male,Monthly,32.46,1898.45,46,Credit Card,1,No,,,,,,,,,,,,
CUST00829,59,Female,Monthly,49.26,1148.56,33,Direct Debit,2,No,,,,,,,,,,,,
CUST00830,75,Male,Monthly,70.63,523.9,10,Direct Debit,2,No,,,,,,,,,,,,
CUST00831,56,Male,One Year,43.29,4355.4,58,Credit Card,3,No,,,,,,,,,,,,
CUST00832,31,Male,Monthly,80.32,1038.17,25,Direct Debit,0,No,,,,,,,,,,,,
CUST00833,48,Male,Monthly,95.21,2997.74,39,Direct Debit,2,No,,,,,,,,,,,,
CUST00834,75,Male,Two Year,62.69,1598.78,16,Debit Card,3,No,,,,,,,,,,,,
CUST00835,22,Female,Monthly,74.41,3756.22,60,Credit Card,1,No,,,,,,,,,,,,
CUST00836,52,Female,Monthly,55.7,2230.93,28,Debit Card,4,No,,,,,,,,,,,,
CUST00837,40,Female,Monthly,40.54,2606.58,44,Debit Card,0,No,,,,,,,,,,,,
CUST00838,46,Male,One Year,66.86,2499.24,58,Credit Card,0,No,,,,,,,,,,,,
CUST00839,60,Male,Monthly,53.56,2080,32,Debit Card,1,No,,,,,,,,,,,,
CUST00840,28,Male,Monthly,60.27,3176.09,63,Credit Card,1,No,,,,,,,,,,,,
CUST00841,35,Female,Monthly,56.34,2789.37,45,Debit Card,1,Yes,,,,,,,,,,,,
CUST00842,64,Male,Monthly,37.4,2957.63,53,Credit Card,1,No,,,,,,,,,,,,
CUST00843,29,Female,One Year,61.69,2439.8,61,Credit Card,0,No,,,,,,,,,,,,
CUST00844,26,Female,One Year,30.56,3259.14,50,Credit Card,1,Yes,,,,,,,,,,,,
CUST00845,27,Male,Monthly,81.61,881.73,27,Bank Transfer,2,No,,,,,,,,,,,,
CUST00846,75,Male,Monthly,37,2144.9,26,Debit Card,2,No,,,,,,,,,,,,
CUST00847,61,Female,Monthly,52.58,111.47,3,Direct Debit,1,No,,,,,,,,,,,,
CUST00848,34,Female,One Year,95.01,2164.5,39,Direct Debit,0,No,,,,,,,,,,,,
CUST00849,78,Male,Monthly,84.8,6187.4,65,Credit Card,2,Yes,,,,,,,,,,,,
CUST00850,55,Male,Monthly,59.92,3157.97,35,Credit Card,4,No,,,,,,,,,,,,
CUST00851,24,Female,Two Year,114.73,2939.19,53,Bank Transfer,1,No,,,,,,,,,,,,
CUST00852,63,Male,Monthly,62.12,5158.34,46,Credit Card,1,No,,,,,,,,,,,,
CUST00853,30,Male,Two Year,91.76,4450.46,68,Credit Card,2,No,,,,,,,,,,,,
CUST00854,57,Male,Monthly,58.17,1925.04,22,Credit Card,2,No,,,,,,,,,,,,
CUST00855,59,Female,Monthly,20,3433.78,60,Debit Card,1,No,,,,,,,,,,,,
CUST00856,26,Male,Monthly,75.65,110.59,6,Debit Card,2,No,,,,,,,,,,,,
CUST00857,67,Male,Monthly,78.83,3809,52,Direct Debit,1,No,,,,,,,,,,,,
CUST00858,44,Male,Monthly,79.74,2219.73,29,Debit Card,2,No,,,,,,,,,,,,
CUST00859,75,Female,Monthly,30.86,3556.4,43,Bank Transfer,2,No,,,,,,,,,,,,
CUST00860,19,Female,Two Year,120,1079.01,34,Debit Card,0,No,,,,,,,,,,,,
CUST00861,22,Female,Monthly,42.95,3687.24,31,Credit Card,3,No,,,,,,,,,,,,
CUST00862,46,Female,One Year,67.49,2047.93,46,Credit Card,1,No,,,,,,,,,,,,
CUST00863,54,Female,One Year,70.51,266.86,4,Direct Debit,4,No,,,,,,,,,,,,
CUST00864,55,Male,One Year,80.93,139.54,2,Credit Card,4,Yes,,,,,,,,,,,,
CUST00865,36,Male,One Year,55.21,414.07,5,Credit Card,3,No,,,,,,,,,,,,
CUST00866,25,Female,Monthly,81.46,2630.23,46,Credit Card,2,No,,,,,,,,,,,,
CUST00867,65,Male,Monthly,103.22,1633.65,19,Credit Card,2,Yes,,,,,,,,,,,,
CUST00868,62,Male,Monthly,59.48,4080.13,38,Credit Card,3,No,,,,,,,,,,,,
CUST00869,18,Female,Monthly,59.58,3604.95,59,Bank Transfer,1,No,,,,,,,,,,,,
CUST00870,39,Male,Monthly,51,4331.96,72,Credit Card,2,No,,,,,,,,,,,,
CUST00871,69,Male,Monthly,65.31,988.68,20,Debit Card,2,No,,,,,,,,,,,,
CUST00872,34,Female,Two Year,45,4271.31,68,Direct Debit,2,No,,,,,,,,,,,,
CUST00873,80,Female,Two Year,82.78,2515.98,53,Direct Debit,0,No,,,,,,,,,,,,
CUST00874,24,Male,Monthly,60.19,4711.23,55,Debit Card,1,No,,,,,,,,,,,,
CUST00875,42,Female,Monthly,66.06,2409.54,39,Bank Transfer,1,No,,,,,,,,,,,,
CUST00876,62,Female,Monthly,48.88,2286.4,36,Credit Card,0,No,,,,,,,,,,,,
CUST00877,21,Female,Monthly,113.41,3048.14,58,Direct Debit,1,No,,,,,,,,,,,,
CUST00878,53,Male,Monthly,61.94,1587.19,15,Bank Transfer,1,Yes,,,,,,,,,,,,
CUST00879,23,Male,Two Year,48.54,65.29,1,Bank Transfer,6,No,,,,,,,,,,,,
CUST00880,77,Female,Monthly,75.69,416.64,9,Bank Transfer,2,No,,,,,,,,,,,,
CUST00881,48,Female,Monthly,35.66,1710.86,23,Bank Transfer,0,No,,,,,,,,,,,,
CUST00882,36,Female,Monthly,49.48,1832.92,52,Bank Transfer,1,No,,,,,,,,,,,,
CUST00883,78,Male,Two Year,70.31,1319.97,26,Debit Card,2,No,,,,,,,,,,,,
CUST00884,61,Male,Two Year,76.7,4250.1,60,Debit Card,2,No,,,,,,,,,,,,
CUST00885,71,Female,One Year,88.45,1311.26,18,Direct Debit,1,No,,,,,,,,,,,,
CUST00886,56,Male,Monthly,96.01,4744.33,58,Debit Card,2,No,,,,,,,,,,,,
CUST00887,44,Female,Monthly,65.58,6457.54,65,Credit Card,2,No,,,,,,,,,,,,
CUST00888,27,Male,Monthly,87.77,4528.58,69,Bank Transfer,1,No,,,,,,,,,,,,
CUST00889,43,Male,Monthly,80.62,1201.61,14,Direct Debit,2,Yes,,,,,,,,,,,,
CUST00890,36,Female,One Year,87.42,3580.67,46,Credit Card,1,No,,,,,,,,,,,,
CUST00891,56,Female,Monthly,42.04,6343.76,69,Direct Debit,4,No,,,,,,,,,,,,
CUST00892,79,Male,Monthly,68.94,1408.89,32,Unknown,1,No,,,,,,,,,,,,
CUST00893,20,Male,One Year,65.05,3699.36,51,Bank Transfer,1,No,,,,,,,,,,,,
CUST00894,62,Female,Monthly,90.32,4286.72,69,Direct Debit,0,No,,,,,,,,,,,,
CUST00895,30,Male,One Year,73.25,1431.09,15,Direct Debit,3,No,,,,,,,,,,,,
CUST00896,67,Female,Monthly,62.04,4183.85,53,Direct Debit,2,No,,,,,,,,,,,,
CUST00897,45,Female,Monthly,65.48,4474.72,71,Credit Card,2,No,,,,,,,,,,,,
CUST00898,79,Male,Monthly,55.13,4190.77,69,Credit Card,2,No,,,,,,,,,,,,
CUST00899,75,Female,Two Year,72.75,853.71,15,Debit Card,2,No,,,,,,,,,,,,
CUST00900,37,Male,Monthly,76.44,2195.81,30,Direct Debit,2,Yes,,,,,,,,,,,,
CUST00901,45,Female,Monthly,64.97,1896.8,24,Direct Debit,2,No,,,,,,,,,,,,
CUST00902,25,Male,Monthly,60.18,2160.52,35,Credit Card,1,No,,,,,,,,,,,,
CUST00903,78,Female,One Year,43.65,4222.71,69,Credit Card,0,No,,,,,,,,,,,,
CUST00904,80,Male,Two Year,99.5,527.08,12,Direct Debit,1,No,,,,,,,,,,,,
CUST00905,58,Male,Monthly,65.04,4652.06,46,Bank Transfer,0,No,,,,,,,,,,,,
CUST00906,56,Female,Monthly,64.44,4651.29,69,Bank Transfer,0,No,,,,,,,,,,,,
CUST00907,18,Female,Two Year,72.07,2336.25,36,Direct Debit,0,No,,,,,,,,,,,,
CUST00908,20,Female,One Year,69.72,3360.73,48,Credit Card,0,No,,,,,,,,,,,,
CUST00909,30,Male,One Year,60.79,4528.49,67,Credit Card,3,No,,,,,,,,,,,,
CUST00910,45,Female,Monthly,83.59,3385.11,54,Direct Debit,3,No,,,,,,,,,,,,
CUST00911,79,Male,Monthly,95.07,3088.13,36,Credit Card,3,No,,,,,,,,,,,,
CUST00912,74,Male,One Year,85.24,4881.95,52,Credit Card,1,No,,,,,,,,,,,,
CUST00913,80,Female,Monthly,80.28,1831.34,22,Credit Card,2,No,,,,,,,,,,,,
CUST00914,77,Male,Monthly,84.02,3109.27,38,Debit Card,2,No,,,,,,,,,,,,
CUST00915,66,Female,Monthly,71.17,5052.68,62,Credit Card,0,No,,,,,,,,,,,,
CUST00916,42,Female,Monthly,56.88,4968.94,65,Direct Debit,0,No,,,,,,,,,,,,
CUST00917,73,Female,Two Year,99.54,173.27,3,Direct Debit,5,No,,,,,,,,,,,,
CUST00918,50,Female,Two Year,101.16,808.03,8,Credit Card,4,Yes,,,,,,,,,,,,
CUST00919,55,Female,Monthly,56.63,3715.68,39,Direct Debit,2,No,,,,,,,,,,,,
CUST00920,70,Male,One Year,86.59,1037.22,18,Credit Card,4,No,,,,,,,,,,,,
CUST00921,23,Female,One Year,71.83,251.25,3,Credit Card,3,No,,,,,,,,,,,,
CUST00922,75,Male,Two Year,68.4,1282.97,18,Bank Transfer,2,No,,,,,,,,,,,,
CUST00923,61,Male,One Year,92.01,68.82,1,Direct Debit,2,No,,,,,,,,,,,,
CUST00924,62,Female,Two Year,63.54,2383.82,26,Direct Debit,4,No,,,,,,,,,,,,
CUST00925,49,Female,Two Year,75.95,3467.64,52,Credit Card,0,No,,,,,,,,,,,,
CUST00926,62,Female,Monthly,76.43,852.99,12,Credit Card,0,Yes,,,,,,,,,,,,
CUST00927,78,Male,One Year,46.26,2749.75,38,Direct Debit,2,Yes,,,,,,,,,,,,
CUST00928,64,Female,Monthly,75.11,1792.57,41,Unknown,0,No,,,,,,,,,,,,
CUST00929,38,Male,Monthly,41.71,4182.63,53,Direct Debit,0,No,,,,,,,,,,,,
CUST00930,33,Female,Monthly,83.01,509.11,13,Credit Card,3,Yes,,,,,,,,,,,,
CUST00931,71,Female,Monthly,75.51,1160.53,13,Bank Transfer,1,No,,,,,,,,,,,,
CUST00932,38,Female,One Year,92.66,1461.21,18,Debit Card,2,No,,,,,,,,,,,,
CUST00933,28,Male,Monthly,75.12,1899.08,19,Debit Card,2,No,,,,,,,,,,,,
CUST00934,77,Male,Two Year,116.98,1536.82,19,Direct Debit,1,No,,,,,,,,,,,,
CUST00935,54,Male,One Year,37.16,7728.75,70,Credit Card,2,No,,,,,,,,,,,,
CUST00936,53,Female,One Year,69.97,1828.61,48,Debit Card,2,No,,,,,,,,,,,,
CUST00937,52,Female,Monthly,90.53,4888.14,71,Debit Card,1,No,,,,,,,,,,,,
CUST00938,36,Male,Monthly,92.45,6666.04,71,Credit Card,2,No,,,,,,,,,,,,
CUST00939,37,Female,Monthly,59.98,2549.63,28,Credit Card,1,Yes,,,,,,,,,,,,
CUST00940,74,Female,Monthly,84.22,1118.33,19,Credit Card,3,No,,,,,,,,,,,,
CUST00941,35,Female,Two Year,36.68,4303.84,48,Credit Card,2,No,,,,,,,,,,,,
CUST00942,64,Female,One Year,54.55,1062.79,29,Direct Debit,1,No,,,,,,,,,,,,
CUST00943,58,Female,Monthly,74.28,2718.85,48,Debit Card,2,No,,,,,,,,,,,,
CUST00944,66,Male,One Year,74.9,1445.17,19,Bank Transfer,1,No,,,,,,,,,,,,
CUST00945,31,Male,Monthly,94.44,3609.13,47,Direct Debit,2,No,,,,,,,,,,,,
CUST00946,32,Male,Monthly,82.99,5529.61,60,Bank Transfer,3,No,,,,,,,,,,,,
CUST00947,48,Female,One Year,59.9,3825.74,48,Bank Transfer,1,No,,,,,,,,,,,,
CUST00948,18,Female,Monthly,91.42,1271.88,20,Debit Card,1,No,,,,,,,,,,,,
CUST00949,70,Female,One Year,77.32,1604.86,19,Debit Card,3,Yes,,,,,,,,,,,,
CUST00950,71,Male,One Year,82.85,3077.5,42,Credit Card,3,No,,,,,,,,,,,,
CUST00951,71,Male,One Year,84.79,3821.13,49,Direct Debit,4,No,,,,,,,,,,,,
CUST00952,20,Male,Monthly,64.55,1363.3,15,Direct Debit,4,Yes,,,,,,,,,,,,
CUST00953,33,Male,Monthly,89.53,3566.27,60,Bank Transfer,1,No,,,,,,,,,,,,
CUST00954,40,Female,Monthly,69.31,5608.81,68,Debit Card,4,Yes,,,,,,,,,,,,
CUST00955,74,Female,Two Year,87.29,1789.55,27,Bank Transfer,1,No,,,,,,,,,,,,
CUST00956,28,Female,Monthly,98.99,4631.26,55,Debit Card,2,No,,,,,,,,,,,,
CUST00957,29,Female,Monthly,58.17,1499.06,15,Credit Card,2,No,,,,,,,,,,,,
CUST00958,27,Male,Two Year,86.01,3248.06,52,Debit Card,2,No,,,,,,,,,,,,
CUST00959,49,Male,One Year,53.55,2651.4,31,Direct Debit,2,No,,,,,,,,,,,,
CUST00960,33,Male,Two Year,50.72,362.18,7,Bank Transfer,4,Yes,,,,,,,,,,,,
CUST00961,25,Female,Two Year,70.35,692.8,13,Credit Card,1,No,,,,,,,,,,,,
CUST00962,55,Female,Monthly,69,3729.48,54,Debit Card,0,No,,,,,,,,,,,,
CUST00963,29,Male,Monthly,79.08,845.58,13,Debit Card,2,No,,,,,,,,,,,,
CUST00964,41,Male,Monthly,47.45,1656.15,20,Direct Debit,3,No,,,,,,,,,,,,
CUST00965,45,Male,Monthly,77.51,436.72,10,Direct Debit,4,No,,,,,,,,,,,,
CUST00966,70,Male,One Year,66.07,3840.35,52,Debit Card,2,No,,,,,,,,,,,,
CUST00967,25,Male,Monthly,28.67,2497.45,37,Direct Debit,2,No,,,,,,,,,,,,
CUST00968,75,Male,One Year,78.01,1396.01,52,Direct Debit,1,No,,,,,,,,,,,,
CUST00969,45,Male,Monthly,98.68,2023.98,27,Direct Debit,4,No,,,,,,,,,,,,
CUST00970,53,Female,Monthly,86.2,3297.84,34,Debit Card,2,No,,,,,,,,,,,,
CUST00971,43,Female,One Year,68.98,5255.83,62,Debit Card,1,No,,,,,,,,,,,,
CUST00972,25,Male,Monthly,57.94,1187.17,16,Debit Card,1,No,,,,,,,,,,,,
CUST00973,75,Male,One Year,80.02,3514.48,59,Debit Card,0,No,,,,,,,,,,,,
CUST00974,77,Male,Two Year,57.55,1555.94,21,Direct Debit,2,Yes,,,,,,,,,,,,
CUST00975,67,Male,One Year,69.13,879.75,16,Credit Card,1,No,,,,,,,,,,,,
CUST00976,45,Male,Monthly,112.41,915.43,13,Direct Debit,4,Yes,,,,,,,,,,,,
CUST00977,45,Female,Two Year,100.19,3836.2,33,Bank Transfer,4,Yes,,,,,,,,,,,,
CUST00978,54,Female,Monthly,62.05,5306.9,54,Credit Card,3,No,,,,,,,,,,,,
CUST00979,58,Female,One Year,84.1,4525.71,69,Bank Transfer,2,No,,,,,,,,,,,,
CUST00980,53,Male,Monthly,101.83,2431.8,27,Credit Card,3,No,,,,,,,,,,,,
CUST00981,44,Female,Monthly,71.66,5391.8,52,Credit Card,1,No,,,,,,,,,,,,
CUST00982,71,Male,Two Year,49.94,4704.4,65,Direct Debit,2,No,,,,,,,,,,,,
CUST00983,80,Male,Monthly,67.33,2285.54,44,Bank Transfer,2,No,,,,,,,,,,,,
CUST00984,34,Female,Two Year,64.51,2111.05,30,Credit Card,2,Yes,,,,,,,,,,,,
CUST00985,26,Female,Monthly,57.13,1416.18,23,Direct Debit,2,No,,,,,,,,,,,,
CUST00986,50,Female,Two Year,48.87,911.68,16,Credit Card,3,No,,,,,,,,,,,,
CUST00987,70,Female,Two Year,47.6,2665.24,55,Debit Card,1,No,,,,,,,,,,,,
CUST00988,37,Female,Monthly,52.93,917.32,18,Credit Card,0,No,,,,,,,,,,,,
CUST00989,30,Female,One Year,80.27,843.92,17,Credit Card,0,No,,,,,,,,,,,,
CUST00990,45,Female,One Year,81.86,4470.21,52,Credit Card,0,No,,,,,,,,,,,,
CUST00991,65,Female,Two Year,112.74,3726.49,45,Direct Debit,0,No,,,,,,,,,,,,
CUST00992,46,Female,Monthly,54.7,6099.34,56,Direct Debit,0,No,,,,,,,,,,,,
CUST00993,30,Female,One Year,55.36,3128.35,54,Direct Debit,0,No,,,,,,,,,,,,
CUST00994,63,Female,Monthly,88.19,462.4,9,Bank Transfer,3,Yes,,,,,,,,,,,,
CUST00995,52,Male,Monthly,42.25,1455.8,17,Direct Debit,1,Yes,,,,,,,,,,,,
CUST00996,78,Female,Monthly,24.22,1186.84,27,Bank Transfer,0,No,,,,,,,,,,,,
CUST00997,23,Male,One Year,77.54,943.13,37,Debit Card,0,No,,,,,,,,,,,,
CUST00998,35,Male,Two Year,52.88,1615.13,22,Bank Transfer,1,No,,,,,,,,,,,,
CUST00999,68,Male,Monthly,50.33,4076.48,72,Direct Debit,1,No,,,,,,,,,,,,
CUST01000,22,Female,One Year,78.88,3131.33,67,Credit Card,1,No,,,,,,,,,,,,
CUST01001,64,Female,One Year,71.5,2965.57,38,Debit Card,3,No,,,,,,,,,,,,
CUST01002,42,Male,Monthly,54.52,4816.43,72,Debit Card,3,No,,,,,,,,,,,,
CUST01003,19,Male,Two Year,43.29,2244.47,44,Debit Card,1,No,,,,,,,,,,,,
CUST01004,27,Male,Monthly,60.77,1661.65,36,Bank Transfer,5,No,,,,,,,,,,,,
CUST01005,73,Female,Monthly,60.39,1617.45,25,Bank Transfer,1,Yes,,,,,,,,,,,,
CUST01006,47,Male,Monthly,54.12,2583.15,42,Credit Card,2,No,,,,,,,,,,,,
CUST01007,67,Male,Two Year,74.84,756.05,13,Debit Card,0,No,,,,,,,,,,,,
CUST01008,76,Male,Two Year,77.54,4185.04,56,Bank Transfer,1,No,,,,,,,,,,,,
CUST01009,62,Female,Monthly,64.74,4133.51,51,Bank Transfer,4,Yes,,,,,,,,,,,,
CUST01010,22,Male,Monthly,74.12,3028.42,50,Direct Debit,4,No,,,,,,,,,,,,
CUST01011,72,Female,Monthly,102.35,3789.87,52,Debit Card,2,No,,,,,,,,,,,,
CUST01012,73,Male,One Year,72.75,3385.71,33,Credit Card,1,No,,,,,,,,,,,,
CUST01013,50,Female,One Year,91.53,1899.69,25,Debit Card,2,No,,,,,,,,,,,,
CUST01014,71,Male,Two Year,52.48,5168.15,58,Credit Card,3,No,,,,,,,,,,,,
CUST01015,18,Male,One Year,56.67,2260.53,40,Credit Card,0,No,,,,,,,,,,,,
CUST01016,35,Male,Two Year,63.85,2234.37,38,Debit Card,1,No,,,,,,,,,,,,
CUST01017,49,Female,Monthly,78.89,192.56,3,Bank Transfer,3,No,,,,,,,,,,,,
CUST01018,64,Female,Monthly,75.83,1228.06,16,Debit Card,3,No,,,,,,,,,,,,
CUST01019,66,Female,One Year,80.22,155.11,2,Direct Debit,2,No,,,,,,,,,,,,
CUST01020,28,Female,Monthly,22.94,1896.15,23,Debit Card,5,Yes,,,,,,,,,,,,
CUST01021,38,Male,Monthly,52.2,707.93,30,Credit Card,0,No,,,,,,,,,,,,
CUST01022,43,Female,Monthly,77,529.2,10,Credit Card,1,Yes,,,,,,,,,,,,
CUST01023,80,Female,Monthly,102.23,4925.31,65,Direct Debit,2,No,,,,,,,,,,,,
CUST01024,42,Male,One Year,54.63,2363.01,22,Debit Card,3,No,,,,,,,,,,,,
CUST01025,39,Female,One Year,116.16,2730.89,52,Debit Card,2,No,,,,,,,,,,,,
CUST01026,76,Male,Monthly,38.31,6635.46,56,Credit Card,2,No,,,,,,,,,,,,
CUST01027,44,Male,One Year,75.95,1258.5,33,Direct Debit,2,No,,,,,,,,,,,,
CUST01028,66,Male,Monthly,61.05,2421.71,30,Bank Transfer,1,No,,,,,,,,,,,,
CUST01029,30,Male,One Year,60.36,1486.43,24,Debit Card,2,No,,,,,,,,,,,,
CUST01030,50,Female,Monthly,79.33,318.97,5,Bank Transfer,2,No,,,,,,,,,,,,
CUST01031,51,Male,Two Year,64.13,4509.44,53,Debit Card,3,No,,,,,,,,,,,,
CUST01032,58,Male,One Year,35.24,3316.66,55,Credit Card,1,No,,,,,,,,,,,,
CUST01033,52,Male,One Year,27.53,817.68,23,Direct Debit,1,No,,,,,,,,,,,,
CUST01034,80,Female,One Year,42.43,292.21,10,Direct Debit,2,No,,,,,,,,,,,,
CUST01035,18,Female,One Year,82.3,1483.55,33,Bank Transfer,0,No,,,,,,,,,,,,
CUST01036,38,Male,Monthly,61.97,4854.34,62,Credit Card,3,No,,,,,,,,,,,,
CUST01037,65,Male,One Year,92.05,1668.2,27,Credit Card,0,No,,,,,,,,,,,,
CUST01038,72,Male,Monthly,65.95,615.8,7,Direct Debit,2,No,,,,,,,,,,,,
CUST01039,23,Female,Monthly,75.57,1893.7,27,Debit Card,2,No,,,,,,,,,,,,
CUST01040,45,Female,Monthly,90.65,695.63,10,Direct Debit,6,Yes,,,,,,,,,,,,
CUST01041,34,Male,Two Year,65.11,4934.24,57,Bank Transfer,3,No,,,,,,,,,,,,
CUST01042,22,Male,Monthly,109.33,1924.87,30,Bank Transfer,2,Yes,,,,,,,,,,,,
CUST01043,48,Female,Monthly,73.44,313.36,3,Credit Card,3,No,,,,,,,,,,,,
CUST01044,22,Female,Two Year,46.64,2291.14,29,Credit Card,3,No,,,,,,,,,,,,
CUST01045,55,Male,One Year,44.64,626.22,14,Debit Card,2,Yes,,,,,,,,,,,,
CUST01046,20,Male,Monthly,33.45,1091.41,25,Direct Debit,3,No,,,,,,,,,,,,
CUST01047,70,Male,Two Year,70.49,317.06,10,Credit Card,0,No,,,,,,,,,,,,
CUST01048,40,Female,Monthly,32.85,3689.81,49,Bank Transfer,4,Yes,,,,,,,,,,,,
CUST01049,54,Female,One Year,101.63,1230.58,38,Bank Transfer,0,No,,,,,,,,,,,,
CUST01050,70,Female,One Year,115.23,6940.78,71,Debit Card,2,No,,,,,,,,,,,,
CUST01051,54,Female,Monthly,32.06,1547.69,14,Bank Transfer,4,Yes,,,,,,,,,,,,
CUST01052,27,Male,One Year,74.12,974.98,30,Bank Transfer,1,No,,,,,,,,,,,,
CUST01053,27,Female,Monthly,30.31,3191.38,40,Direct Debit,1,No,,,,,,,,,,,,
CUST01054,36,Female,Monthly,78.67,391.31,12,Debit Card,0,No,,,,,,,,,,,,
CUST01055,34,Male,One Year,88.52,1186.26,14,Direct Debit,3,No,,,,,,,,,,,,
CUST01056,38,Female,Monthly,60.25,86.91,1,Debit Card,4,No,,,,,,,,,,,,
CUST01057,31,Male,Two Year,75.03,4368.66,68,Bank Transfer,3,No,,,,,,,,,,,,
CUST01058,26,Male,Monthly,57.71,3643.76,49,Credit Card,2,No,,,,,,,,,,,,
CUST01059,63,Female,Monthly,64.53,1040.54,18,Debit Card,1,No,,,,,,,,,,,,
CUST01060,18,Female,One Year,85.43,2330.48,36,Credit Card,6,No,,,,,,,,,,,,
CUST01061,68,Female,Monthly,67.11,5085.75,64,Debit Card,2,No,,,,,,,,,,,,
CUST01062,62,Male,Monthly,93.75,1781.99,28,Credit Card,4,No,,,,,,,,,,,,
CUST01063,30,Female,Monthly,46.04,3185.33,32,Direct Debit,1,No,,,,,,,,,,,,
CUST01064,21,Female,Two Year,65.33,3525.1,72,Bank Transfer,0,No,,,,,,,,,,,,
CUST01065,79,Male,Monthly,27.36,1555.37,25,Direct Debit,1,No,,,,,,,,,,,,
CUST01066,18,Female,Monthly,117.49,1245.31,47,Debit Card,1,No,,,,,,,,,,,,
CUST01067,66,Female,Monthly,30.78,2473.8,20,Direct Debit,3,Yes,,,,,,,,,,,,
CUST01068,57,Male,Monthly,92.47,967.66,33,Direct Debit,1,No,,,,,,,,,,,,
CUST01069,49,Female,Monthly,69.84,2943.13,30,Debit Card,2,Yes,,,,,,,,,,,,
CUST01070,51,Male,Two Year,60.89,2717.7,37,Debit Card,2,No,,,,,,,,,,,,
CUST01071,45,Male,Two Year,52.35,3385.97,53,Bank Transfer,2,No,,,,,,,,,,,,
CUST01072,48,Male,Monthly,59.76,3838.56,69,Credit Card,2,No,,,,,,,,,,,,
CUST01073,25,Female,Monthly,53.72,507.68,8,Direct Debit,1,No,,,,,,,,,,,,
CUST01074,56,Male,Two Year,59.42,57.31,1,Debit Card,2,No,,,,,,,,,,,,
CUST01075,43,Female,Monthly,28.99,441.2,7,Debit Card,0,No,,,,,,,,,,,,
CUST01076,75,Male,Monthly,72.96,1828.13,62,Direct Debit,1,No,,,,,,,,,,,,
CUST01077,51,Female,Two Year,79.38,3999.94,58,Debit Card,2,No,,,,,,,,,,,,
CUST01078,71,Female,One Year,64.34,646.13,8,Credit Card,3,Yes,,,,,,,,,,,,
CUST01079,71,Female,Monthly,67.86,4409.11,64,Credit Card,6,No,,,,,,,,,,,,
CUST01080,20,Male,Monthly,83.09,583.5,8,Bank Transfer,3,No,,,,,,,,,,,,
CUST01081,76,Female,Monthly,43.47,258.38,3,Credit Card,4,No,,,,,,,,,,,,
CUST01082,67,Female,Monthly,31.84,2599.45,58,Direct Debit,1,No,,,,,,,,,,,,
CUST01083,29,Female,One Year,63.84,1090.35,32,Debit Card,1,No,,,,,,,,,,,,
CUST01084,18,Female,One Year,59.74,4196.15,68,Bank Transfer,2,No,,,,,,,,,,,,
CUST01085,71,Female,One Year,62.29,2763.79,49,Credit Card,0,No,,,,,,,,,,,,
CUST01086,61,Male,Monthly,80.94,2287.49,38,Credit Card,2,No,,,,,,,,,,,,
CUST01087,22,Female,Monthly,62.19,173.51,2,Bank Transfer,4,Yes,,,,,,,,,,,,
CUST01088,47,Female,Monthly,69.93,533.95,9,Credit Card,4,Yes,,,,,,,,,,,,
CUST01089,47,Male,Two Year,102.04,3075.11,46,Direct Debit,0,No,,,,,,,,,,,,
CUST01090,76,Male,One Year,113.45,6306.75,65,Credit Card,2,No,,,,,,,,,,,,
CUST01091,74,Male,Monthly,86.75,5545.53,49,Bank Transfer,1,No,,,,,,,,,,,,
CUST01092,34,Female,Monthly,20,2635.05,29,Bank Transfer,1,Yes,,,,,,,,,,,,
CUST01093,65,Female,One Year,84.38,569.04,29,Bank Transfer,1,No,,,,,,,,,,,,
CUST01094,80,Male,Monthly,102.05,2606.38,33,Direct Debit,1,No,,,,,,,,,,,,
CUST01095,64,Male,Monthly,75.09,2967.22,28,Debit Card,1,No,,,,,,,,,,,,
CUST01096,40,Male,Monthly,56.03,1986.65,26,Direct Debit,1,No,,,,,,,,,,,,
CUST01097,32,Male,Monthly,53.25,1619.45,29,Credit Card,1,No,,,,,,,,,,,,
CUST01098,54,Male,Two Year,89.24,629.25,11,Debit Card,3,No,,,,,,,,,,,,
CUST01099,38,Female,One Year,53.66,3019.8,34,Credit Card,1,No,,,,,,,,,,,,
CUST01100,31,Male,One Year,40.66,2671.51,48,Bank Transfer,1,No,,,,,,,,,,,,
CUST01101,19,Female,Two Year,47.09,1037.84,27,Bank Transfer,0,No,,,,,,,,,,,,
CUST01102,28,Female,Two Year,72.31,3345.2,72,Debit Card,2,No,,,,,,,,,,,,
CUST01103,68,Male,Monthly,66.1,2759.24,40,Direct Debit,4,No,,,,,,,,,,,,
CUST01104,56,Female,Monthly,38.28,1999.31,31,Direct Debit,3,Yes,,,,,,,,,,,,
CUST01105,55,Female,Monthly,63.03,2480.13,65,Direct Debit,0,No,,,,,,,,,,,,
CUST01106,77,Female,Monthly,103.24,2330.15,39,Credit Card,1,No,,,,,,,,,,,,
CUST01107,51,Male,One Year,65.24,2597.9,24,Debit Card,4,No,,,,,,,,,,,,
CUST01108,55,Male,Two Year,78.34,4348.31,68,Debit Card,0,No,,,,,,,,,,,,
CUST01109,67,Male,One Year,41.89,1916.15,23,Credit Card,0,Yes,,,,,,,,,,,,
CUST01110,51,Male,Monthly,82.8,2626.7,61,Debit Card,2,No,,,,,,,,,,,,
CUST01111,35,Male,Monthly,100.21,2119.92,27,Credit Card,2,Yes,,,,,,,,,,,,
CUST01112,47,Male,Monthly,66.71,1639.78,16,Direct Debit,0,Yes,,,,,,,,,,,,
CUST01113,32,Male,Two Year,45.83,2772.96,45,Direct Debit,1,No,,,,,,,,,,,,
CUST01114,44,Male,Monthly,83.96,1298.27,27,Direct Debit,0,No,,,,,,,,,,,,
CUST01115,68,Male,Monthly,87.98,451.65,5,Direct Debit,3,Yes,,,,,,,,,,,,
CUST01116,80,Male,Monthly,47.29,5338.45,59,Bank Transfer,1,No,,,,,,,,,,,,
CUST01117,51,Female,Two Year,87.58,3637.23,72,Credit Card,2,No,,,,,,,,,,,,
CUST01118,69,Male,One Year,71.47,2964.66,35,Direct Debit,1,No,,,,,,,,,,,,
CUST01119,74,Female,Two Year,25.65,4941.74,70,Credit Card,0,No,,,,,,,,,,,,
CUST01120,55,Male,One Year,58.49,1165.67,46,Credit Card,0,No,,,,,,,,,,,,
CUST01121,50,Female,Monthly,63.07,3072.12,56,Credit Card,4,No,,,,,,,,,,,,
CUST01122,41,Male,Monthly,68.21,1585.48,24,Credit Card,0,Yes,,,,,,,,,,,,
CUST01123,32,Female,Monthly,66.51,681.56,10,Direct Debit,3,Yes,,,,,,,,,,,,
CUST01124,77,Female,One Year,76.89,2523.51,38,Direct Debit,1,Yes,,,,,,,,,,,,
CUST01125,47,Male,Two Year,87.84,5527.38,70,Credit Card,5,No,,,,,,,,,,,,
CUST01126,72,Female,Monthly,103.01,3994.36,48,Credit Card,5,No,,,,,,,,,,,,
CUST01127,59,Female,Monthly,72.92,973.1,9,Credit Card,3,No,,,,,,,,,,,,
CUST01128,68,Male,One Year,98.98,3567.75,50,Bank Transfer,3,No,,,,,,,,,,,,
CUST01129,34,Female,Monthly,82.47,6370.28,69,Debit Card,2,No,,,,,,,,,,,,
CUST01130,22,Female,One Year,94.59,3762.42,48,Direct Debit,2,No,,,,,,,,,,,,
CUST01131,46,Male,Monthly,100.72,3543.13,39,Credit Card,2,No,,,,,,,,,,,,
CUST01132,21,Male,Monthly,62.34,477.65,5,Direct Debit,3,No,,,,,,,,,,,,
CUST01133,27,Female,Monthly,64.79,657.46,11,Credit Card,0,No,,,,,,,,,,,,
CUST01134,73,Female,One Year,27.45,4195.81,60,Debit Card,5,No,,,,,,,,,,,,
CUST01135,34,Female,Monthly,91.2,745.62,27,Credit Card,0,No,,,,,,,,,,,,
CUST01136,27,Female,Monthly,80.95,648.91,7,Bank Transfer,6,No,,,,,,,,,,,,
CUST01137,34,Male,Two Year,74.49,4597.46,60,Credit Card,2,No,,,,,,,,,,,,
CUST01138,77,Female,Monthly,85.53,3452.77,50,Direct Debit,1,No,,,,,,,,,,,,
CUST01139,37,Male,Monthly,86.18,5556.62,67,Credit Card,0,No,,,,,,,,,,,,
CUST01140,41,Male,One Year,69.23,6203.13,69,Bank Transfer,2,No,,,,,,,,,,,,
CUST01141,22,Female,Monthly,78.9,3843.46,55,Credit Card,0,No,,,,,,,,,,,,
CUST01142,51,Female,Monthly,59.62,1163.59,16,Debit Card,3,No,,,,,,,,,,,,
CUST01143,23,Male,Two Year,64.27,748.5,12,Credit Card,4,No,,,,,,,,,,,,
CUST01144,70,Female,One Year,50.11,1625.34,27,Direct Debit,2,No,,,,,,,,,,,,
CUST01145,19,Male,One Year,36.18,1637.86,33,Credit Card,0,No,,,,,,,,,,,,
CUST01146,30,Male,One Year,46.02,2148.92,55,Debit Card,3,No,,,,,,,,,,,,
CUST01147,79,Female,Monthly,69.32,2248.07,52,Debit Card,1,No,,,,,,,,,,,,
CUST01148,60,Male,Monthly,48.33,2694.12,37,Bank Transfer,4,No,,,,,,,,,,,,
CUST01149,60,Male,Monthly,43.11,759.66,15,Credit Card,2,Yes,,,,,,,,,,,,
CUST01150,65,Male,Two Year,52.77,2777.51,65,Direct Debit,2,No,,,,,,,,,,,,
CUST01151,28,Female,Monthly,65.52,3868.69,68,Debit Card,0,No,,,,,,,,,,,,
CUST01152,68,Male,Monthly,84.56,190.52,3,Debit Card,5,Yes,,,,,,,,,,,,
CUST01153,64,Male,Two Year,23.74,5908.87,72,Credit Card,3,No,,,,,,,,,,,,
CUST01154,74,Female,One Year,61.7,112.1,5,Debit Card,0,No,,,,,,,,,,,,
CUST01155,40,Female,Two Year,47.86,543.73,9,Debit Card,4,No,,,,,,,,,,,,
CUST01156,72,Male,One Year,68.48,46.3,1,Credit Card,0,Yes,,,,,,,,,,,,
CUST01157,33,Female,Monthly,48.72,2088.75,30,Credit Card,1,No,,,,,,,,,,,,
CUST01158,48,Male,Two Year,65.45,3204.93,71,Direct Debit,0,No,,,,,,,,,,,,
CUST01159,28,Female,Monthly,40.42,1269.26,20,Credit Card,1,No,,,,,,,,,,,,
CUST01160,71,Male,Monthly,72.61,1004.85,27,Credit Card,0,No,,,,,,,,,,,,
CUST01161,33,Male,One Year,65.25,4213.09,63,Bank Transfer,2,No,,,,,,,,,,,,
CUST01162,25,Male,One Year,62.89,2126.41,31,Credit Card,3,No,,,,,,,,,,,,
CUST01163,21,Male,Two Year,80.94,1242.67,19,Debit Card,0,No,,,,,,,,,,,,
CUST01164,57,Female,Two Year,31.61,5214.31,62,Bank Transfer,5,No,,,,,,,,,,,,
CUST01165,21,Male,Two Year,49.58,216.09,7,Credit Card,0,No,,,,,,,,,,,,
CUST01166,73,Male,Monthly,98.06,1892.94,37,Debit Card,3,No,,,,,,,,,,,,
CUST01167,42,Female,One Year,74.65,6691.05,71,Credit Card,0,No,,,,,,,,,,,,
CUST01168,20,Female,One Year,22.71,578.99,8,Debit Card,4,No,,,,,,,,,,,,
CUST01169,49,Male,Two Year,65.14,1307.41,57,Direct Debit,0,No,,,,,,,,,,,,
CUST01170,20,Male,Monthly,91.28,1882.17,28,Debit Card,1,No,,,,,,,,,,,,
CUST01171,44,Male,Monthly,102.71,1493.59,17,Bank Transfer,1,No,,,,,,,,,,,,
CUST01172,46,Male,Two Year,101.36,1162.22,11,Bank Transfer,1,No,,,,,,,,,,,,
CUST01173,49,Male,Monthly,56.99,1632.91,15,Direct Debit,1,No,,,,,,,,,,,,
CUST01174,67,Female,One Year,69.14,1708.01,30,Direct Debit,1,No,,,,,,,,,,,,
CUST01175,78,Female,Monthly,35.17,408.67,6,Credit Card,5,Yes,,,,,,,,,,,,
CUST01176,75,Male,Monthly,68.21,403.98,12,Debit Card,0,No,,,,,,,,,,,,
CUST01177,68,Male,One Year,73.63,4065.04,61,Direct Debit,2,No,,,,,,,,,,,,
CUST01178,36,Male,Monthly,82.8,2662.9,36,Bank Transfer,2,No,,,,,,,,,,,,
CUST01179,38,Male,One Year,24.82,3103.92,35,Credit Card,2,No,,,,,,,,,,,,
CUST01180,22,Male,Monthly,51.02,1599.28,67,Credit Card,0,No,,,,,,,,,,,,
CUST01181,35,Female,Monthly,65.49,3076.16,63,Debit Card,2,No,,,,,,,,,,,,
CUST01182,45,Female,Monthly,83.22,2812.65,40,Direct Debit,3,No,,,,,,,,,,,,
CUST01183,59,Female,One Year,63.63,2623.51,31,Bank Transfer,4,No,,,,,,,,,,,,
CUST01184,78,Female,Monthly,111.84,2442.93,37,Bank Transfer,2,No,,,,,,,,,,,,
CUST01185,39,Male,One Year,43.04,588.7,5,Debit Card,4,Yes,,,,,,,,,,,,
CUST01186,38,Female,One Year,54.05,160.64,4,Credit Card,2,No,,,,,,,,,,,,
CUST01187,23,Male,One Year,41.83,1401.89,26,Credit Card,2,No,,,,,,,,,,,,
CUST01188,18,Male,One Year,64.74,946.11,24,Debit Card,2,No,,,,,,,,,,,,
CUST01189,22,Female,Monthly,80.14,2575.08,39,Credit Card,2,No,,,,,,,,,,,,
CUST01190,58,Male,Monthly,67.83,4813.64,56,Credit Card,1,No,,,,,,,,,,,,
CUST01191,29,Female,One Year,52.63,3402.76,54,Credit Card,3,No,,,,,,,,,,,,
CUST01192,43,Male,Monthly,86.34,1927.66,38,Direct Debit,3,No,,,,,,,,,,,,
CUST01193,63,Female,Two Year,88.92,5035.11,54,Credit Card,5,No,,,,,,,,,,,,
CUST01194,51,Female,Two Year,57.05,1555.8,19,Debit Card,3,No,,,,,,,,,,,,
CUST01195,66,Female,Monthly,120,1397.76,26,Direct Debit,1,No,,,,,,,,,,,,
CUST01196,31,Female,One Year,38.8,5821.44,52,Credit Card,4,No,,,,,,,,,,,,
CUST01197,43,Male,Two Year,71.64,2466.8,61,Debit Card,2,No,,,,,,,,,,,,
CUST01198,62,Female,Monthly,65.75,4992.59,67,Direct Debit,1,No,,,,,,,,,,,,
CUST01199,44,Female,One Year,46.56,1510.74,22,Bank Transfer,2,No,,,,,,,,,,,,
CUST01200,26,Female,Monthly,73.89,826.33,17,Direct Debit,1,No,,,,,,,,,,,,
CUST01201,43,Female,Monthly,60.04,856.38,11,Debit Card,2,No,,,,,,,,,,,,
CUST01202,74,Female,Two Year,74.35,2443.79,39,Direct Debit,0,No,,,,,,,,,,,,
CUST01203,64,Female,One Year,66.43,4523.41,61,Credit Card,2,No,,,,,,,,,,,,
CUST01204,74,Female,One Year,76.7,3382.92,49,Direct Debit,1,No,,,,,,,,,,,,
CUST01205,39,Female,Two Year,78.01,4751.77,61,Direct Debit,0,No,,,,,,,,,,,,
CUST01206,64,Female,One Year,46.59,916.13,12,Bank Transfer,0,No,,,,,,,,,,,,
CUST01207,73,Male,One Year,59.08,638.29,13,Bank Transfer,0,No,,,,,,,,,,,,
CUST01208,47,Male,One Year,49.42,3584.56,58,Direct Debit,3,No,,,,,,,,,,,,
CUST01209,60,Male,One Year,100.09,515.22,11,Debit Card,2,No,,,,,,,,,,,,
CUST01210,80,Male,One Year,81.11,5918.34,64,Bank Transfer,2,No,,,,,,,,,,,,
CUST01211,65,Male,Two Year,73.25,2440.38,31,Direct Debit,3,No,,,,,,,,,,,,
CUST01212,78,Female,One Year,75.15,793.34,11,Credit Card,2,No,,,,,,,,,,,,
CUST01213,34,Male,One Year,67.61,3063.08,43,Unknown,2,No,,,,,,,,,,,,
CUST01214,43,Male,Monthly,68.47,2572.26,36,Direct Debit,0,No,,,,,,,,,,,,
CUST01215,53,Female,One Year,48.69,126.72,2,Direct Debit,1,Yes,,,,,,,,,,,,
CUST01216,18,Female,One Year,50.73,2962.31,61,Credit Card,1,No,,,,,,,,,,,,
CUST01217,25,Female,One Year,83.39,1696.39,36,Credit Card,0,No,,,,,,,,,,,,
CUST01218,66,Female,Monthly,39.81,4110.06,49,Direct Debit,1,No,,,,,,,,,,,,
CUST01219,52,Female,Two Year,57.58,1068.62,27,Credit Card,1,No,,,,,,,,,,,,
CUST01220,78,Male,Monthly,66.66,721.93,12,Bank Transfer,0,No,,,,,,,,,,,,
CUST01221,69,Female,Monthly,34.16,3983.61,58,Direct Debit,1,No,,,,,,,,,,,,
CUST01222,32,Female,One Year,85.97,216.24,6,Credit Card,2,No,,,,,,,,,,,,
CUST01223,64,Male,One Year,84.91,3809.52,44,Bank Transfer,3,No,,,,,,,,,,,,
CUST01224,80,Male,Monthly,74.97,4196.65,47,Credit Card,3,No,,,,,,,,,,,,
CUST01225,73,Female,One Year,61.91,1784.77,23,Debit Card,1,No,,,,,,,,,,,,
CUST01226,39,Male,Monthly,92.78,1681.64,26,Debit Card,0,No,,,,,,,,,,,,
CUST01227,31,Female,Monthly,78.08,659.92,7,Bank Transfer,0,No,,,,,,,,,,,,
CUST01228,43,Male,Monthly,80.75,2586.34,32,Direct Debit,3,No,,,,,,,,,,,,
CUST01229,45,Female,Two Year,90.67,2622.85,33,Credit Card,1,No,,,,,,,,,,,,
CUST01230,40,Female,Monthly,59.75,1692.99,20,Debit Card,3,Yes,,,,,,,,,,,,
CUST01231,31,Male,Monthly,47.09,4067.73,69,Debit Card,2,No,,,,,,,,,,,,
CUST01232,41,Male,One Year,48.61,2320.72,52,Debit Card,2,No,,,,,,,,,,,,
CUST01233,19,Female,Monthly,67.06,2083.88,42,Debit Card,2,No,,,,,,,,,,,,
CUST01234,62,Female,One Year,20,64.52,1,Direct Debit,3,No,,,,,,,,,,,,
CUST01235,43,Female,Two Year,38.88,1352.36,63,Direct Debit,2,No,,,,,,,,,,,,
CUST01236,31,Male,Two Year,57.66,262.2,7,Credit Card,3,No,,,,,,,,,,,,
CUST01237,76,Female,Monthly,59,3129.25,58,Direct Debit,3,No,,,,,,,,,,,,
CUST01238,73,Male,Monthly,78.08,3129.65,50,Bank Transfer,4,No,,,,,,,,,,,,
CUST01239,68,Male,One Year,40.27,2618.37,34,Direct Debit,0,No,,,,,,,,,,,,
CUST01240,24,Male,Monthly,34.86,2006.38,51,Credit Card,0,No,,,,,,,,,,,,
CUST01241,20,Female,Monthly,37.45,370.1,10,Direct Debit,0,No,,,,,,,,,,,,
CUST01242,64,Male,Monthly,80.26,997.61,26,Direct Debit,2,No,,,,,,,,,,,,
CUST01243,40,Male,Monthly,50.26,2581.54,32,Direct Debit,2,Yes,,,,,,,,,,,,
CUST01244,63,Female,Two Year,53.41,2052.53,42,Bank Transfer,2,No,,,,,,,,,,,,
CUST01245,60,Female,One Year,105.82,3201.48,62,Debit Card,1,No,,,,,,,,,,,,
CUST01246,64,Male,Monthly,80.35,1285.99,12,Bank Transfer,2,Yes,,,,,,,,,,,,
CUST01247,77,Male,Monthly,47.26,3214.72,40,Debit Card,4,No,,,,,,,,,,,,
CUST01248,62,Male,Two Year,41.76,1549.25,34,Debit Card,0,No,,,,,,,,,,,,
CUST01249,35,Male,Monthly,104.13,2775.43,70,Debit Card,1,No,,,,,,,,,,,,
CUST01250,75,Female,One Year,75.27,2954.56,27,Debit Card,2,No,,,,,,,,,,,,
CUST01251,55,Male,Monthly,52.64,620.25,8,Debit Card,0,No,,,,,,,,,,,,
CUST01252,52,Female,Two Year,70.08,2669.35,47,Credit Card,1,No,,,,,,,,,,,,
CUST01253,68,Female,One Year,61.01,1826.69,26,Debit Card,3,No,,,,,,,,,,,,
CUST01254,32,Male,Monthly,80.02,3752.65,57,Debit Card,5,No,,,,,,,,,,,,
CUST01255,42,Female,Monthly,32.45,556.63,7,Credit Card,3,Yes,,,,,,,,,,,,
CUST01256,72,Male,One Year,53.41,848.42,26,Direct Debit,0,No,,,,,,,,,,,,
CUST01257,54,Male,Two Year,48.87,3004.52,59,Bank Transfer,0,No,,,,,,,,,,,,
CUST01258,45,Male,Monthly,62.52,3182.93,69,Direct Debit,2,Yes,,,,,,,,,,,,
CUST01259,27,Male,One Year,51.43,3145.41,47,Credit Card,2,Yes,,,,,,,,,,,,
CUST01260,56,Male,Monthly,50.47,1938.64,35,Direct Debit,1,No,,,,,,,,,,,,
CUST01261,74,Male,Two Year,53.44,1525.62,30,Direct Debit,2,No,,,,,,,,,,,,
CUST01262,34,Female,One Year,75.71,2574.63,50,Debit Card,0,No,,,,,,,,,,,,
CUST01263,56,Female,Monthly,62.06,1948.27,24,Debit Card,1,No,,,,,,,,,,,,
CUST01264,39,Female,Monthly,49.6,1950.2,30,Bank Transfer,1,No,,,,,,,,,,,,
CUST01265,43,Male,Monthly,74.95,2541.18,54,Bank Transfer,0,No,,,,,,,,,,,,
CUST01266,79,Female,One Year,112.51,4859.62,67,Credit Card,0,No,,,,,,,,,,,,
CUST01267,61,Female,Monthly,62.7,3314.72,32,Direct Debit,4,No,,,,,,,,,,,,
CUST01268,42,Female,Monthly,86.5,508.18,8,Debit Card,3,No,,,,,,,,,,,,
CUST01269,34,Female,Two Year,38.33,4343.27,50,Direct Debit,1,No,,,,,,,,,,,,
CUST01270,30,Female,Monthly,49.34,1704.63,47,Debit Card,0,No,,,,,,,,,,,,
CUST01271,37,Male,One Year,95.75,2211.29,46,Credit Card,1,No,,,,,,,,,,,,
CUST01272,42,Female,Monthly,73.17,3586.76,35,Credit Card,3,No,,,,,,,,,,,,
CUST01273,21,Male,Monthly,54.75,4569.77,61,Credit Card,2,No,,,,,,,,,,,,
CUST01274,27,Female,Monthly,80.46,2954.42,51,Direct Debit,3,No,,,,,,,,,,,,
CUST01275,20,Male,One Year,49.94,5343.36,63,Bank Transfer,1,No,,,,,,,,,,,,
CUST01276,58,Male,Monthly,63.15,426.41,8,Direct Debit,2,No,,,,,,,,,,,,
CUST01277,62,Male,Two Year,88.23,1989.6,34,Direct Debit,1,No,,,,,,,,,,,,
CUST01278,35,Female,Monthly,78.24,2121.92,25,Credit Card,6,Yes,,,,,,,,,,,,
CUST01279,64,Male,Monthly,111.59,3396.06,44,Credit Card,2,Yes,,,,,,,,,,,,
CUST01280,53,Male,Two Year,59.65,4905.93,43,Direct Debit,3,No,,,,,,,,,,,,
CUST01281,64,Female,Monthly,83.59,3034.1,50,Bank Transfer,0,No,,,,,,,,,,,,
CUST01282,39,Female,Monthly,87.9,1042.53,13,Bank Transfer,3,Yes,,,,,,,,,,,,
CUST01283,51,Male,Monthly,61.56,3844.66,46,Debit Card,4,No,,,,,,,,,,,,
CUST01284,64,Male,One Year,41.32,3230.01,53,Direct Debit,1,No,,,,,,,,,,,,
CUST01285,25,Female,Two Year,93.82,2499.29,63,Bank Transfer,3,No,,,,,,,,,,,,
CUST01286,57,Female,Monthly,60.94,201.6,2,Direct Debit,3,No,,,,,,,,,,,,
CUST01287,66,Female,Monthly,78.67,2619.14,40,Direct Debit,2,No,,,,,,,,,,,,
CUST01288,61,Female,One Year,69.1,1697.47,23,Bank Transfer,8,No,,,,,,,,,,,,
CUST01289,36,Male,Two Year,73.21,4210.68,59,Bank Transfer,0,No,,,,,,,,,,,,
CUST01290,59,Female,Monthly,88.61,4831.83,69,Debit Card,2,No,,,,,,,,,,,,
CUST01291,58,Female,Two Year,77.18,3117.55,34,Credit Card,3,No,,,,,,,,,,,,
CUST01292,54,Female,Monthly,81.46,2172.92,27,Bank Transfer,0,No,,,,,,,,,,,,
CUST01293,23,Male,Monthly,79.28,4156.4,55,Credit Card,0,Yes,,,,,,,,,,,,
CUST01294,69,Female,Monthly,71.42,327.03,4,Direct Debit,2,No,,,,,,,,,,,,
CUST01295,43,Female,Monthly,62.68,5164.89,68,Bank Transfer,1,No,,,,,,,,,,,,
CUST01296,51,Male,Monthly,62.16,4308.11,72,Direct Debit,3,No,,,,,,,,,,,,
CUST01297,76,Female,Two Year,83.75,4083.56,70,Credit Card,5,No,,,,,,,,,,,,
CUST01298,73,Female,Monthly,80.97,2285.43,27,Direct Debit,3,Yes,,,,,,,,,,,,
CUST01299,76,Female,Monthly,82.79,3816.22,47,Bank Transfer,1,No,,,,,,,,,,,,
CUST01300,62,Female,Monthly,120,3516,40,Direct Debit,4,No,,,,,,,,,,,,
CUST01301,23,Female,One Year,51.43,3214.64,27,Credit Card,2,No,,,,,,,,,,,,
CUST01302,54,Female,Two Year,39.75,355.03,7,Bank Transfer,0,No,,,,,,,,,,,,
CUST01303,74,Male,Monthly,62.07,945.55,23,Bank Transfer,0,No,,,,,,,,,,,,
CUST01304,50,Male,Monthly,64.13,3703.89,64,Debit Card,1,No,,,,,,,,,,,,
CUST01305,70,Male,Monthly,78.49,1727.96,29,Credit Card,0,No,,,,,,,,,,,,
CUST01306,39,Female,Monthly,64.6,4791.66,61,Direct Debit,4,No,,,,,,,,,,,,
CUST01307,38,Female,Monthly,83.54,2655.5,44,Credit Card,1,No,,,,,,,,,,,,
CUST01308,23,Female,Monthly,48.55,6169.26,69,Credit Card,3,Yes,,,,,,,,,,,,
CUST01309,23,Female,One Year,77.9,1343.2,27,Debit Card,2,No,,,,,,,,,,,,
CUST01310,72,Female,One Year,41.93,972.74,12,Direct Debit,1,Yes,,,,,,,,,,,,
CUST01311,65,Female,Monthly,68.69,681.89,17,Bank Transfer,0,No,,,,,,,,,,,,
CUST01312,21,Male,Monthly,48.88,2539.1,37,Debit Card,2,No,,,,,,,,,,,,
CUST01313,47,Female,One Year,56.94,1564.56,34,Debit Card,3,No,,,,,,,,,,,,
CUST01314,28,Male,One Year,30.67,1952.47,36,Direct Debit,0,No,,,,,,,,,,,,
CUST01315,79,Female,Monthly,79.82,186.03,6,Credit Card,0,No,,,,,,,,,,,,
CUST01316,79,Female,Two Year,62.47,2464.3,32,Credit Card,1,No,,,,,,,,,,,,
CUST01317,47,Female,Monthly,67.92,1466.06,22,Credit Card,2,Yes,,,,,,,,,,,,
CUST01318,48,Male,Monthly,78.14,733.02,10,Debit Card,1,Yes,,,,,,,,,,,,
CUST01319,41,Male,Monthly,47.73,2086.2,29,Bank Transfer,2,No,,,,,,,,,,,,
CUST01320,72,Female,Two Year,59.19,546.8,11,Bank Transfer,0,No,,,,,,,,,,,,
CUST01321,26,Female,Monthly,27.01,3666.11,66,Direct Debit,1,Yes,,,,,,,,,,,,
CUST01322,72,Male,Two Year,62.27,1530.62,56,Credit Card,0,No,,,,,,,,,,,,
CUST01323,20,Female,Monthly,101.99,3454.76,58,Credit Card,0,No,,,,,,,,,,,,
CUST01324,68,Male,Monthly,70.61,5697.95,52,Credit Card,0,No,,,,,,,,,,,,
CUST01325,48,Female,One Year,40.53,4566.2,61,Credit Card,4,No,,,,,,,,,,,,
CUST01326,57,Female,Monthly,78.92,699.53,17,Credit Card,2,No,,,,,,,,,,,,
CUST01327,54,Female,Monthly,96.01,2244.87,30,Bank Transfer,2,No,,,,,,,,,,,,
CUST01328,53,Female,Monthly,40.58,7225.38,72,Debit Card,3,No,,,,,,,,,,,,
CUST01329,41,Female,Two Year,65.84,1506.34,37,Direct Debit,1,No,,,,,,,,,,,,
CUST01330,48,Female,Monthly,65.21,335.08,5,Bank Transfer,3,No,,,,,,,,,,,,
CUST01331,23,Male,Monthly,71.13,1754.58,26,Credit Card,3,No,,,,,,,,,,,,
CUST01332,19,Male,Monthly,66.88,4912.45,70,Debit Card,1,No,,,,,,,,,,,,
CUST01333,37,Male,One Year,82.64,61.61,1,Bank Transfer,1,No,,,,,,,,,,,,
CUST01334,45,Female,Monthly,66.62,727.6,9,Direct Debit,3,No,,,,,,,,,,,,
CUST01335,28,Male,Monthly,93.47,4664.65,71,Direct Debit,1,No,,,,,,,,,,,,
CUST01336,21,Male,Monthly,25.9,5854.71,64,Debit Card,0,Yes,,,,,,,,,,,,
CUST01337,32,Male,One Year,45.91,654.53,24,Bank Transfer,2,No,,,,,,,,,,,,
CUST01338,23,Male,Monthly,101.03,223.39,5,Debit Card,2,No,,,,,,,,,,,,
CUST01339,71,Male,Monthly,56.5,5083.56,51,Bank Transfer,1,No,,,,,,,,,,,,
CUST01340,66,Female,One Year,72.23,1996.4,38,Direct Debit,1,No,,,,,,,,,,,,
CUST01341,47,Female,Two Year,63.78,2167.35,29,Bank Transfer,0,No,,,,,,,,,,,,
CUST01342,73,Female,One Year,89.4,2800.29,46,Debit Card,1,No,,,,,,,,,,,,
CUST01343,55,Female,Monthly,74.41,4451.7,52,Bank Transfer,1,No,,,,,,,,,,,,
CUST01344,68,Male,One Year,115.45,3470.43,46,Direct Debit,0,No,,,,,,,,,,,,
CUST01345,79,Female,Two Year,70.97,8457.99,68,Credit Card,3,No,,,,,,,,,,,,
CUST01346,74,Male,Monthly,60.35,4127.03,59,Debit Card,2,No,,,,,,,,,,,,
CUST01347,19,Male,Monthly,94.91,586.81,10,Debit Card,2,No,,,,,,,,,,,,
CUST01348,32,Female,Monthly,73.75,351.47,4,Credit Card,0,Yes,,,,,,,,,,,,
CUST01349,28,Male,Two Year,52.81,4011.33,52,Debit Card,2,No,,,,,,,,,,,,
CUST01350,25,Female,Monthly,87.38,914.27,18,Debit Card,1,No,,,,,,,,,,,,
CUST01351,43,Male,Monthly,75.2,4648.07,51,Credit Card,2,No,,,,,,,,,,,,
CUST01352,68,Female,Monthly,63.59,1669.35,23,Debit Card,3,No,,,,,,,,,,,,
CUST01353,62,Female,Two Year,79.53,1470.17,25,Bank Transfer,1,No,,,,,,,,,,,,
CUST01354,61,Male,Monthly,80.07,4770.43,60,Credit Card,3,No,,,,,,,,,,,,
CUST01355,22,Female,One Year,63.7,3155.07,37,Direct Debit,4,No,,,,,,,,,,,,
CUST01356,23,Male,Two Year,64.63,4131.02,68,Debit Card,0,No,,,,,,,,,,,,
CUST01357,43,Female,Monthly,108.07,1098.92,18,Bank Transfer,4,No,,,,,,,,,,,,
CUST01358,71,Male,One Year,68,2975.97,29,Debit Card,2,No,,,,,,,,,,,,
CUST01359,21,Female,Monthly,87.29,2102.11,30,Debit Card,1,No,,,,,,,,,,,,
CUST01360,36,Female,Two Year,53.35,598.07,7,Bank Transfer,3,Yes,,,,,,,,,,,,
CUST01361,37,Male,One Year,44.33,2101.98,41,Bank Transfer,2,No,,,,,,,,,,,,
CUST01362,50,Female,Two Year,89,1597.62,37,Direct Debit,0,No,,,,,,,,,,,,
CUST01363,37,Female,Monthly,65.98,2329.6,27,Direct Debit,2,No,,,,,,,,,,,,
CUST01364,66,Female,Monthly,30.4,1395.29,21,Bank Transfer,2,Yes,,,,,,,,,,,,
CUST01365,29,Female,Monthly,66.85,1230.51,43,Credit Card,0,No,,,,,,,,,,,,
CUST01366,64,Male,Monthly,69.79,3414.11,51,Bank Transfer,3,Yes,,,,,,,,,,,,
CUST01367,18,Female,Two Year,55.97,4805.84,71,Debit Card,3,No,,,,,,,,,,,,
CUST01368,43,Male,Monthly,52.92,777.98,13,Credit Card,1,No,,,,,,,,,,,,
CUST01369,31,Male,Monthly,74.37,2769.67,53,Credit Card,1,No,,,,,,,,,,,,
CUST01370,55,Female,Monthly,47.63,4385.46,63,Debit Card,3,No,,,,,,,,,,,,
CUST01371,54,Female,Monthly,77.84,2903.26,57,Credit Card,3,No,,,,,,,,,,,,
CUST01372,79,Male,Monthly,89.86,2082.22,25,Debit Card,4,No,,,,,,,,,,,,
CUST01373,28,Male,Monthly,92.76,1107.53,13,Direct Debit,1,Yes,,,,,,,,,,,,
CUST01374,80,Female,One Year,57.38,3605.88,37,Debit Card,5,Yes,,,,,,,,,,,,
CUST01375,53,Male,Monthly,99.84,1821.09,30,Direct Debit,1,No,,,,,,,,,,,,
CUST01376,30,Male,One Year,82.5,1170.4,12,Credit Card,3,Yes,,,,,,,,,,,,
CUST01377,60,Male,Monthly,50.32,5070.35,65,Credit Card,2,No,,,,,,,,,,,,
CUST01378,20,Female,One Year,61.82,949.01,18,Bank Transfer,1,No,,,,,,,,,,,,
CUST01379,50,Female,Monthly,45.93,3543.57,62,Direct Debit,1,No,,,,,,,,,,,,
CUST01380,23,Male,Two Year,25.04,1123.38,24,Bank Transfer,2,No,,,,,,,,,,,,
CUST01381,67,Female,One Year,99.82,1464.41,60,Bank Transfer,1,No,,,,,,,,,,,,
CUST01382,73,Male,Monthly,73.44,1723.01,17,Direct Debit,7,No,,,,,,,,,,,,
CUST01383,27,Female,Monthly,81.85,4610.04,60,Bank Transfer,3,No,,,,,,,,,,,,
CUST01384,22,Female,Monthly,66.74,775.4,9,Direct Debit,6,Yes,,,,,,,,,,,,
CUST01385,40,Female,One Year,33.87,3747.27,52,Direct Debit,1,No,,,,,,,,,,,,
CUST01386,27,Female,One Year,77.72,519.45,15,Credit Card,1,No,,,,,,,,,,,,
CUST01387,61,Female,Monthly,87.82,2079.87,28,Direct Debit,1,No,,,,,,,,,,,,
CUST01388,19,Male,Monthly,79.24,762.07,9,Credit Card,4,No,,,,,,,,,,,,
CUST01389,30,Female,Two Year,83.45,4392.1,56,Direct Debit,1,No,,,,,,,,,,,,
CUST01390,57,Female,Two Year,64.71,3171.7,36,Credit Card,0,No,,,,,,,,,,,,
CUST01391,19,Male,One Year,22.24,3546.56,56,Debit Card,3,No,,,,,,,,,,,,
CUST01392,37,Male,Monthly,77.23,1626.61,71,Direct Debit,0,No,,,,,,,,,,,,
CUST01393,18,Female,One Year,68.18,1432.17,20,Credit Card,0,No,,,,,,,,,,,,
CUST01394,80,Female,One Year,110.34,3707.94,55,Direct Debit,1,No,,,,,,,,,,,,
CUST01395,54,Male,Monthly,106.95,6267.69,60,Debit Card,5,No,,,,,,,,,,,,
CUST01396,26,Male,Monthly,86.46,4005.84,35,Credit Card,2,No,,,,,,,,,,,,
CUST01397,34,Female,One Year,41.52,90.49,1,Direct Debit,1,No,,,,,,,,,,,,
CUST01398,26,Female,Monthly,46.98,1760.4,45,Credit Card,0,No,,,,,,,,,,,,
CUST01399,28,Female,Monthly,70.8,3190.71,69,Direct Debit,1,No,,,,,,,,,,,,
CUST01400,32,Female,Two Year,41.49,2641.96,40,Debit Card,2,No,,,,,,,,,,,,
CUST01401,41,Female,One Year,79.18,1638.82,38,Direct Debit,2,No,,,,,,,,,,,,
CUST01402,55,Female,Two Year,89.86,1806.48,24,Direct Debit,1,No,,,,,,,,,,,,
CUST01403,72,Female,Monthly,92.57,376.94,4,Bank Transfer,3,No,,,,,,,,,,,,
CUST01404,52,Female,Two Year,91.96,5951.99,69,Direct Debit,1,No,,,,,,,,,,,,
CUST01405,47,Female,Monthly,67.4125,1209.44,13,Credit Card,0,No,,,,,,,,,,,,
CUST01406,48,Male,One Year,69.76,1226.48,21,Direct Debit,1,No,,,,,,,,,,,,
CUST01407,66,Male,Monthly,51.91,2173.15,32,Bank Transfer,2,No,,,,,,,,,,,,
CUST01408,22,Female,Monthly,77.05,1866.6,38,Debit Card,2,No,,,,,,,,,,,,
CUST01409,79,Male,Monthly,23.09,2396.1,32,Bank Transfer,0,No,,,,,,,,,,,,
CUST01410,77,Male,One Year,64.94,1315.18,57,Bank Transfer,0,No,,,,,,,,,,,,
CUST01411,61,Female,Monthly,85.08,3351.08,48,Direct Debit,3,No,,,,,,,,,,,,
CUST01412,67,Female,Monthly,81.63,2530.73,30,Credit Card,4,Yes,,,,,,,,,,,,
CUST01413,31,Male,Monthly,88.6,5507.69,71,Credit Card,6,No,,,,,,,,,,,,
CUST01414,70,Male,Monthly,45.21,3111.4,38,Credit Card,3,No,,,,,,,,,,,,
CUST01415,73,Male,One Year,34.47,1832.72,44,Debit Card,0,No,,,,,,,,,,,,
CUST01416,28,Female,Two Year,80.97,884.28,26,Credit Card,2,No,,,,,,,,,,,,
CUST01417,26,Male,Monthly,46.21,156.66,2,Bank Transfer,2,No,,,,,,,,,,,,
CUST01418,51,Male,One Year,36.77,1864.65,43,Debit Card,2,No,,,,,,,,,,,,
CUST01419,29,Male,Two Year,69.63,1498.18,43,Direct Debit,2,No,,,,,,,,,,,,
CUST01420,52,Female,One Year,64.81,4281.34,63,Direct Debit,1,No,,,,,,,,,,,,
CUST01421,52,Male,One Year,116.42,3871.23,58,Credit Card,1,No,,,,,,,,,,,,
CUST01422,18,Male,Monthly,78.04,5686.14,48,Credit Card,5,No,,,,,,,,,,,,
CUST01423,57,Female,Monthly,73.16,363.98,5,Direct Debit,1,No,,,,,,,,,,,,
CUST01424,39,Female,Monthly,67.4125,2414.35,35,Direct Debit,0,No,,,,,,,,,,,,
CUST01425,77,Female,Monthly,81.59,1030.23,16,Direct Debit,3,Yes,,,,,,,,,,,,
CUST01426,46,Female,One Year,68.4,3723.55,49,Bank Transfer,4,Yes,,,,,,,,,,,,
CUST01427,25,Female,Monthly,58.77,3906.27,60,Credit Card,0,No,,,,,,,,,,,,
CUST01428,28,Male,Monthly,57.48,2909.96,51,Debit Card,0,No,,,,,,,,,,,,
CUST01429,58,Female,Two Year,63.77,3244.88,59,Direct Debit,2,No,,,,,,,,,,,,
CUST01430,54,Male,Monthly,58.7,3944.7,64,Credit Card,0,No,,,,,,,,,,,,
CUST01431,31,Female,Two Year,111.68,790.91,13,Debit Card,2,No,,,,,,,,,,,,
CUST01432,77,Male,One Year,82.93,2715.53,26,Credit Card,8,Yes,,,,,,,,,,,,
CUST01433,47,Male,Monthly,61.67,5667.85,70,Bank Transfer,4,No,,,,,,,,,,,,
CUST01434,52,Female,One Year,63.51,188.32,3,Bank Transfer,3,No,,,,,,,,,,,,
CUST01435,38,Male,One Year,42.56,707.11,12,Bank Transfer,2,Yes,,,,,,,,,,,,
CUST01436,54,Female,Monthly,32.74,1617.73,41,Debit Card,3,No,,,,,,,,,,,,
CUST01437,22,Male,Monthly,84.46,2127.61,65,Bank Transfer,0,No,,,,,,,,,,,,
CUST01438,36,Male,Monthly,81.05,5661.37,63,Direct Debit,4,No,,,,,,,,,,,,
CUST01439,76,Female,One Year,77.41,4016.69,50,Bank Transfer,4,No,,,,,,,,,,,,
CUST01440,31,Female,Monthly,94.63,3583.93,47,Direct Debit,0,No,,,,,,,,,,,,
CUST01441,43,Female,One Year,76.08,697.71,8,Credit Card,1,No,,,,,,,,,,,,
CUST01442,79,Male,Monthly,85.12,2446.3,31,Bank Transfer,2,No,,,,,,,,,,,,
CUST01443,21,Female,Monthly,68.38,886,11,Credit Card,3,No,,,,,,,,,,,,
CUST01444,42,Female,Monthly,20.87,1199.38,17,Credit Card,1,Yes,,,,,,,,,,,,
CUST01445,49,Female,Monthly,94.02,549.83,27,Debit Card,0,No,,,,,,,,,,,,
CUST01446,59,Male,Monthly,50.45,2353.73,27,Debit Card,1,No,,,,,,,,,,,,
CUST01447,42,Female,Monthly,74.67,2747.41,56,Bank Transfer,0,Yes,,,,,,,,,,,,
CUST01448,35,Female,Monthly,47.54,5283.76,69,Direct Debit,4,Yes,,,,,,,,,,,,
CUST01449,57,Female,Two Year,74.32,2330.31,47,Direct Debit,1,No,,,,,,,,,,,,
CUST01450,25,Female,Monthly,98.95,1442.7,19,Debit Card,2,No,,,,,,,,,,,,
CUST01451,56,Female,One Year,73.56,5830.62,57,Direct Debit,6,No,,,,,,,,,,,,
CUST01452,57,Male,Two Year,76.59,2184.01,31,Bank Transfer,5,Yes,,,,,,,,,,,,
CUST01453,31,Male,Two Year,57.69,1316.66,16,Direct Debit,4,No,,,,,,,,,,,,
CUST01454,49,Female,Two Year,65.44,2482.62,45,Debit Card,0,No,,,,,,,,,,,,
CUST01455,68,Male,Monthly,60.62,1673.62,27,Credit Card,3,No,,,,,,,,,,,,
CUST01456,78,Male,One Year,80.78,3549.8,61,Bank Transfer,2,No,,,,,,,,,,,,
CUST01457,55,Male,One Year,61.85,2258.91,26,Bank Transfer,3,No,,,,,,,,,,,,
CUST01458,50,Male,Two Year,78.58,1668.8,29,Direct Debit,2,No,,,,,,,,,,,,
CUST01459,40,Female,One Year,68.2,3608.79,44,Credit Card,5,No,,,,,,,,,,,,
CUST01460,80,Female,Monthly,80.65,1852.89,29,Bank Transfer,0,No,,,,,,,,,,,,
CUST01461,32,Female,Two Year,84.15,168.35,2,Debit Card,5,No,,,,,,,,,,,,
CUST01462,50,Male,Monthly,72.1,486.89,6,Debit Card,3,No,,,,,,,,,,,,
CUST01463,42,Female,Monthly,83.08,672.43,9,Direct Debit,9,Yes,,,,,,,,,,,,
CUST01464,34,Female,Monthly,90.92,1156.27,15,Direct Debit,3,No,,,,,,,,,,,,
CUST01465,50,Female,Monthly,108.02,5133.8,58,Direct Debit,1,No,,,,,,,,,,,,
CUST01466,64,Female,Monthly,57.32,214.82,2,Credit Card,5,Yes,,,,,,,,,,,,
CUST01467,72,Male,Monthly,77.34,158.77,3,Debit Card,4,Yes,,,,,,,,,,,,
CUST01468,19,Female,Two Year,83.04,3816.32,52,Credit Card,1,No,,,,,,,,,,,,
CUST01469,31,Female,Monthly,89.78,4325.17,55,Debit Card,2,No,,,,,,,,,,,,
CUST01470,70,Female,Monthly,52.29,4744.18,53,Bank Transfer,1,No,,,,,,,,,,,,
CUST01471,57,Female,Two Year,72.66,3543.91,72,Bank Transfer,2,No,,,,,,,,,,,,
CUST01472,57,Male,Monthly,61.75,3128.3,40,Direct Debit,2,No,,,,,,,,,,,,
CUST01473,68,Female,Monthly,77.57,2557.34,39,Bank Transfer,2,No,,,,,,,,,,,,
CUST01474,56,Female,Monthly,53.88,3188.39,43,Bank Transfer,1,No,,,,,,,,,,,,
CUST01475,68,Male,Monthly,96.16,670.65,13,Bank Transfer,2,No,,,,,,,,,,,,
CUST01476,23,Male,Monthly,66.67,3812.63,37,Debit Card,2,No,,,,,,,,,,,,
CUST01477,23,Male,One Year,94.25,3549.24,55,Debit Card,1,No,,,,,,,,,,,,
CUST01478,20,Male,Two Year,50.75,2978.98,32,Credit Card,0,No,,,,,,,,,,,,
CUST01479,24,Male,One Year,75.18,733.4,14,Direct Debit,1,No,,,,,,,,,,,,
CUST01480,68,Male,Monthly,71.06,4764.76,65,Direct Debit,2,No,,,,,,,,,,,,
CUST01481,25,Female,Monthly,84.01,2042.17,27,Direct Debit,2,No,,,,,,,,,,,,
CUST01482,59,Male,Monthly,86.36,2044.96,24,Bank Transfer,3,No,,,,,,,,,,,,
CUST01483,69,Male,Monthly,42.74,1920.36,22,Bank Transfer,4,Yes,,,,,,,,,,,,
CUST01484,32,Female,Monthly,85.71,1940.01,45,Debit Card,2,No,,,,,,,,,,,,
CUST01485,64,Female,Two Year,87.89,643.12,8,Credit Card,2,No,,,,,,,,,,,,
CUST01486,46,Female,Monthly,40.32,6162.28,67,Debit Card,7,No,,,,,,,,,,,,
CUST01487,50,Male,Monthly,100.02,2610.25,64,Direct Debit,1,No,,,,,,,,,,,,
CUST01488,69,Female,Monthly,44.85,4365.12,47,Credit Card,4,Yes,,,,,,,,,,,,
CUST01489,47,Male,Monthly,71.1,994.65,21,Bank Transfer,0,No,,,,,,,,,,,,
CUST01490,56,Female,One Year,55.04,2358.73,32,Direct Debit,1,No,,,,,,,,,,,,
CUST01491,44,Male,Two Year,66.79,2393.14,45,Debit Card,3,No,,,,,,,,,,,,
CUST01492,53,Female,Monthly,63.19,2838.16,44,Bank Transfer,0,No,,,,,,,,,,,,
CUST01493,46,Male,Monthly,71.97,2592.74,41,Direct Debit,2,No,,,,,,,,,,,,
CUST01494,55,Female,Two Year,48.73,3447.38,52,Unknown,2,No,,,,,,,,,,,,
CUST01495,74,Female,One Year,80.07,562.58,11,Direct Debit,3,No,,,,,,,,,,,,
CUST01496,50,Male,Two Year,82.36,1543.2,18,Debit Card,6,Yes,,,,,,,,,,,,
CUST01497,78,Male,Monthly,67.22,898.22,11,Direct Debit,1,No,,,,,,,,,,,,
CUST01498,54,Female,Monthly,87.51,1825.56,27,Credit Card,1,Yes,,,,,,,,,,,,
CUST01499,44,Female,Monthly,61.2,3949.44,43,Credit Card,2,Yes,,,,,,,,,,,,
CUST01500,72,Female,Monthly,64.43,3836.45,65,Bank Transfer,1,No,,,,,,,,,,,,
CUST01501,50,Male,One Year,41.69,3474.62,54,Debit Card,1,No,,,,,,,,,,,,
CUST01502,79,Male,Monthly,57.64,1133.76,29,Direct Debit,2,No,,,,,,,,,,,,
CUST01503,21,Female,Monthly,52.19,1249.54,21,Debit Card,0,No,,,,,,,,,,,,
CUST01504,39,Female,Monthly,24.55,1584.43,29,Direct Debit,0,No,,,,,,,,,,,,
CUST01505,19,Female,Two Year,65.98,205.64,9,Credit Card,0,No,,,,,,,,,,,,
CUST01506,27,Female,Monthly,66.57,4271.04,61,Direct Debit,0,No,,,,,,,,,,,,
CUST01507,22,Female,Monthly,72.49,4044.48,62,Debit Card,2,No,,,,,,,,,,,,
CUST01508,76,Female,One Year,80.65,5494.47,71,Credit Card,1,No,,,,,,,,,,,,
CUST01509,27,Male,Monthly,65.73,429.07,5,Direct Debit,2,No,,,,,,,,,,,,
CUST01510,50,Male,Monthly,81.26,1031.84,15,Direct Debit,0,Yes,,,,,,,,,,,,
CUST01511,71,Female,Monthly,79.4,4876.49,57,Direct Debit,2,No,,,,,,,,,,,,
CUST01512,55,Male,Two Year,86.21,383.62,5,Credit Card,2,No,,,,,,,,,,,,
CUST01513,30,Male,One Year,76.71,1687.59,20,Bank Transfer,1,No,,,,,,,,,,,,
CUST01514,48,Male,One Year,71.72,294.08,4,Bank Transfer,4,No,,,,,,,,,,,,
CUST01515,64,Male,Two Year,41.71,3922.82,56,Direct Debit,1,No,,,,,,,,,,,,
CUST01516,53,Female,Two Year,82.03,1432.19,34,Debit Card,2,No,,,,,,,,,,,,
CUST01517,62,Female,One Year,49.96,3472.31,40,Debit Card,1,No,,,,,,,,,,,,
CUST01518,41,Male,Monthly,72.65,3473.26,69,Direct Debit,1,No,,,,,,,,,,,,
CUST01519,69,Male,One Year,84.66,5095.67,68,Direct Debit,1,No,,,,,,,,,,,,
CUST01520,73,Female,Monthly,68.97,1753.98,22,Direct Debit,1,Yes,,,,,,,,,,,,
CUST01521,32,Male,Two Year,20,1033.49,14,Direct Debit,0,No,,,,,,,,,,,,
CUST01522,46,Female,One Year,85.1,1378.1,68,Bank Transfer,2,No,,,,,,,,,,,,
CUST01523,25,Female,Monthly,99.03,710.84,8,Credit Card,0,No,,,,,,,,,,,,
CUST01524,22,Male,Monthly,38.36,7164.29,67,Direct Debit,2,No,,,,,,,,,,,,
CUST01525,46,Female,Monthly,74.5,1866.12,46,Bank Transfer,1,No,,,,,,,,,,,,
CUST01526,64,Female,Monthly,65.04,2162.01,29,Debit Card,1,No,,,,,,,,,,,,
CUST01527,21,Male,Monthly,70.11,826.44,12,Direct Debit,1,Yes,,,,,,,,,,,,
CUST01528,29,Female,Monthly,96.53,3738.42,52,Direct Debit,1,No,,,,,,,,,,,,
CUST01529,62,Male,Monthly,68.51,5804.79,58,Direct Debit,3,No,,,,,,,,,,,,
CUST01530,19,Male,One Year,50.37,140.03,2,Debit Card,3,No,,,,,,,,,,,,
CUST01531,44,Female,Monthly,56.85,48.66,1,Bank Transfer,2,No,,,,,,,,,,,,
CUST01532,48,Female,Monthly,55.66,3043.94,55,Direct Debit,1,No,,,,,,,,,,,,
CUST01533,68,Female,Monthly,24.76,1910.1,34,Debit Card,1,No,,,,,,,,,,,,
CUST01534,68,Male,Two Year,59.42,1679.48,64,Direct Debit,1,No,,,,,,,,,,,,
CUST01535,53,Male,Monthly,83.92,4009.88,68,Direct Debit,2,No,,,,,,,,,,,,
CUST01536,53,Female,Monthly,71.56,1013.58,12,Bank Transfer,2,No,,,,,,,,,,,,
CUST01537,43,Male,One Year,74.18,3503.06,50,Unknown,0,No,,,,,,,,,,,,
CUST01538,60,Female,Monthly,64.18,1437.68,21,Bank Transfer,0,No,,,,,,,,,,,,
CUST01539,44,Female,Monthly,67.38,656.54,10,Credit Card,1,No,,,,,,,,,,,,
CUST01540,22,Female,Monthly,75.4,4766.36,70,Credit Card,2,No,,,,,,,,,,,,
CUST01541,37,Female,One Year,81.12,1136.38,14,Direct Debit,1,No,,,,,,,,,,,,
CUST01542,28,Male,One Year,72.7,3248.94,40,Credit Card,0,No,,,,,,,,,,,,
CUST01543,79,Male,One Year,47.38,2193.2,30,Bank Transfer,0,No,,,,,,,,,,,,
CUST01544,27,Male,Monthly,57.02,640.21,14,Credit Card,3,No,,,,,,,,,,,,
CUST01545,57,Female,One Year,79.24,2775.09,52,Direct Debit,3,No,,,,,,,,,,,,
CUST01546,55,Female,Monthly,55.61,1391.82,17,Credit Card,0,No,,,,,,,,,,,,
CUST01547,23,Female,Monthly,56.65,3617.96,62,Bank Transfer,0,No,,,,,,,,,,,,
CUST01548,25,Female,Monthly,78.74,1320.02,22,Bank Transfer,0,Yes,,,,,,,,,,,,
CUST01549,40,Female,One Year,86.77,4109.3,53,Direct Debit,5,Yes,,,,,,,,,,,,
CUST01550,64,Male,Monthly,45.7,2867.08,32,Debit Card,0,No,,,,,,,,,,,,
CUST01551,43,Male,One Year,34.83,2418.06,55,Direct Debit,0,No,,,,,,,,,,,,
CUST01552,63,Male,Two Year,46.57,735.95,22,Debit Card,0,No,,,,,,,,,,,,
CUST01553,60,Female,Monthly,82.58,1910.02,38,Credit Card,0,No,,,,,,,,,,,,
CUST01554,29,Male,Monthly,53.02,4359.85,50,Bank Transfer,0,No,,,,,,,,,,,,
CUST01555,43,Female,Monthly,58.52,3362.83,66,Bank Transfer,0,No,,,,,,,,,,,,
CUST01556,30,Female,Monthly,45.93,2605.34,45,Bank Transfer,0,No,,,,,,,,,,,,
CUST01557,57,Female,Monthly,62.99,371.26,8,Direct Debit,1,Yes,,,,,,,,,,,,
CUST01558,79,Female,Two Year,64.79,3775.3,65,Debit Card,3,No,,,,,,,,,,,,
CUST01559,35,Male,Monthly,73.71,2782.04,40,Credit Card,0,Yes,,,,,,,,,,,,
CUST01560,42,Male,One Year,77.1,345.48,5,Credit Card,3,No,,,,,,,,,,,,
CUST01561,50,Female,Monthly,27.03,3645.61,45,Direct Debit,1,No,,,,,,,,,,,,
CUST01562,64,Male,One Year,68.65,1338.06,46,Direct Debit,1,No,,,,,,,,,,,,
CUST01563,57,Male,Two Year,64.87,2552.16,36,Credit Card,2,No,,,,,,,,,,,,
CUST01564,77,Female,One Year,86.39,1185.14,17,Credit Card,4,No,,,,,,,,,,,,
CUST01565,60,Male,Two Year,52.73,3269.79,41,Debit Card,0,No,,,,,,,,,,,,
CUST01566,29,Female,Monthly,81.8,1545.09,30,Direct Debit,1,No,,,,,,,,,,,,
CUST01567,61,Female,Monthly,67.22,4237.57,52,Credit Card,1,No,,,,,,,,,,,,
CUST01568,53,Male,One Year,48.89,1405.26,20,Bank Transfer,1,No,,,,,,,,,,,,
CUST01569,65,Female,One Year,81.1,1803.56,36,Credit Card,0,No,,,,,,,,,,,,
CUST01570,21,Male,Two Year,76.87,5554.72,66,Direct Debit,3,No,,,,,,,,,,,,
CUST01571,22,Female,Monthly,64.55,3262.48,45,Credit Card,2,No,,,,,,,,,,,,
CUST01572,73,Male,Monthly,53.11,272.44,4,Credit Card,4,Yes,,,,,,,,,,,,
CUST01573,54,Female,Monthly,83.09,2792.41,50,Bank Transfer,2,No,,,,,,,,,,,,
CUST01574,25,Male,Two Year,79.93,4766.58,55,Bank Transfer,2,No,,,,,,,,,,,,
CUST01575,80,Male,Two Year,65.92,4955.78,59,Direct Debit,1,No,,,,,,,,,,,,
CUST01576,59,Male,One Year,70.74,2641.77,42,Credit Card,1,No,,,,,,,,,,,,
CUST01577,66,Male,Monthly,42.58,133.34,2,Bank Transfer,3,No,,,,,,,,,,,,
CUST01578,45,Male,One Year,92.57,2082.49,46,Credit Card,0,No,,,,,,,,,,,,
CUST01579,48,Female,One Year,49.18,198.68,2,Bank Transfer,1,Yes,,,,,,,,,,,,
CUST01580,75,Female,Monthly,82.15,2429.2,50,Credit Card,2,No,,,,,,,,,,,,
CUST01581,26,Male,One Year,111.7,81.45,1,Credit Card,4,Yes,,,,,,,,,,,,
CUST01582,71,Male,Monthly,55.79,1508.09,13,Debit Card,2,No,,,,,,,,,,,,
CUST01583,68,Female,Monthly,60.1,3902.18,70,Debit Card,1,No,,,,,,,,,,,,
CUST01584,46,Female,Monthly,48.52,1282.76,22,Debit Card,2,No,,,,,,,,,,,,
CUST01585,31,Male,One Year,86.43,783.94,17,Bank Transfer,0,No,,,,,,,,,,,,
CUST01586,57,Female,Two Year,68.24,4709.9,59,Debit Card,1,No,,,,,,,,,,,,
CUST01587,58,Male,One Year,35.11,4843.83,70,Credit Card,1,No,,,,,,,,,,,,
CUST01588,39,Female,One Year,47.56,99.3,3,Debit Card,2,No,,,,,,,,,,,,
CUST01589,28,Male,Monthly,78.02,3520.08,70,Credit Card,0,No,,,,,,,,,,,,
CUST01590,40,Male,One Year,53.96,4118.34,49,Credit Card,1,No,,,,,,,,,,,,
CUST01591,18,Female,Monthly,30.59,2679.76,50,Credit Card,1,No,,,,,,,,,,,,
CUST01592,63,Male,One Year,81.7,1004.8,35,Credit Card,0,No,,,,,,,,,,,,
CUST01593,54,Female,Monthly,72.03,1904.06,23,Direct Debit,2,No,,,,,,,,,,,,
CUST01594,38,Male,One Year,49.73,5247.46,72,Bank Transfer,0,No,,,,,,,,,,,,
CUST01595,43,Female,One Year,58.9,327.69,7,Bank Transfer,2,No,,,,,,,,,,,,
CUST01596,63,Female,One Year,58.79,3014.23,50,Direct Debit,1,No,,,,,,,,,,,,
CUST01597,53,Male,One Year,67.42,570.6,10,Direct Debit,0,No,,,,,,,,,,,,
CUST01598,71,Female,Monthly,92.05,3913.08,55,Debit Card,2,No,,,,,,,,,,,,
CUST01599,40,Female,One Year,86.23,1773.55,19,Debit Card,1,No,,,,,,,,,,,,
CUST01600,74,Female,Monthly,71.31,1962.01,23,Direct Debit,1,No,,,,,,,,,,,,
CUST01601,18,Female,Two Year,64.93,4902.16,64,Direct Debit,2,No,,,,,,,,,,,,
CUST01602,80,Female,One Year,56.06,2139.68,33,Direct Debit,2,No,,,,,,,,,,,,
CUST01603,71,Male,Monthly,91.16,3929.24,66,Bank Transfer,0,No,,,,,,,,,,,,
CUST01604,72,Male,Two Year,65.85,789.5,9,Bank Transfer,2,No,,,,,,,,,,,,
CUST01605,68,Female,One Year,42.48,1891.86,29,Bank Transfer,2,No,,,,,,,,,,,,
CUST01606,57,Female,Two Year,120,713.73,18,Bank Transfer,3,No,,,,,,,,,,,,
CUST01607,32,Male,One Year,74.22,8414.7,71,Debit Card,1,No,,,,,,,,,,,,
CUST01608,38,Female,Monthly,48.2,2288.24,29,Direct Debit,0,Yes,,,,,,,,,,,,
CUST01609,64,Female,Monthly,86.67,3095.19,61,Direct Debit,0,No,,,,,,,,,,,,
CUST01610,26,Male,Monthly,81.55,466.33,5,Bank Transfer,4,No,,,,,,,,,,,,
CUST01611,70,Male,Two Year,56.02,5851.79,69,Debit Card,0,No,,,,,,,,,,,,
CUST01612,26,Female,One Year,51.23,3022.42,56,Bank Transfer,3,No,,,,,,,,,,,,
CUST01613,27,Male,Monthly,61,2519.39,52,Credit Card,2,No,,,,,,,,,,,,
CUST01614,69,Female,One Year,80.09,868.08,15,Direct Debit,1,No,,,,,,,,,,,,
CUST01615,74,Female,One Year,87.18,1643.16,20,Bank Transfer,3,No,,,,,,,,,,,,
CUST01616,70,Male,Monthly,57.72,1368.6,16,Credit Card,0,No,,,,,,,,,,,,
CUST01617,43,Male,Monthly,98.87,1423.15,25,Bank Transfer,1,No,,,,,,,,,,,,
CUST01618,58,Male,Monthly,39.89,5960.72,57,Direct Debit,2,No,,,,,,,,,,,,
CUST01619,52,Male,Monthly,59.76,868.07,21,Credit Card,0,No,,,,,,,,,,,,
CUST01620,80,Female,Monthly,68.8,284.9,5,Credit Card,1,No,,,,,,,,,,,,
CUST01621,69,Male,Monthly,54.65,586.62,9,Debit Card,2,No,,,,,,,,,,,,
CUST01622,42,Female,Two Year,59.6,632.11,11,Direct Debit,1,No,,,,,,,,,,,,
CUST01623,43,Male,Monthly,94.53,4155.16,65,Credit Card,1,No,,,,,,,,,,,,
CUST01624,28,Male,Monthly,67.7,5655.37,63,Direct Debit,4,No,,,,,,,,,,,,
CUST01625,55,Male,Monthly,76.22,1887.43,26,Debit Card,1,No,,,,,,,,,,,,
CUST01626,19,Male,Monthly,75.52,1431.9,19,Credit Card,1,No,,,,,,,,,,,,
CUST01627,24,Male,Monthly,76.8,1286.75,16,Debit Card,0,No,,,,,,,,,,,,
CUST01628,35,Male,Monthly,61.6,4473.42,56,Debit Card,3,No,,,,,,,,,,,,
CUST01629,44,Female,One Year,29.24,4460.31,68,Direct Debit,1,No,,,,,,,,,,,,
CUST01630,51,Female,One Year,87.99,897.57,30,Direct Debit,1,No,,,,,,,,,,,,
CUST01631,49,Male,Monthly,62.79,582.13,7,Credit Card,1,No,,,,,,,,,,,,
CUST01632,34,Male,One Year,61.4,700.48,12,Debit Card,3,No,,,,,,,,,,,,
CUST01633,60,Male,Monthly,62.24,1503.57,24,Direct Debit,1,No,,,,,,,,,,,,
CUST01634,76,Male,Monthly,71.89,1272.52,22,Debit Card,0,No,,,,,,,,,,,,
CUST01635,61,Female,One Year,56.54,3236.1,47,Debit Card,2,No,,,,,,,,,,,,
CUST01636,76,Male,One Year,61.78,1616.47,30,Credit Card,3,No,,,,,,,,,,,,
CUST01637,68,Male,One Year,85.18,3663.57,60,Direct Debit,0,No,,,,,,,,,,,,
CUST01638,71,Male,Monthly,64.88,3373.78,39,Debit Card,2,No,,,,,,,,,,,,
CUST01639,41,Male,Two Year,52.3,1382.96,20,Bank Transfer,0,No,,,,,,,,,,,,
CUST01640,42,Male,Monthly,79.95,1454.7,26,Bank Transfer,1,Yes,,,,,,,,,,,,
CUST01641,24,Female,Monthly,65.17,4219.91,49,Credit Card,1,Yes,,,,,,,,,,,,
CUST01642,69,Male,Monthly,80.75,4686.54,69,Credit Card,2,No,,,,,,,,,,,,
CUST01643,23,Male,One Year,54.58,3620.11,42,Direct Debit,1,No,,,,,,,,,,,,
CUST01644,70,Female,Two Year,72.79,342.71,6,Direct Debit,4,No,,,,,,,,,,,,
CUST01645,41,Female,Monthly,82.22,4111.32,53,Bank Transfer,3,No,,,,,,,,,,,,
CUST01646,50,Female,Monthly,48.72,2618.44,34,Credit Card,1,No,,,,,,,,,,,,
CUST01647,66,Female,One Year,75.36,3609.95,69,Debit Card,1,No,,,,,,,,,,,,
CUST01648,46,Male,Two Year,105.75,721.59,10,Bank Transfer,2,No,,,,,,,,,,,,
CUST01649,80,Female,Monthly,75.23,2993.44,28,Debit Card,2,No,,,,,,,,,,,,
CUST01650,60,Female,One Year,73.76,226.3,3,Direct Debit,1,No,,,,,,,,,,,,
CUST01651,39,Male,Monthly,82.76,3577,48,Credit Card,0,No,,,,,,,,,,,,
CUST01652,43,Female,One Year,86.62,5638.72,66,Bank Transfer,2,No,,,,,,,,,,,,
CUST01653,45,Female,Monthly,73.91,3050.91,35,Debit Card,1,No,,,,,,,,,,,,
CUST01654,67,Male,Monthly,45.83,3959.39,52,Bank Transfer,1,No,,,,,,,,,,,,
CUST01655,38,Male,One Year,49.02,2857.09,62,Bank Transfer,1,No,,,,,,,,,,,,
CUST01656,66,Male,Two Year,61.67,2350.03,52,Debit Card,3,No,,,,,,,,,,,,
CUST01657,24,Male,Monthly,44.01,2957.56,47,Credit Card,1,No,,,,,,,,,,,,
CUST01658,34,Male,Monthly,97.35,2397.53,54,Bank Transfer,0,No,,,,,,,,,,,,
CUST01659,37,Female,Monthly,51.97,2763.24,28,Direct Debit,3,No,,,,,,,,,,,,
CUST01660,58,Female,Monthly,65.05,1099.98,23,Bank Transfer,2,No,,,,,,,,,,,,
CUST01661,66,Male,One Year,51.68,2265.37,35,Credit Card,1,No,,,,,,,,,,,,
CUST01662,37,Female,Monthly,78.06,1752.98,32,Direct Debit,3,No,,,,,,,,,,,,
CUST01663,71,Male,One Year,89.5,151.94,2,Credit Card,3,No,,,,,,,,,,,,
CUST01664,39,Male,Monthly,34.82,1419.37,16,Debit Card,2,No,,,,,,,,,,,,
CUST01665,45,Female,Two Year,84.98,523.46,16,Debit Card,1,No,,,,,,,,,,,,
CUST01666,80,Female,Monthly,47.77,4299.47,51,Debit Card,2,No,,,,,,,,,,,,
CUST01667,78,Female,Monthly,62.64,3147.22,67,Debit Card,1,No,,,,,,,,,,,,
CUST01668,57,Female,Monthly,115.06,3589.87,54,Direct Debit,0,No,,,,,,,,,,,,
CUST01669,66,Female,Two Year,74.57,2130.15,20,Credit Card,4,Yes,,,,,,,,,,,,
CUST01670,24,Female,Monthly,86.67,2638.47,33,Debit Card,3,Yes,,,,,,,,,,,,
CUST01671,18,Male,Monthly,67.49,701.84,8,Credit Card,2,No,,,,,,,,,,,,
CUST01672,49,Female,Two Year,57.12,1627.44,24,Bank Transfer,4,No,,,,,,,,,,,,
CUST01673,30,Female,Two Year,52.81,3214.43,53,Credit Card,1,No,,,,,,,,,,,,
CUST01674,47,Female,One Year,99.37,3212.75,64,Debit Card,0,No,,,,,,,,,,,,
CUST01675,40,Male,Monthly,109.57,5495.13,58,Debit Card,2,No,,,,,,,,,,,,
CUST01676,68,Female,Monthly,67.63,4296.96,37,Credit Card,4,No,,,,,,,,,,,,
CUST01677,76,Female,One Year,95.64,867.32,12,Debit Card,1,No,,,,,,,,,,,,
CUST01678,73,Male,Monthly,87.03,403.24,4,Debit Card,3,Yes,,,,,,,,,,,,
CUST01679,36,Female,Monthly,67.92,2499.91,31,Debit Card,1,No,,,,,,,,,,,,
CUST01680,79,Male,Monthly,62.36,2643.76,38,Debit Card,4,No,,,,,,,,,,,,
CUST01681,49,Male,Two Year,61.37,2289.28,37,Debit Card,0,No,,,,,,,,,,,,
CUST01682,47,Female,Monthly,105.9,901.5,14,Bank Transfer,4,Yes,,,,,,,,,,,,
CUST01683,46,Male,One Year,87.23,2402.58,24,Direct Debit,2,No,,,,,,,,,,,,
CUST01684,66,Male,Monthly,66.48,930.96,10,Bank Transfer,2,No,,,,,,,,,,,,
CUST01685,62,Female,One Year,55.36,2459.71,38,Direct Debit,2,No,,,,,,,,,,,,
CUST01686,46,Female,One Year,80.45,2313.15,43,Direct Debit,1,No,,,,,,,,,,,,
CUST01687,47,Male,Monthly,43.38,2823.5,37,Credit Card,3,No,,,,,,,,,,,,
CUST01688,33,Female,Monthly,50.47,1678.23,42,Credit Card,0,No,,,,,,,,,,,,
CUST01689,57,Female,One Year,65.54,1566.65,32,Direct Debit,1,No,,,,,,,,,,,,
CUST01690,36,Female,Monthly,56.07,865.93,14,Credit Card,0,No,,,,,,,,,,,,
CUST01691,35,Female,One Year,59.45,232.83,4,Bank Transfer,3,No,,,,,,,,,,,,
CUST01692,18,Female,One Year,77.88,1485.39,24,Direct Debit,0,No,,,,,,,,,,,,
CUST01693,31,Male,One Year,109.95,819.66,10,Bank Transfer,1,No,,,,,,,,,,,,
CUST01694,68,Male,Monthly,85.23,1620,16,Credit Card,2,Yes,,,,,,,,,,,,
CUST01695,64,Female,Monthly,63.02,3244.98,39,Direct Debit,1,No,,,,,,,,,,,,
CUST01696,67,Female,One Year,88.82,1044.67,18,Debit Card,3,No,,,,,,,,,,,,
CUST01697,19,Male,Monthly,63.27,2223.24,25,Direct Debit,0,No,,,,,,,,,,,,
CUST01698,71,Female,Two Year,23.69,471.87,7,Debit Card,2,No,,,,,,,,,,,,
CUST01699,45,Female,Two Year,95,1307.09,56,Debit Card,3,No,,,,,,,,,,,,
CUST01700,66,Male,Monthly,47.39,4731.95,47,Direct Debit,3,No,,,,,,,,,,,,
CUST01701,67,Male,Monthly,72.76,152.35,3,Credit Card,4,Yes,,,,,,,,,,,,
CUST01702,47,Male,Monthly,45.55,69.71,1,Credit Card,2,No,,,,,,,,,,,,
CUST01703,55,Female,Two Year,48.36,1385.34,33,Credit Card,2,No,,,,,,,,,,,,
CUST01704,68,Male,Monthly,62.83,3565.17,71,Debit Card,2,No,,,,,,,,,,,,
CUST01705,80,Male,Monthly,20,3753.83,59,Direct Debit,3,No,,,,,,,,,,,,
CUST01706,21,Female,One Year,54.77,1404.78,72,Debit Card,1,No,,,,,,,,,,,,
CUST01707,18,Female,Monthly,77.37,1715.51,32,Credit Card,0,No,,,,,,,,,,,,
CUST01708,25,Male,Monthly,77.38,1227.11,17,Bank Transfer,2,Yes,,,,,,,,,,,,
CUST01709,46,Male,Monthly,28.91,1393.56,17,Credit Card,1,No,,,,,,,,,,,,
CUST01710,72,Female,One Year,89.95,582.05,21,Bank Transfer,0,No,,,,,,,,,,,,
CUST01711,56,Female,Monthly,116.2,4628.33,55,Debit Card,4,No,,,,,,,,,,,,
CUST01712,20,Female,Monthly,95.76,728.38,6,Debit Card,3,Yes,,,,,,,,,,,,
CUST01713,49,Female,Two Year,58.56,4681.03,49,Credit Card,1,No,,,,,,,,,,,,
CUST01714,27,Male,Monthly,50.91,1586.6,26,Credit Card,1,No,,,,,,,,,,,,
CUST01715,27,Male,One Year,51.61,1733.87,32,Direct Debit,1,No,,,,,,,,,,,,
CUST01716,36,Male,Monthly,107.41,3645.84,72,Credit Card,0,No,,,,,,,,,,,,
CUST01717,63,Male,Monthly,59.93,4389.15,44,Direct Debit,4,No,,,,,,,,,,,,
CUST01718,51,Female,Monthly,52.42,3396.27,59,Direct Debit,1,Yes,,,,,,,,,,,,
CUST01719,77,Male,One Year,87,1410.99,29,Credit Card,0,No,,,,,,,,,,,,
CUST01720,50,Male,Monthly,92.47,1395.98,17,Direct Debit,2,No,,,,,,,,,,,,
CUST01721,40,Female,Monthly,90.83,1757.39,18,Credit Card,1,No,,,,,,,,,,,,
CUST01722,72,Male,Monthly,48.91,3889.8,40,Direct Debit,3,Yes,,,,,,,,,,,,
CUST01723,45,Male,Monthly,80.07,3168.55,63,Debit Card,1,No,,,,,,,,,,,,
CUST01724,49,Male,Monthly,95.34,3736.8,45,Credit Card,0,No,,,,,,,,,,,,
CUST01725,67,Female,One Year,69,296.61,3,Direct Debit,3,Yes,,,,,,,,,,,,
CUST01726,24,Female,Monthly,70.95,194.53,3,Direct Debit,3,No,,,,,,,,,,,,
CUST01727,46,Male,One Year,73.06,2500.74,38,Bank Transfer,0,Yes,,,,,,,,,,,,
CUST01728,25,Female,Monthly,63.25,3015.17,40,Debit Card,1,No,,,,,,,,,,,,
CUST01729,18,Female,Monthly,71.52,3982.67,68,Direct Debit,2,No,,,,,,,,,,,,
CUST01730,49,Female,Two Year,89.13,4054.72,54,Bank Transfer,0,Yes,,,,,,,,,,,,
CUST01731,72,Female,Monthly,94.8,1808.59,20,Credit Card,4,No,,,,,,,,,,,,
CUST01732,20,Female,Monthly,63.7,1334.07,15,Debit Card,2,Yes,,,,,,,,,,,,
CUST01733,41,Female,One Year,62.1,326.62,5,Direct Debit,7,No,,,,,,,,,,,,
CUST01734,40,Male,Two Year,61.46,2463.09,39,Direct Debit,1,No,,,,,,,,,,,,
CUST01735,76,Male,Monthly,94.31,2409.75,40,Direct Debit,1,No,,,,,,,,,,,,
CUST01736,80,Male,Two Year,58.01,693.73,7,Debit Card,3,No,,,,,,,,,,,,
CUST01737,78,Female,One Year,67.04,4046.14,72,Bank Transfer,2,No,,,,,,,,,,,,
CUST01738,25,Female,Monthly,67.89,2169.1,33,Credit Card,2,No,,,,,,,,,,,,
CUST01739,71,Female,One Year,75.62,2590.95,37,Direct Debit,3,No,,,,,,,,,,,,
CUST01740,74,Male,Monthly,40.99,2517.42,32,Bank Transfer,1,Yes,,,,,,,,,,,,
CUST01741,64,Female,Monthly,81.37,1698.71,43,Credit Card,0,No,,,,,,,,,,,,
CUST01742,54,Female,Monthly,72.64,4729.97,63,Bank Transfer,2,No,,,,,,,,,,,,
CUST01743,20,Female,One Year,74.31,2479.6,36,Credit Card,2,No,,,,,,,,,,,,
CUST01744,68,Female,Monthly,77.45,3503.23,49,Debit Card,2,No,,,,,,,,,,,,
CUST01745,50,Female,Monthly,63.91,2061.72,25,Debit Card,1,No,,,,,,,,,,,,
CUST01746,45,Female,One Year,37.19,4483.7,66,Direct Debit,1,No,,,,,,,,,,,,
CUST01747,64,Female,One Year,81.89,343.32,9,Debit Card,1,No,,,,,,,,,,,,
CUST01748,25,Female,Two Year,41.26,1523.39,18,Credit Card,3,No,,,,,,,,,,,,
CUST01749,51,Male,Monthly,52.94,925.33,22,Credit Card,2,No,,,,,,,,,,,,
CUST01750,52,Male,Monthly,94.19,829.57,15,Bank Transfer,1,No,,,,,,,,,,,,
CUST01751,49,Female,Monthly,37.75,643.63,7,Credit Card,2,No,,,,,,,,,,,,
CUST01752,41,Male,One Year,66.14,494.42,13,Direct Debit,2,No,,,,,,,,,,,,
CUST01753,31,Female,Monthly,97.47,2446.06,36,Direct Debit,0,No,,,,,,,,,,,,
CUST01754,49,Male,Two Year,72.85,1551.64,16,Debit Card,1,No,,,,,,,,,,,,
CUST01755,73,Female,Monthly,34.35,3117.16,41,Direct Debit,3,Yes,,,,,,,,,,,,
CUST01756,63,Male,Two Year,80.8,771.28,21,Debit Card,1,No,,,,,,,,,,,,
CUST01757,60,Male,One Year,69.39,2321.69,28,Debit Card,3,No,,,,,,,,,,,,
CUST01758,33,Female,Two Year,71.23,1099.35,17,Credit Card,3,No,,,,,,,,,,,,
CUST01759,21,Male,Monthly,25.42,4711.61,65,Bank Transfer,3,No,,,,,,,,,,,,
CUST01760,69,Male,One Year,96.58,340.84,13,Direct Debit,0,No,,,,,,,,,,,,
CUST01761,54,Male,Monthly,106.69,3356.3,36,Direct Debit,4,No,,,,,,,,,,,,
CUST01762,71,Female,Monthly,69.16,6011.56,58,Direct Debit,3,No,,,,,,,,,,,,
CUST01763,38,Male,Monthly,51.05,1404.31,20,Direct Debit,1,No,,,,,,,,,,,,
CUST01764,31,Female,One Year,80.82,2742.57,52,Credit Card,1,No,,,,,,,,,,,,
CUST01765,48,Female,Monthly,73.26,513.74,6,Credit Card,2,Yes,,,,,,,,,,,,
CUST01766,72,Female,Two Year,83.65,1755.76,23,Debit Card,2,No,,,,,,,,,,,,
CUST01767,65,Female,Monthly,69.7,3307.54,42,Bank Transfer,1,No,,,,,,,,,,,,
CUST01768,35,Female,Monthly,79.85,1632.14,24,Debit Card,1,No,,,,,,,,,,,,
CUST01769,24,Male,Monthly,79.09,376.81,5,Direct Debit,3,Yes,,,,,,,,,,,,
CUST01770,27,Female,One Year,120,2634.93,32,Direct Debit,1,No,,,,,,,,,,,,
CUST01771,24,Male,Monthly,70.07,5313.73,46,Bank Transfer,1,Yes,,,,,,,,,,,,
CUST01772,50,Female,Two Year,73.31,1119.43,17,Credit Card,4,No,,,,,,,,,,,,
CUST01773,40,Male,Monthly,30.27,1851.5,27,Credit Card,6,Yes,,,,,,,,,,,,
CUST01774,49,Female,Two Year,40.92,1931.4,68,Debit Card,1,No,,,,,,,,,,,,
CUST01775,36,Male,Monthly,73.51,903.08,23,Direct Debit,0,No,,,,,,,,,,,,
CUST01776,65,Male,Monthly,65.06,2612.25,34,Debit Card,3,No,,,,,,,,,,,,
CUST01777,78,Female,One Year,41.42,1308.93,21,Bank Transfer,1,No,,,,,,,,,,,,
CUST01778,36,Female,Two Year,50.6,879.36,22,Direct Debit,1,No,,,,,,,,,,,,
CUST01779,53,Male,Monthly,73.14,3489.34,65,Credit Card,0,No,,,,,,,,,,,,
CUST01780,46,Female,Two Year,60.04,2318.88,32,Credit Card,1,No,,,,,,,,,,,,
CUST01781,77,Female,Monthly,49.13,3727.74,62,Unknown,0,No,,,,,,,,,,,,
CUST01782,35,Female,One Year,47.71,1266.19,28,Bank Transfer,1,No,,,,,,,,,,,,
CUST01783,19,Female,Monthly,52.33,311.64,7,Direct Debit,2,Yes,,,,,,,,,,,,
CUST01784,18,Male,Monthly,63.44,2934.6,54,Credit Card,1,No,,,,,,,,,,,,
CUST01785,64,Male,Monthly,59.39,4322.47,70,Debit Card,0,No,,,,,,,,,,,,
CUST01786,22,Female,Two Year,65.27,784.84,14,Debit Card,2,No,,,,,,,,,,,,
CUST01787,37,Female,Two Year,60.75,3548.96,55,Bank Transfer,0,No,,,,,,,,,,,,
CUST01788,28,Male,Monthly,26.02,3267.04,58,Credit Card,3,No,,,,,,,,,,,,
CUST01789,59,Male,Two Year,49.36,1183.23,44,Direct Debit,1,No,,,,,,,,,,,,
CUST01790,80,Female,Monthly,53.44,2118.05,46,Debit Card,3,No,,,,,,,,,,,,
CUST01791,19,Male,One Year,89.4,694.88,14,Direct Debit,1,No,,,,,,,,,,,,
CUST01792,20,Male,Monthly,62.73,3883.06,44,Debit Card,2,No,,,,,,,,,,,,
CUST01793,40,Male,One Year,79.88,2607.76,41,Debit Card,1,No,,,,,,,,,,,,
CUST01794,72,Male,Monthly,97.22,166.51,2,Direct Debit,2,No,,,,,,,,,,,,
CUST01795,29,Male,Monthly,61.27,452.73,5,Credit Card,1,No,,,,,,,,,,,,
CUST01796,37,Female,One Year,63.64,715.81,12,Credit Card,2,No,,,,,,,,,,,,
CUST01797,22,Male,One Year,66.22,2880.32,47,Bank Transfer,0,No,,,,,,,,,,,,
CUST01798,54,Male,One Year,62.76,2408.09,35,Bank Transfer,2,No,,,,,,,,,,,,
CUST01799,49,Male,Two Year,44.26,1167.53,19,Debit Card,1,No,,,,,,,,,,,,
CUST01800,47,Male,One Year,79.05,2845.42,63,Bank Transfer,1,No,,,,,,,,,,,,
CUST01801,26,Male,Monthly,72.3,631.33,8,Credit Card,3,No,,,,,,,,,,,,
CUST01802,51,Male,Monthly,49.7,1681.43,23,Credit Card,2,No,,,,,,,,,,,,
CUST01803,70,Female,One Year,58.32,632.21,13,Credit Card,0,No,,,,,,,,,,,,
CUST01804,61,Male,Two Year,24.19,1285.4,23,Direct Debit,0,No,,,,,,,,,,,,
CUST01805,52,Male,Two Year,35.53,697.07,31,Direct Debit,0,No,,,,,,,,,,,,
CUST01806,69,Male,One Year,84.19,1010.21,30,Credit Card,0,No,,,,,,,,,,,,
CUST01807,75,Female,One Year,60.37,3350.75,42,Credit Card,0,No,,,,,,,,,,,,
CUST01808,39,Female,One Year,67.4125,129.14,2,Credit Card,3,No,,,,,,,,,,,,
CUST01809,61,Male,Monthly,71.05,1146.5,11,Debit Card,3,No,,,,,,,,,,,,
CUST01810,41,Female,Monthly,68.85,1706.85,25,Direct Debit,1,No,,,,,,,,,,,,
CUST01811,34,Male,One Year,59.67,1870.67,29,Debit Card,3,No,,,,,,,,,,,,
CUST01812,27,Female,Two Year,40.9,1266.89,22,Credit Card,0,No,,,,,,,,,,,,
CUST01813,47,Male,Two Year,79.62,813.96,19,Debit Card,1,No,,,,,,,,,,,,
CUST01814,73,Female,Monthly,53.15,3458.07,41,Credit Card,1,No,,,,,,,,,,,,
CUST01815,76,Female,One Year,67.4125,2020.06,38,Debit Card,1,No,,,,,,,,,,,,
CUST01816,63,Male,Two Year,48.06,1992.25,29,Bank Transfer,1,No,,,,,,,,,,,,
CUST01817,40,Female,One Year,85.1,1050.33,22,Debit Card,2,No,,,,,,,,,,,,
CUST01818,49,Female,Monthly,73.14,646.25,8,Credit Card,2,No,,,,,,,,,,,,
CUST01819,34,Male,One Year,90.56,3189.95,47,Debit Card,2,No,,,,,,,,,,,,
CUST01820,67,Male,One Year,80.63,553.91,6,Direct Debit,1,No,,,,,,,,,,,,
CUST01821,68,Male,One Year,63.33,591.39,7,Credit Card,3,No,,,,,,,,,,,,
CUST01822,34,Female,One Year,91.04,2370.84,36,Credit Card,3,No,,,,,,,,,,,,
CUST01823,31,Female,Two Year,76.72,774.97,8,Debit Card,4,Yes,,,,,,,,,,,,
CUST01824,26,Male,Monthly,24.37,3706.22,46,Debit Card,3,No,,,,,,,,,,,,
CUST01825,57,Female,Monthly,51.53,1506.67,64,Credit Card,1,No,,,,,,,,,,,,
CUST01826,19,Female,One Year,67.88,1499.49,31,Credit Card,0,No,,,,,,,,,,,,
CUST01827,62,Female,Monthly,87,1543.94,23,Credit Card,2,Yes,,,,,,,,,,,,
CUST01828,42,Female,Two Year,61.87,5178.2,61,Debit Card,5,No,,,,,,,,,,,,
CUST01829,56,Female,Monthly,55.25,3206.64,50,Credit Card,0,No,,,,,,,,,,,,
CUST01830,26,Male,Monthly,21.29,2365.82,46,Direct Debit,3,No,,,,,,,,,,,,
CUST01831,71,Male,Two Year,95.54,980.36,43,Bank Transfer,0,No,,,,,,,,,,,,
CUST01832,39,Female,Monthly,90.54,1025.28,10,Debit Card,1,Yes,,,,,,,,,,,,
CUST01833,60,Male,Two Year,43.11,1691.53,20,Bank Transfer,5,No,,,,,,,,,,,,
CUST01834,63,Female,One Year,40.42,682.47,16,Bank Transfer,0,No,,,,,,,,,,,,
CUST01835,21,Male,Monthly,81.7,129,3,Direct Debit,1,No,,,,,,,,,,,,
CUST01836,43,Male,Two Year,97.4,2328.36,30,Direct Debit,1,No,,,,,,,,,,,,
CUST01837,75,Female,Monthly,55.61,1807.12,18,Bank Transfer,6,No,,,,,,,,,,,,
CUST01838,46,Female,Monthly,66.2,3391.87,59,Direct Debit,4,No,,,,,,,,,,,,
CUST01839,62,Male,Monthly,81.44,4436.48,70,Debit Card,3,No,,,,,,,,,,,,
CUST01840,51,Female,Monthly,40.32,2625.18,35,Debit Card,2,Yes,,,,,,,,,,,,
CUST01841,40,Female,Two Year,47.33,786.24,19,Credit Card,1,No,,,,,,,,,,,,
CUST01842,54,Female,One Year,62.32,1253.67,26,Debit Card,1,No,,,,,,,,,,,,
CUST01843,28,Male,Monthly,43.98,2233.45,35,Credit Card,1,No,,,,,,,,,,,,
CUST01844,23,Female,One Year,120,2992.5,72,Credit Card,0,No,,,,,,,,,,,,
CUST01845,35,Female,One Year,85.56,6953.53,57,Credit Card,5,No,,,,,,,,,,,,
CUST01846,38,Male,Two Year,64.62,4220.39,49,Direct Debit,1,No,,,,,,,,,,,,
CUST01847,59,Female,Monthly,64,641.29,10,Credit Card,0,No,,,,,,,,,,,,
CUST01848,53,Female,Two Year,38.59,1938.23,29,Bank Transfer,2,No,,,,,,,,,,,,
CUST01849,58,Female,Monthly,73.54,2690.92,71,Direct Debit,0,No,,,,,,,,,,,,
CUST01850,55,Female,One Year,76.13,4883.32,68,Bank Transfer,3,No,,,,,,,,,,,,
CUST01851,51,Male,Two Year,56.1,1839.11,24,Debit Card,0,No,,,,,,,,,,,,
CUST01852,34,Male,Monthly,61.47,2583.74,43,Direct Debit,1,Yes,,,,,,,,,,,,
CUST01853,54,Female,Monthly,51.64,2337.59,39,Debit Card,3,No,,,,,,,,,,,,
CUST01854,42,Female,Monthly,98.2,1279.71,25,Credit Card,0,No,,,,,,,,,,,,
CUST01855,55,Female,Monthly,98.18,6427.94,68,Direct Debit,1,No,,,,,,,,,,,,
CUST01856,75,Female,Monthly,72.03,3434.05,34,Credit Card,1,No,,,,,,,,,,,,
CUST01857,29,Male,One Year,72.43,3734.57,53,Direct Debit,4,No,,,,,,,,,,,,
CUST01858,40,Male,Monthly,46.29,4106.47,55,Credit Card,1,No,,,,,,,,,,,,
CUST01859,70,Male,Monthly,56.35,2314.3,53,Bank Transfer,0,No,,,,,,,,,,,,
CUST01860,59,Male,Monthly,63.88,975.96,18,Debit Card,1,No,,,,,,,,,,,,
CUST01861,39,Female,Monthly,56.24,426.15,7,Direct Debit,2,No,,,,,,,,,,,,
CUST01862,38,Male,Monthly,76.23,3700.38,63,Debit Card,0,No,,,,,,,,,,,,
CUST01863,44,Female,One Year,38.68,2991.41,42,Direct Debit,2,No,,,,,,,,,,,,
CUST01864,74,Male,Monthly,35.37,408.59,11,Debit Card,2,No,,,,,,,,,,,,
CUST01865,48,Female,Two Year,56.3,318.71,9,Bank Transfer,3,No,,,,,,,,,,,,
CUST01866,23,Female,Monthly,29.49,1840.55,35,Bank Transfer,2,Yes,,,,,,,,,,,,
CUST01867,44,Male,Two Year,90.61,1766.89,65,Credit Card,0,No,,,,,,,,,,,,
CUST01868,57,Male,Monthly,88.09,466.91,5,Direct Debit,3,Yes,,,,,,,,,,,,
CUST01869,51,Male,One Year,30.32,2331.96,26,Credit Card,3,No,,,,,,,,,,,,
CUST01870,29,Female,One Year,67.65,1424.7,51,Debit Card,0,No,,,,,,,,,,,,
CUST01871,62,Male,Two Year,58.38,2385.01,38,Unknown,2,No,,,,,,,,,,,,
CUST01872,74,Female,One Year,62.04,167.28,3,Direct Debit,1,No,,,,,,,,,,,,
CUST01873,70,Female,Two Year,74.64,3898.24,59,Bank Transfer,0,No,,,,,,,,,,,,
CUST01874,24,Female,One Year,22.89,994.03,13,Bank Transfer,3,No,,,,,,,,,,,,
CUST01875,27,Male,One Year,83.24,840.25,35,Bank Transfer,0,No,,,,,,,,,,,,
CUST01876,62,Female,Two Year,74.88,260.09,3,Direct Debit,1,Yes,,,,,,,,,,,,
CUST01877,34,Male,One Year,91.63,4275.35,53,Direct Debit,4,No,,,,,,,,,,,,
CUST01878,43,Male,Monthly,32.57,5402.63,55,Bank Transfer,2,No,,,,,,,,,,,,
CUST01879,38,Female,Monthly,60.33,1364.18,45,Debit Card,2,No,,,,,,,,,,,,
CUST01880,45,Female,Two Year,82.44,3677.69,66,Credit Card,2,No,,,,,,,,,,,,
CUST01881,79,Male,Monthly,75.21,5520.89,67,Credit Card,4,No,,,,,,,,,,,,
CUST01882,75,Male,One Year,87.98,3188.37,44,Direct Debit,3,No,,,,,,,,,,,,
CUST01883,63,Male,Monthly,77.81,5987.01,68,Direct Debit,0,No,,,,,,,,,,,,
CUST01884,19,Female,Monthly,27.63,4508.27,62,Bank Transfer,0,No,,,,,,,,,,,,
CUST01885,77,Male,One Year,89.35,735.94,25,Direct Debit,1,No,,,,,,,,,,,,
CUST01886,71,Female,One Year,61.14,4849.96,52,Debit Card,1,No,,,,,,,,,,,,
CUST01887,60,Female,Monthly,72.68,3082.49,50,Bank Transfer,2,No,,,,,,,,,,,,
CUST01888,18,Female,Monthly,102.23,72.27,1,Bank Transfer,3,Yes,,,,,,,,,,,,
CUST01889,68,Male,Monthly,66.07,3966.87,39,Debit Card,2,Yes,,,,,,,,,,,,
CUST01890,70,Female,One Year,63.4,3499.66,52,Bank Transfer,0,No,,,,,,,,,,,,
CUST01891,53,Female,Monthly,42.88,2554.4,40,Debit Card,0,No,,,,,,,,,,,,
CUST01892,68,Female,One Year,38.27,2565.49,60,Bank Transfer,0,No,,,,,,,,,,,,
CUST01893,43,Male,One Year,36.89,2716.37,69,Bank Transfer,1,No,,,,,,,,,,,,
CUST01894,46,Male,Two Year,68.92,769.08,20,Direct Debit,0,No,,,,,,,,,,,,
CUST01895,38,Male,Monthly,112.96,140.99,2,Direct Debit,4,Yes,,,,,,,,,,,,
CUST01896,28,Female,Monthly,64.44,998.97,9,Debit Card,3,Yes,,,,,,,,,,,,
CUST01897,57,Female,Monthly,68.57,2478.71,39,Unknown,3,No,,,,,,,,,,,,
CUST01898,28,Female,Monthly,84.25,1924.96,30,Credit Card,0,No,,,,,,,,,,,,
CUST01899,53,Male,Monthly,48.01,4487.3,54,Credit Card,3,Yes,,,,,,,,,,,,
CUST01900,66,Male,Two Year,99.02,2911.91,58,Bank Transfer,0,No,,,,,,,,,,,,
CUST01901,76,Male,Monthly,60.78,4054.67,44,Credit Card,1,No,,,,,,,,,,,,
CUST01902,56,Male,Monthly,95.12,2477.85,43,Bank Transfer,1,No,,,,,,,,,,,,
CUST01903,57,Male,Monthly,73.36,1003.34,10,Debit Card,2,Yes,,,,,,,,,,,,
CUST01904,52,Female,Two Year,73.02,3559.56,48,Credit Card,2,No,,,,,,,,,,,,
CUST01905,71,Female,Monthly,58.13,1275.34,17,Debit Card,0,No,,,,,,,,,,,,
CUST01906,51,Female,Monthly,90.24,282.35,5,Debit Card,1,Yes,,,,,,,,,,,,
CUST01907,72,Male,Monthly,63.72,6305.48,70,Credit Card,2,No,,,,,,,,,,,,
CUST01908,64,Male,One Year,54.66,4248.76,64,Debit Card,1,No,,,,,,,,,,,,
CUST01909,41,Male,One Year,103.11,3824.62,66,Debit Card,1,No,,,,,,,,,,,,
CUST01910,71,Female,Monthly,27.46,7876.26,71,Debit Card,1,No,,,,,,,,,,,,
CUST01911,39,Male,Monthly,99.11,116.01,4,Debit Card,5,No,,,,,,,,,,,,
CUST01912,22,Female,Monthly,106.99,2583.04,28,Debit Card,2,Yes,,,,,,,,,,,,
CUST01913,73,Male,One Year,52.43,3963.72,38,Credit Card,2,No,,,,,,,,,,,,
CUST01914,50,Female,Monthly,49.37,3598.18,66,Credit Card,0,No,,,,,,,,,,,,
CUST01915,75,Female,Two Year,48.09,3264.37,67,Direct Debit,1,No,,,,,,,,,,,,
CUST01916,53,Male,Monthly,88.39,2856.02,60,Debit Card,0,No,,,,,,,,,,,,
CUST01917,64,Female,Monthly,56.8,4349.96,47,Bank Transfer,0,No,,,,,,,,,,,,
CUST01918,37,Male,Monthly,58.08,1495.75,25,Debit Card,1,No,,,,,,,,,,,,
CUST01919,36,Female,Two Year,78.07,4012.01,66,Direct Debit,2,No,,,,,,,,,,,,
CUST01920,52,Male,One Year,30.06,5109.02,67,Debit Card,0,No,,,,,,,,,,,,
CUST01921,69,Male,Two Year,40.02,1983.88,69,Bank Transfer,2,No,,,,,,,,,,,,
CUST01922,60,Female,Monthly,76.13,1564.62,40,Credit Card,2,No,,,,,,,,,,,,
CUST01923,34,Female,Monthly,59,3929.15,50,Bank Transfer,1,Yes,,,,,,,,,,,,
CUST01924,79,Male,One Year,51.71,2308.92,40,Bank Transfer,3,No,,,,,,,,,,,,
CUST01925,76,Female,Monthly,65.86,1777.16,37,Credit Card,1,No,,,,,,,,,,,,
CUST01926,62,Male,One Year,68.3,4763.02,69,Credit Card,0,No,,,,,,,,,,,,
CUST01927,60,Male,Monthly,52.09,1080,17,Direct Debit,3,No,,,,,,,,,,,,
CUST01928,51,Female,Monthly,72.23,3485.95,62,Direct Debit,1,No,,,,,,,,,,,,
CUST01929,26,Male,Monthly,45.01,3132.75,41,Bank Transfer,0,No,,,,,,,,,,,,
CUST01930,43,Male,One Year,83.08,2028.45,42,Direct Debit,7,No,,,,,,,,,,,,
CUST01931,19,Female,Monthly,58.31,2712.81,31,Credit Card,1,No,,,,,,,,,,,,
CUST01932,70,Male,Two Year,105.85,1801.41,33,Direct Debit,3,No,,,,,,,,,,,,
CUST01933,26,Female,Monthly,37.97,4492.38,43,Debit Card,2,No,,,,,,,,,,,,
CUST01934,26,Male,One Year,58.78,2710.04,67,Bank Transfer,0,No,,,,,,,,,,,,
CUST01935,57,Male,Monthly,88.12,2087.43,38,Direct Debit,2,No,,,,,,,,,,,,
CUST01936,34,Male,Monthly,38.63,3500.34,41,Credit Card,0,No,,,,,,,,,,,,
CUST01937,18,Female,Two Year,70.51,2420.88,63,Bank Transfer,2,No,,,,,,,,,,,,
CUST01938,42,Female,Monthly,27.1,2797.8,40,Debit Card,0,No,,,,,,,,,,,,
CUST01939,78,Male,One Year,44.34,870.74,30,Debit Card,1,No,,,,,,,,,,,,
CUST01940,60,Male,One Year,51.92,2049.01,47,Direct Debit,0,No,,,,,,,,,,,,
CUST01941,57,Female,Monthly,62.28,1094.53,22,Direct Debit,0,No,,,,,,,,,,,,
CUST01942,59,Male,One Year,80.67,3395.22,55,Credit Card,1,No,,,,,,,,,,,,
CUST01943,42,Female,Two Year,65.11,3411.09,43,Bank Transfer,0,No,,,,,,,,,,,,
CUST01944,56,Male,Monthly,58.87,4050.07,61,Debit Card,2,No,,,,,,,,,,,,
CUST01945,52,Female,One Year,47.68,2032.78,32,Credit Card,3,No,,,,,,,,,,,,
CUST01946,20,Male,One Year,48.24,192.29,4,Direct Debit,4,No,,,,,,,,,,,,
CUST01947,67,Female,Monthly,90.82,2157.68,45,Credit Card,0,No,,,,,,,,,,,,
CUST01948,54,Female,Monthly,74.32,6637.23,72,Credit Card,2,No,,,,,,,,,,,,
CUST01949,61,Male,Monthly,59.32,1600.51,20,Credit Card,2,No,,,,,,,,,,,,
CUST01950,61,Male,One Year,98.21,4295.82,71,Debit Card,0,No,,,,,,,,,,,,
CUST01951,68,Female,One Year,20,5998.52,65,Credit Card,4,No,,,,,,,,,,,,
CUST01952,47,Female,One Year,90.94,1279.24,60,Bank Transfer,0,No,,,,,,,,,,,,
CUST01953,55,Male,Monthly,38.84,2398.8,26,Debit Card,2,Yes,,,,,,,,,,,,
CUST01954,51,Male,Monthly,62.85,844.45,23,Debit Card,0,No,,,,,,,,,,,,
CUST01955,29,Female,Two Year,88.85,2405.59,40,Credit Card,3,No,,,,,,,,,,,,
CUST01956,36,Male,Monthly,25.74,166.91,2,Debit Card,4,Yes,,,,,,,,,,,,
CUST01957,54,Female,Two Year,90.52,718.58,26,Debit Card,0,No,,,,,,,,,,,,
CUST01958,61,Male,One Year,68.8,5226.88,62,Debit Card,6,No,,,,,,,,,,,,
CUST01959,76,Female,Monthly,55.48,3155.28,44,Credit Card,0,Yes,,,,,,,,,,,,
CUST01960,76,Female,Monthly,75.49,1675.21,31,Credit Card,0,No,,,,,,,,,,,,
CUST01961,66,Female,Monthly,77.1,1831.19,26,Credit Card,1,Yes,,,,,,,,,,,,
CUST01962,78,Male,One Year,107.9,381.42,5,Bank Transfer,4,No,,,,,,,,,,,,
CUST01963,34,Female,Two Year,60.26,6949.09,70,Credit Card,0,No,,,,,,,,,,,,
CUST01964,27,Male,One Year,88.37,2216.17,35,Debit Card,1,No,,,,,,,,,,,,
CUST01965,74,Female,Monthly,73.75,1423.4,16,Bank Transfer,4,Yes,,,,,,,,,,,,
CUST01966,72,Female,Monthly,73.16,2268.6,31,Direct Debit,0,No,,,,,,,,,,,,
CUST01967,66,Male,One Year,65.9,1078.19,14,Direct Debit,0,No,,,,,,,,,,,,
CUST01968,64,Female,Monthly,49.02,1652.59,25,Direct Debit,2,No,,,,,,,,,,,,
CUST01969,29,Male,One Year,79.39,3533.49,71,Direct Debit,2,No,,,,,,,,,,,,
CUST01970,79,Female,Monthly,49.48,1501,18,Bank Transfer,1,No,,,,,,,,,,,,
CUST01971,33,Female,Monthly,29.74,2561.31,50,Direct Debit,4,No,,,,,,,,,,,,
CUST01972,41,Female,Monthly,71.69,609.94,20,Bank Transfer,0,Yes,,,,,,,,,,,,
CUST01973,36,Male,Monthly,47.5,4145.77,56,Debit Card,0,No,,,,,,,,,,,,
CUST01974,25,Male,One Year,64.35,91.4,2,Debit Card,1,No,,,,,,,,,,,,
CUST01975,48,Female,Monthly,27.29,1570.64,26,Bank Transfer,1,No,,,,,,,,,,,,
CUST01976,38,Male,Two Year,83.52,639.99,23,Direct Debit,1,No,,,,,,,,,,,,
CUST01977,34,Male,One Year,20,2554.62,32,Credit Card,1,No,,,,,,,,,,,,
CUST01978,40,Male,Monthly,78.99,241.18,13,Credit Card,1,No,,,,,,,,,,,,
CUST01979,54,Male,Monthly,76.83,986.51,13,Direct Debit,1,No,,,,,,,,,,,,
CUST01980,71,Female,One Year,73.39,1352.14,17,Bank Transfer,0,No,,,,,,,,,,,,
CUST01981,33,Male,Monthly,80.48,4398.57,58,Direct Debit,1,No,,,,,,,,,,,,
CUST01982,23,Female,Two Year,40.45,2313.16,27,Direct Debit,2,Yes,,,,,,,,,,,,
CUST01983,25,Male,One Year,109.09,706.93,17,Credit Card,0,No,,,,,,,,,,,,
CUST01984,42,Male,Monthly,46.54,4105.44,38,Credit Card,3,No,,,,,,,,,,,,
CUST01985,35,Male,One Year,83.07,626.59,14,Debit Card,1,No,,,,,,,,,,,,
CUST01986,42,Male,Monthly,105.64,1211.06,14,Direct Debit,2,No,,,,,,,,,,,,
CUST01987,29,Male,Monthly,56.13,1249.83,12,Credit Card,6,Yes,,,,,,,,,,,,
CUST01988,32,Female,Two Year,57.15,4068.47,69,Credit Card,1,No,,,,,,,,,,,,
CUST01989,76,Male,Monthly,80.78,4104.84,68,Credit Card,0,No,,,,,,,,,,,,
CUST01990,43,Male,One Year,50.18,4337.38,55,Debit Card,2,No,,,,,,,,,,,,
CUST01991,58,Male,Two Year,53.58,3082.34,63,Debit Card,0,No,,,,,,,,,,,,
CUST01992,62,Male,Monthly,83.74,1656.65,29,Direct Debit,0,No,,,,,,,,,,,,
CUST01993,43,Female,Monthly,86.01,3706.35,45,Bank Transfer,3,No,,,,,,,,,,,,
CUST01994,64,Female,Monthly,69.59,355.42,4,Direct Debit,4,Yes,,,,,,,,,,,,
CUST01995,49,Male,Monthly,70.42,1091.67,16,Debit Card,2,No,,,,,,,,,,,,
CUST01996,27,Male,Monthly,63.74,4819.71,66,Bank Transfer,1,No,,,,,,,,,,,,
CUST01997,33,Female,Two Year,56.12,1389.46,23,Bank Transfer,0,No,,,,,,,,,,,,
CUST01998,24,Male,Two Year,58.9,4021.25,68,Debit Card,2,No,,,,,,,,,,,,
CUST01999,34,Female,One Year,42.64,1269.07,20,Debit Card,1,No,,,,,,,,,,,,
CUST02000,40,Male,Monthly,46.29,755.7,17,Direct Debit,2,No,,,,,,,,,,,,
CUST02001,43,Female,Two Year,69.49,2352.82,52,Bank Transfer,0,No,,,,,,,,,,,,
CUST02002,38,Female,Monthly,111.86,420.62,6,Credit Card,0,Yes,,,,,,,,,,,,
CUST02003,39,Female,Monthly,48.62,4480.92,39,Credit Card,4,No,,,,,,,,,,,,
CUST02004,75,Male,Monthly,59.05,1571.85,34,Credit Card,1,No,,,,,,,,,,,,
CUST02005,24,Male,Monthly,34.42,3077.94,54,Credit Card,3,No,,,,,,,,,,,,
CUST02006,31,Male,Two Year,22.79,2345.32,65,Debit Card,0,No,,,,,,,,,,,,
CUST02007,32,Male,One Year,93.96,708,29,Debit Card,1,No,,,,,,,,,,,,
CUST02008,70,Male,One Year,74.55,3712,41,Credit Card,1,No,,,,,,,,,,,,
CUST02009,24,Male,One Year,91.16,4431.82,63,Bank Transfer,0,No,,,,,,,,,,,,
CUST02010,26,Female,One Year,33.52,3141.91,32,Direct Debit,2,Yes,,,,,,,,,,,,
CUST02011,68,Female,Monthly,83.64,2148.59,66,Credit Card,0,No,,,,,,,,,,,,
CUST02012,65,Male,Monthly,102.76,3931.5,45,Credit Card,8,Yes,,,,,,,,,,,,
CUST02013,25,Male,Two Year,90.28,1713.1,17,Debit Card,2,No,,,,,,,,,,,,
CUST02014,67,Female,Monthly,73.86,4160.97,43,Bank Transfer,2,Yes,,,,,,,,,,,,
CUST02015,76,Male,Two Year,54.37,4952.39,66,Bank Transfer,1,No,,,,,,,,,,,,
CUST02016,40,Female,Monthly,99.21,3646.95,68,Bank Transfer,1,No,,,,,,,,,,,,
CUST02017,46,Male,Monthly,56.61,3199.54,34,Direct Debit,0,No,,,,,,,,,,,,
CUST02018,35,Male,Monthly,75.24,54.4,1,Direct Debit,3,No,,,,,,,,,,,,
CUST02019,48,Male,One Year,49.33,1829.36,23,Direct Debit,2,No,,,,,,,,,,,,
CUST02020,47,Male,Monthly,64.28,275,6,Debit Card,3,No,,,,,,,,,,,,
CUST02021,69,Female,One Year,90.08,972.01,16,Direct Debit,5,No,,,,,,,,,,,,
CUST02022,56,Female,Monthly,83.42,171.3,2,Direct Debit,4,No,,,,,,,,,,,,
CUST02023,52,Male,One Year,69.85,2097.62,27,Bank Transfer,1,No,,,,,,,,,,,,
CUST02024,35,Female,Monthly,114.6,1366.57,19,Bank Transfer,3,No,,,,,,,,,,,,
CUST02025,76,Male,Monthly,66.5,3455.89,28,Direct Debit,6,Yes,,,,,,,,,,,,
CUST02026,59,Female,Monthly,93.46,2193.14,35,Direct Debit,5,Yes,,,,,,,,,,,,
CUST02027,56,Female,Monthly,58.2,6659.25,68,Credit Card,2,No,,,,,,,,,,,,
CUST02028,34,Male,Monthly,39.41,2704.19,49,Debit Card,3,No,,,,,,,,,,,,
CUST02029,31,Male,One Year,66.16,296.78,7,Direct Debit,0,No,,,,,,,,,,,,
CUST02030,48,Male,Monthly,36.18,2450.68,37,Debit Card,1,No,,,,,,,,,,,,
CUST02031,41,Female,Monthly,76.77,954.79,25,Credit Card,1,No,,,,,,,,,,,,
CUST02032,52,Female,Monthly,72.94,2981.66,41,Credit Card,0,No,,,,,,,,,,,,
CUST02033,61,Female,Monthly,83.94,4801.04,62,Bank Transfer,2,No,,,,,,,,,,,,
CUST02034,77,Female,Monthly,70.57,3211.17,41,Direct Debit,0,No,,,,,,,,,,,,
CUST02035,62,Male,Monthly,64.33,912.56,14,Credit Card,2,No,,,,,,,,,,,,
CUST02036,51,Male,Monthly,70.27,3589.96,54,Bank Transfer,4,No,,,,,,,,,,,,
CUST02037,20,Female,Monthly,88.05,131.69,2,Direct Debit,2,No,,,,,,,,,,,,
CUST02038,54,Male,One Year,86.26,4473.76,48,Credit Card,3,No,,,,,,,,,,,,
CUST02039,60,Female,One Year,96.17,4484.62,51,Credit Card,2,No,,,,,,,,,,,,
CUST02040,57,Male,Monthly,24.74,5146.31,55,Direct Debit,2,No,,,,,,,,,,,,
CUST02041,43,Male,Monthly,92.75,286.3,12,Direct Debit,2,No,,,,,,,,,,,,
CUST02042,72,Male,Monthly,83.69,5971.66,69,Credit Card,3,No,,,,,,,,,,,,
CUST02043,40,Female,Monthly,111.74,86.19,1,Direct Debit,2,No,,,,,,,,,,,,
CUST02044,61,Male,Monthly,55.04,7032.55,59,Bank Transfer,5,No,,,,,,,,,,,,
CUST02045,56,Female,One Year,63.31,1948.24,34,Credit Card,3,No,,,,,,,,,,,,
CUST02046,32,Female,Monthly,67.7,2967.89,46,Direct Debit,0,No,,,,,,,,,,,,
CUST02047,73,Female,Two Year,22.71,3750.62,59,Debit Card,2,No,,,,,,,,,,,,
CUST02048,66,Female,Monthly,20,1577.43,66,Direct Debit,1,No,,,,,,,,,,,,
CUST02049,21,Male,One Year,71.32,408.3,19,Debit Card,0,No,,,,,,,,,,,,
CUST02050,46,Female,One Year,46.52,1921.18,28,Direct Debit,1,No,,,,,,,,,,,,
CUST02051,39,Male,Monthly,43.08,1837.09,40,Credit Card,1,No,,,,,,,,,,,,
CUST02052,42,Male,Monthly,75.09,2264.64,57,Debit Card,3,No,,,,,,,,,,,,
CUST02053,30,Male,One Year,28.75,4032.96,51,Debit Card,1,No,,,,,,,,,,,,
CUST02054,35,Female,Two Year,84.21,584,22,Credit Card,3,No,,,,,,,,,,,,
CUST02055,50,Female,Monthly,52.07,5713.92,68,Direct Debit,3,No,,,,,,,,,,,,
CUST02056,33,Female,Monthly,52.69,421.66,8,Credit Card,1,No,,,,,,,,,,,,
CUST02057,62,Female,Monthly,77.9,2936.58,60,Bank Transfer,0,Yes,,,,,,,,,,,,
CUST02058,59,Female,Monthly,37.06,4800.74,65,Direct Debit,1,No,,,,,,,,,,,,
CUST02059,61,Male,Two Year,101.36,1396.24,36,Bank Transfer,1,No,,,,,,,,,,,,
CUST02060,79,Female,One Year,66.59,6911.62,71,Debit Card,2,No,,,,,,,,,,,,
CUST02061,19,Male,Monthly,70.99,2000.54,29,Direct Debit,1,No,,,,,,,,,,,,
CUST02062,72,Female,Monthly,83,4798.32,65,Debit Card,1,No,,,,,,,,,,,,
CUST02063,52,Female,Monthly,83.12,4579.07,56,Credit Card,1,No,,,,,,,,,,,,
CUST02064,59,Female,Two Year,50.82,309.27,4,Debit Card,3,No,,,,,,,,,,,,
CUST02065,51,Female,Two Year,83.94,3372.64,72,Bank Transfer,2,No,,,,,,,,,,,,
CUST02066,47,Male,Monthly,86.58,4191.97,50,Bank Transfer,1,No,,,,,,,,,,,,
CUST02067,76,Female,Monthly,91.69,3145.09,39,Bank Transfer,1,No,,,,,,,,,,,,
CUST02068,72,Male,Two Year,59.87,3325.44,35,Credit Card,3,No,,,,,,,,,,,,
CUST02069,30,Female,Monthly,84.3,1468.21,25,Bank Transfer,3,No,,,,,,,,,,,,
CUST02070,30,Female,Monthly,80.92,3817.98,44,Debit Card,0,No,,,,,,,,,,,,
CUST02071,35,Female,Monthly,78.74,3747.35,47,Credit Card,4,No,,,,,,,,,,,,
CUST02072,49,Female,Monthly,25.97,3214.27,40,Direct Debit,3,No,,,,,,,,,,,,
CUST02073,49,Male,Monthly,86.49,847.97,31,Debit Card,0,No,,,,,,,,,,,,
CUST02074,52,Male,Two Year,87.34,6334.9,69,Debit Card,3,No,,,,,,,,,,,,
CUST02075,76,Female,One Year,83.75,3465.32,43,Direct Debit,4,No,,,,,,,,,,,,
CUST02076,56,Male,Monthly,58.72,4713.49,55,Credit Card,1,No,,,,,,,,,,,,
CUST02077,63,Male,Monthly,99.16,949.16,16,Bank Transfer,1,No,,,,,,,,,,,,
CUST02078,69,Female,One Year,68.89,6890.73,68,Direct Debit,1,No,,,,,,,,,,,,
CUST02079,46,Female,Monthly,81.43,4417.32,69,Credit Card,2,No,,,,,,,,,,,,
CUST02080,79,Female,Monthly,48.15,3184.7,42,Direct Debit,5,No,,,,,,,,,,,,
CUST02081,66,Male,Monthly,58.78,1973.2,41,Direct Debit,0,No,,,,,,,,,,,,
CUST02082,46,Female,One Year,73.05,2730.74,50,Debit Card,3,No,,,,,,,,,,,,
CUST02083,79,Male,Monthly,53.63,457.68,6,Credit Card,1,No,,,,,,,,,,,,
CUST02084,70,Female,Monthly,57.61,2966.31,53,Direct Debit,1,No,,,,,,,,,,,,
CUST02085,61,Male,Monthly,82.17,919.4,17,Bank Transfer,2,No,,,,,,,,,,,,
CUST02086,74,Female,Monthly,81.32,4650.01,57,Bank Transfer,0,No,,,,,,,,,,,,
CUST02087,33,Female,Two Year,37.27,5531.24,67,Direct Debit,2,No,,,,,,,,,,,,
CUST02088,73,Male,One Year,116.72,630.62,16,Debit Card,2,No,,,,,,,,,,,,
CUST02089,61,Female,Monthly,53.65,6543.76,52,Bank Transfer,3,No,,,,,,,,,,,,
CUST02090,64,Female,Monthly,45.74,1683.2,34,Direct Debit,0,No,,,,,,,,,,,,
CUST02091,74,Male,One Year,99.71,911.34,20,Debit Card,0,No,,,,,,,,,,,,
CUST02092,27,Female,Monthly,78.89,5854.72,56,Direct Debit,2,Yes,,,,,,,,,,,,
CUST02093,47,Male,One Year,89.29,4213.85,51,Credit Card,3,No,,,,,,,,,,,,
CUST02094,42,Female,Monthly,54.86,4764.05,53,Direct Debit,2,No,,,,,,,,,,,,
CUST02095,80,Female,Monthly,70.59,2551.48,49,Bank Transfer,0,No,,,,,,,,,,,,
CUST02096,56,Male,Two Year,120,285.03,4,Credit Card,0,No,,,,,,,,,,,,
CUST02097,37,Female,Monthly,51.78,2122.52,18,Credit Card,2,No,,,,,,,,,,,,
CUST02098,22,Male,Monthly,78.29,1836.97,36,Debit Card,0,No,,,,,,,,,,,,
CUST02099,18,Male,One Year,49.61,2665.03,35,Direct Debit,1,No,,,,,,,,,,,,
CUST02100,47,Female,One Year,45.16,1403.64,30,Bank Transfer,1,No,,,,,,,,,,,,
CUST02101,66,Female,One Year,58.78,2953.53,63,Direct Debit,4,No,,,,,,,,,,,,
CUST02102,20,Male,One Year,70.24,1275.56,21,Debit Card,0,No,,,,,,,,,,,,
CUST02103,62,Male,Monthly,65.92,3677.51,52,Direct Debit,2,No,,,,,,,,,,,,
CUST02104,31,Male,Monthly,69.96,4442.81,69,Credit Card,0,No,,,,,,,,,,,,
CUST02105,73,Female,Monthly,109.13,3016.45,41,Debit Card,2,No,,,,,,,,,,,,
CUST02106,47,Male,One Year,105.26,5572.35,54,Credit Card,5,No,,,,,,,,,,,,
CUST02107,67,Male,Monthly,72.29,3124.74,30,Direct Debit,3,Yes,,,,,,,,,,,,
CUST02108,21,Male,Monthly,62.41,4147.67,56,Debit Card,2,No,,,,,,,,,,,,
CUST02109,35,Male,Two Year,100.73,2690.43,41,Debit Card,2,No,,,,,,,,,,,,
CUST02110,79,Male,Monthly,85.16,1443.98,14,Debit Card,5,No,,,,,,,,,,,,
CUST02111,54,Male,Monthly,75.18,1678.97,21,Bank Transfer,2,No,,,,,,,,,,,,
CUST02112,42,Male,Monthly,115.93,1759.6,25,Direct Debit,2,Yes,,,,,,,,,,,,
CUST02113,65,Male,Monthly,51.4,5379.55,50,Bank Transfer,2,No,,,,,,,,,,,,
CUST02114,18,Female,Monthly,70.99,2750.34,53,Debit Card,0,No,,,,,,,,,,,,
CUST02115,70,Male,Monthly,68.16,3267.37,48,Direct Debit,2,No,,,,,,,,,,,,
CUST02116,63,Female,Monthly,78.72,4511.29,70,Direct Debit,3,No,,,,,,,,,,,,
CUST02117,32,Female,Monthly,47.91,3527.65,48,Credit Card,1,No,,,,,,,,,,,,
CUST02118,26,Female,Monthly,78.79,195.99,4,Direct Debit,2,No,,,,,,,,,,,,
CUST02119,32,Female,Monthly,65.6,1967.63,24,Debit Card,3,Yes,,,,,,,,,,,,
CUST02120,66,Male,Monthly,92.18,2150.01,31,Bank Transfer,2,No,,,,,,,,,,,,
CUST02121,74,Male,Monthly,63.55,2714.03,29,Bank Transfer,4,No,,,,,,,,,,,,
CUST02122,41,Male,Monthly,48.37,310.34,5,Debit Card,2,Yes,,,,,,,,,,,,
CUST02123,21,Male,Two Year,74.01,3225.45,67,Direct Debit,1,No,,,,,,,,,,,,
CUST02124,29,Female,Two Year,73.8,4007.98,53,Debit Card,3,No,,,,,,,,,,,,
CUST02125,76,Female,Monthly,66.32,4884.17,64,Bank Transfer,1,No,,,,,,,,,,,,
CUST02126,75,Female,Monthly,66.52,2374.99,35,Direct Debit,2,No,,,,,,,,,,,,
CUST02127,54,Male,Monthly,57,857.23,12,Credit Card,3,No,,,,,,,,,,,,
CUST02128,78,Female,One Year,102.68,2786.25,47,Debit Card,3,No,,,,,,,,,,,,
CUST02129,54,Male,Two Year,81.73,5873.86,55,Credit Card,1,No,,,,,,,,,,,,
CUST02130,60,Female,Monthly,81.96,5927.93,69,Direct Debit,3,No,,,,,,,,,,,,
CUST02131,77,Male,One Year,70.33,3094.74,38,Direct Debit,1,No,,,,,,,,,,,,
CUST02132,23,Female,Two Year,76.19,1962.54,29,Credit Card,1,No,,,,,,,,,,,,
CUST02133,56,Male,Monthly,63.02,960.54,12,Credit Card,2,No,,,,,,,,,,,,
CUST02134,73,Female,Monthly,57.93,1190.52,19,Debit Card,1,No,,,,,,,,,,,,
CUST02135,80,Female,Monthly,62.43,530.31,9,Bank Transfer,1,No,,,,,,,,,,,,
CUST02136,63,Female,Monthly,83.01,1790.07,29,Bank Transfer,1,No,,,,,,,,,,,,
CUST02137,41,Male,Monthly,55.5,244.89,3,Debit Card,2,No,,,,,,,,,,,,
CUST02138,28,Female,One Year,97.61,1710.62,30,Debit Card,1,No,,,,,,,,,,,,
CUST02139,79,Female,Monthly,103.14,5811.15,58,Debit Card,1,No,,,,,,,,,,,,
CUST02140,30,Male,Monthly,26.7,5299.39,53,Credit Card,4,No,,,,,,,,,,,,
CUST02141,51,Male,Two Year,101.9,101.49,4,Credit Card,0,No,,,,,,,,,,,,
CUST02142,42,Male,Monthly,46.76,5465.68,57,Credit Card,0,No,,,,,,,,,,,,
CUST02143,24,Male,Monthly,65.96,2369,54,Bank Transfer,3,Yes,,,,,,,,,,,,
CUST02144,69,Female,Monthly,71.8,1940.76,28,Credit Card,2,No,,,,,,,,,,,,
CUST02145,21,Female,Monthly,29.86,1109.49,16,Debit Card,1,No,,,,,,,,,,,,
CUST02146,76,Male,Monthly,46.28,399.27,13,Bank Transfer,0,No,,,,,,,,,,,,
CUST02147,25,Female,Two Year,73,3218.83,72,Direct Debit,2,No,,,,,,,,,,,,
CUST02148,37,Female,Monthly,40.63,4197.07,56,Bank Transfer,0,No,,,,,,,,,,,,
CUST02149,46,Male,One Year,46.48,2320.2,53,Credit Card,3,No,,,,,,,,,,,,
CUST02150,80,Female,Monthly,99.4,2076.1,48,Direct Debit,0,No,,,,,,,,,,,,
CUST02151,71,Female,Two Year,68.91,2546.13,25,Credit Card,9,No,,,,,,,,,,,,
CUST02152,70,Female,One Year,82.38,4389.85,66,Debit Card,3,No,,,,,,,,,,,,
CUST02153,68,Male,Two Year,109.44,2306.47,30,Direct Debit,1,No,,,,,,,,,,,,
CUST02154,62,Female,Monthly,82.17,306.2,3,Bank Transfer,2,Yes,,,,,,,,,,,,
CUST02155,63,Male,One Year,50.09,1851.1,23,Bank Transfer,1,No,,,,,,,,,,,,
CUST02156,27,Female,Two Year,53.86,1462.05,29,Debit Card,0,No,,,,,,,,,,,,
CUST02157,60,Male,One Year,81.02,2260.3,41,Credit Card,2,No,,,,,,,,,,,,
CUST02158,51,Female,Monthly,85.37,900.85,11,Debit Card,1,No,,,,,,,,,,,,
CUST02159,74,Male,Monthly,75.21,1906.92,21,Debit Card,3,No,,,,,,,,,,,,
CUST02160,43,Male,Monthly,86.05,1704.98,24,Credit Card,2,No,,,,,,,,,,,,
CUST02161,58,Female,Monthly,63.71,5887.68,65,Credit Card,7,No,,,,,,,,,,,,
CUST02162,66,Male,One Year,66.79,64,1,Debit Card,1,Yes,,,,,,,,,,,,
CUST02163,75,Female,One Year,60.33,3814.73,54,Bank Transfer,3,Yes,,,,,,,,,,,,
CUST02164,20,Female,Monthly,54.09,4292.79,72,Direct Debit,0,No,,,,,,,,,,,,
CUST02165,73,Female,Monthly,51.16,1833.7,34,Direct Debit,3,No,,,,,,,,,,,,
CUST02166,23,Male,Monthly,61.49,3435.64,68,Direct Debit,1,No,,,,,,,,,,,,
CUST02167,22,Female,Monthly,83.59,1668.08,29,Debit Card,1,Yes,,,,,,,,,,,,
CUST02168,22,Female,Monthly,67,236.53,3,Credit Card,2,No,,,,,,,,,,,,
CUST02169,71,Female,One Year,62.56,739.07,11,Debit Card,2,No,,,,,,,,,,,,
CUST02170,64,Male,Monthly,59.57,503.14,8,Debit Card,1,No,,,,,,,,,,,,
CUST02171,40,Male,One Year,34.76,3674.31,62,Bank Transfer,0,No,,,,,,,,,,,,
CUST02172,66,Female,Monthly,49.42,1057.67,33,Direct Debit,2,No,,,,,,,,,,,,
CUST02173,26,Male,Two Year,85.55,395.71,8,Direct Debit,4,No,,,,,,,,,,,,
CUST02174,52,Male,Monthly,46.49,2013.41,25,Credit Card,5,Yes,,,,,,,,,,,,
CUST02175,37,Male,Monthly,40.23,1221.58,26,Direct Debit,2,No,,,,,,,,,,,,
CUST02176,75,Female,Monthly,46.51,1010.55,26,Debit Card,0,No,,,,,,,,,,,,
CUST02177,66,Female,Monthly,61.79,852.85,17,Credit Card,2,Yes,,,,,,,,,,,,
CUST02178,78,Female,Monthly,65.29,1751.56,29,Debit Card,2,No,,,,,,,,,,,,
CUST02179,76,Male,One Year,75.34,2951.57,43,Bank Transfer,1,No,,,,,,,,,,,,
CUST02180,59,Male,Monthly,84.45,361.37,5,Direct Debit,2,No,,,,,,,,,,,,
CUST02181,52,Female,Monthly,61.21,4012.72,50,Debit Card,1,No,,,,,,,,,,,,
CUST02182,67,Female,One Year,84.08,3274.79,56,Credit Card,2,No,,,,,,,,,,,,
CUST02183,35,Female,Monthly,47.81,5155.6,63,Credit Card,0,No,,,,,,,,,,,,
CUST02184,79,Female,Monthly,84.49,2877.29,57,Credit Card,1,No,,,,,,,,,,,,
CUST02185,34,Male,Two Year,76.98,3962.62,45,Direct Debit,2,No,,,,,,,,,,,,
CUST02186,41,Female,Monthly,23.61,2818.83,37,Direct Debit,3,No,,,,,,,,,,,,
CUST02187,20,Male,One Year,67.35,1615.08,72,Direct Debit,0,No,,,,,,,,,,,,
CUST02188,49,Male,One Year,111.7,2249.53,36,Debit Card,1,No,,,,,,,,,,,,
CUST02189,52,Female,One Year,106.51,3756.01,33,Credit Card,2,No,,,,,,,,,,,,
CUST02190,55,Male,One Year,68.89,660.2,6,Direct Debit,1,No,,,,,,,,,,,,
CUST02191,30,Male,Monthly,83.35,4974.25,71,Direct Debit,3,No,,,,,,,,,,,,
CUST02192,73,Male,Monthly,40.42,3751.5,45,Credit Card,3,Yes,,,,,,,,,,,,
CUST02193,78,Male,Two Year,45.39,304.35,7,Direct Debit,1,No,,,,,,,,,,,,
CUST02194,64,Female,Monthly,61.07,2725.96,65,Debit Card,2,No,,,,,,,,,,,,
CUST02195,42,Male,One Year,50.3,1580.22,24,Direct Debit,3,No,,,,,,,,,,,,
CUST02196,26,Male,Two Year,66.77,2182.49,45,Credit Card,1,No,,,,,,,,,,,,
CUST02197,21,Male,One Year,81.88,3996.82,61,Direct Debit,1,No,,,,,,,,,,,,
CUST02198,31,Male,Monthly,82.28,1618.58,19,Credit Card,4,Yes,,,,,,,,,,,,
CUST02199,54,Male,Monthly,90.7,2518,32,Bank Transfer,1,No,,,,,,,,,,,,
CUST02200,51,Female,Monthly,79.29,2812.36,30,Debit Card,0,No,,,,,,,,,,,,
CUST02201,28,Male,Monthly,84.21,5015.77,65,Unknown,2,No,,,,,,,,,,,,
CUST02202,58,Female,Two Year,86.98,2884.67,32,Debit Card,2,No,,,,,,,,,,,,
CUST02203,73,Female,One Year,59.91,4697.44,57,Bank Transfer,0,No,,,,,,,,,,,,
CUST02204,20,Female,One Year,30.62,1280.98,20,Credit Card,0,No,,,,,,,,,,,,
CUST02205,76,Male,Monthly,45.58,961.38,30,Bank Transfer,2,No,,,,,,,,,,,,
CUST02206,45,Male,Monthly,81.83,2547.33,59,Credit Card,1,No,,,,,,,,,,,,
CUST02207,46,Female,Monthly,72.4,4982.24,62,Credit Card,2,No,,,,,,,,,,,,
CUST02208,26,Female,Monthly,109.62,4543.68,67,Bank Transfer,2,No,,,,,,,,,,,,
CUST02209,20,Female,Monthly,38.33,3452.44,31,Credit Card,2,Yes,,,,,,,,,,,,
CUST02210,42,Female,Monthly,88.14,2716.19,66,Direct Debit,2,No,,,,,,,,,,,,
CUST02211,51,Female,Monthly,68.87,4439.13,54,Direct Debit,2,No,,,,,,,,,,,,
CUST02212,29,Female,Monthly,45.59,662.05,10,Direct Debit,4,Yes,,,,,,,,,,,,
CUST02213,59,Female,Two Year,104.46,1803.2,38,Credit Card,2,No,,,,,,,,,,,,
CUST02214,26,Male,Monthly,42.47,3216.66,31,Credit Card,2,No,,,,,,,,,,,,
CUST02215,32,Female,One Year,77.4,1199.89,29,Direct Debit,1,No,,,,,,,,,,,,
CUST02216,57,Female,Monthly,94.84,1966.33,25,Credit Card,3,No,,,,,,,,,,,,
CUST02217,42,Male,Monthly,52.13,2934.84,32,Direct Debit,4,Yes,,,,,,,,,,,,
CUST02218,22,Female,Monthly,27.45,861.94,17,Credit Card,0,No,,,,,,,,,,,,
CUST02219,28,Female,One Year,83.88,1295.75,45,Debit Card,2,No,,,,,,,,,,,,
CUST02220,76,Female,Monthly,93.08,4038.82,49,Bank Transfer,1,No,,,,,,,,,,,,
CUST02221,51,Female,Monthly,54.67,1729.2,18,Direct Debit,4,Yes,,,,,,,,,,,,
CUST02222,41,Male,One Year,40.06,2683.99,52,Credit Card,1,No,,,,,,,,,,,,
CUST02223,77,Female,Monthly,74.29,788.23,20,Credit Card,1,No,,,,,,,,,,,,
CUST02224,32,Female,Monthly,67.4125,4644.24,62,Direct Debit,3,No,,,,,,,,,,,,
CUST02225,55,Female,Monthly,31.77,808.66,13,Credit Card,4,No,,,,,,,,,,,,
CUST02226,25,Male,Monthly,78.14,1348.97,43,Credit Card,0,No,,,,,,,,,,,,
CUST02227,76,Male,One Year,49.56,1709.16,21,Credit Card,0,No,,,,,,,,,,,,
CUST02228,22,Female,One Year,83.24,281.26,6,Bank Transfer,1,No,,,,,,,,,,,,
CUST02229,65,Male,Monthly,67.4125,5910.75,71,Direct Debit,3,No,,,,,,,,,,,,
CUST02230,43,Male,Monthly,63.86,5908.57,53,Direct Debit,2,No,,,,,,,,,,,,
CUST02231,35,Female,One Year,70.58,3273.03,52,Credit Card,1,No,,,,,,,,,,,,
CUST02232,23,Male,Monthly,63.84,4772.92,69,Credit Card,0,No,,,,,,,,,,,,
CUST02233,54,Male,Two Year,69.55,588.84,9,Debit Card,4,No,,,,,,,,,,,,
CUST02234,77,Male,Monthly,42.69,3336.06,46,Credit Card,2,Yes,,,,,,,,,,,,
CUST02235,65,Male,One Year,66.44,3030.86,71,Debit Card,2,No,,,,,,,,,,,,
CUST02236,30,Female,Two Year,53.7,1886.87,30,Bank Transfer,1,No,,,,,,,,,,,,
CUST02237,45,Male,One Year,59.9,2445.29,43,Credit Card,1,No,,,,,,,,,,,,
CUST02238,22,Male,Monthly,49.55,3356.66,59,Bank Transfer,0,No,,,,,,,,,,,,
CUST02239,30,Female,One Year,78.55,1906.53,38,Direct Debit,0,No,,,,,,,,,,,,
CUST02240,34,Female,Monthly,50.45,2682.37,34,Direct Debit,1,No,,,,,,,,,,,,
CUST02241,67,Female,One Year,78.23,2241.48,46,Debit Card,0,No,,,,,,,,,,,,
CUST02242,57,Male,Monthly,75.73,2684.78,32,Debit Card,1,No,,,,,,,,,,,,
CUST02243,62,Male,One Year,71.46,1245.93,16,Debit Card,1,No,,,,,,,,,,,,
CUST02244,49,Female,Monthly,43.53,2773.55,39,Direct Debit,1,No,,,,,,,,,,,,
CUST02245,79,Male,Monthly,52.96,43.14,1,Direct Debit,6,No,,,,,,,,,,,,
CUST02246,46,Female,One Year,69.43,2821.88,57,Direct Debit,1,No,,,,,,,,,,,,
CUST02247,68,Male,Monthly,40.15,1450.96,20,Bank Transfer,0,Yes,,,,,,,,,,,,
CUST02248,75,Male,One Year,66.01,1573.96,42,Credit Card,0,No,,,,,,,,,,,,
CUST02249,20,Female,Two Year,91.11,4525.14,72,Direct Debit,2,No,,,,,,,,,,,,
CUST02250,73,Female,Two Year,75.7,2931.45,34,Direct Debit,3,No,,,,,,,,,,,,
CUST02251,57,Female,One Year,45.59,3523.48,50,Direct Debit,0,No,,,,,,,,,,,,
CUST02252,51,Male,Monthly,119.15,527.94,11,Debit Card,2,Yes,,,,,,,,,,,,
CUST02253,57,Male,Monthly,59.49,5456.51,43,Debit Card,2,Yes,,,,,,,,,,,,
CUST02254,44,Female,Monthly,74.29,606.85,10,Credit Card,5,No,,,,,,,,,,,,
CUST02255,30,Female,Monthly,57.25,630.24,8,Direct Debit,4,Yes,,,,,,,,,,,,
CUST02256,62,Male,Monthly,69.46,4237.46,72,Direct Debit,0,No,,,,,,,,,,,,
CUST02257,50,Male,One Year,96.51,1358.81,19,Credit Card,2,No,,,,,,,,,,,,
CUST02258,23,Male,Monthly,48.38,6664.06,65,Bank Transfer,2,No,,,,,,,,,,,,
CUST02259,41,Female,Monthly,55.16,2487.17,55,Credit Card,4,No,,,,,,,,,,,,
CUST02260,36,Female,One Year,72.72,2663.97,52,Debit Card,3,No,,,,,,,,,,,,
CUST02261,33,Female,Monthly,36.07,202.58,3,Debit Card,4,Yes,,,,,,,,,,,,
CUST02262,57,Male,Monthly,86.47,1886.6,53,Debit Card,0,No,,,,,,,,,,,,
CUST02263,45,Female,Monthly,50.76,4076.42,44,Debit Card,4,No,,,,,,,,,,,,
CUST02264,50,Male,One Year,67.53,2580.69,48,Debit Card,0,No,,,,,,,,,,,,
CUST02265,76,Female,One Year,44.49,3811.13,54,Direct Debit,1,No,,,,,,,,,,,,
CUST02266,76,Female,One Year,48.18,700.9,16,Debit Card,1,No,,,,,,,,,,,,
CUST02267,65,Male,Monthly,65.4,1520.37,30,Direct Debit,0,No,,,,,,,,,,,,
CUST02268,58,Male,One Year,95.4,1748.72,28,Bank Transfer,1,No,,,,,,,,,,,,
CUST02269,30,Male,One Year,51.63,1547.24,16,Direct Debit,2,No,,,,,,,,,,,,
CUST02270,60,Male,Monthly,89.14,2736.74,51,Direct Debit,3,No,,,,,,,,,,,,
CUST02271,62,Female,Monthly,91.06,2749.8,33,Credit Card,1,No,,,,,,,,,,,,
CUST02272,42,Female,One Year,90.79,2412.78,25,Debit Card,1,Yes,,,,,,,,,,,,
CUST02273,70,Female,Monthly,62.27,1693.66,18,Credit Card,4,No,,,,,,,,,,,,
CUST02274,59,Female,One Year,75.13,1627.64,26,Debit Card,0,No,,,,,,,,,,,,
CUST02275,53,Female,Monthly,102.33,419.22,6,Credit Card,5,Yes,,,,,,,,,,,,
CUST02276,80,Male,Monthly,88.94,4009.56,38,Bank Transfer,5,No,,,,,,,,,,,,
CUST02277,44,Male,Monthly,70.92,3880.33,44,Direct Debit,0,Yes,,,,,,,,,,,,
CUST02278,55,Female,Monthly,48.15,4931.58,67,Debit Card,1,No,,,,,,,,,,,,
CUST02279,77,Male,Monthly,96.67,1916.86,43,Debit Card,3,No,,,,,,,,,,,,
CUST02280,24,Female,Two Year,66.2,586.96,6,Credit Card,2,Yes,,,,,,,,,,,,
CUST02281,22,Male,One Year,54.82,4200.89,64,Credit Card,2,No,,,,,,,,,,,,
CUST02282,60,Female,One Year,76.4,704.66,13,Bank Transfer,3,No,,,,,,,,,,,,
CUST02283,62,Female,One Year,29.38,4979.96,65,Credit Card,2,No,,,,,,,,,,,,
CUST02284,75,Male,Monthly,80.33,1049.22,38,Direct Debit,2,No,,,,,,,,,,,,
CUST02285,74,Male,One Year,83.33,5499.31,64,Bank Transfer,3,No,,,,,,,,,,,,
CUST02286,68,Female,Monthly,77.17,1204.83,14,Debit Card,2,No,,,,,,,,,,,,
CUST02287,48,Male,Monthly,88.54,1224.75,17,Credit Card,2,Yes,,,,,,,,,,,,
CUST02288,40,Male,Monthly,76.33,1073.57,13,Debit Card,2,No,,,,,,,,,,,,
CUST02289,59,Female,Monthly,81.07,436.78,6,Direct Debit,3,No,,,,,,,,,,,,
CUST02290,27,Male,Monthly,83.83,466.16,6,Direct Debit,3,No,,,,,,,,,,,,
CUST02291,49,Female,Monthly,91.61,3097.81,37,Credit Card,2,No,,,,,,,,,,,,
CUST02292,60,Female,Monthly,59.69,5252.23,57,Direct Debit,2,No,,,,,,,,,,,,
CUST02293,70,Male,One Year,78.9,2984.29,53,Credit Card,3,No,,,,,,,,,,,,
CUST02294,47,Female,Monthly,61.34,3904.38,46,Debit Card,6,No,,,,,,,,,,,,
CUST02295,56,Female,Monthly,67.4,258.11,4,Bank Transfer,2,No,,,,,,,,,,,,
CUST02296,48,Male,Two Year,69.13,2340.54,34,Direct Debit,2,No,,,,,,,,,,,,
CUST02297,35,Male,Monthly,43.38,4400.45,66,Credit Card,4,No,,,,,,,,,,,,
CUST02298,53,Male,Two Year,74.98,2912.37,63,Credit Card,1,No,,,,,,,,,,,,
CUST02299,19,Male,One Year,33.75,4438.57,61,Bank Transfer,3,No,,,,,,,,,,,,
CUST02300,31,Male,Monthly,47.33,1376.5,42,Direct Debit,2,No,,,,,,,,,,,,
CUST02301,30,Male,Monthly,84.3,2957.84,64,Bank Transfer,2,No,,,,,,,,,,,,
CUST02302,46,Male,Monthly,55.88,1329.44,17,Debit Card,2,Yes,,,,,,,,,,,,
CUST02303,29,Female,Monthly,81.16,3169.72,61,Direct Debit,3,Yes,,,,,,,,,,,,
CUST02304,56,Female,Monthly,114.62,2425.37,30,Direct Debit,2,No,,,,,,,,,,,,
CUST02305,19,Female,Monthly,28.45,5229.71,43,Direct Debit,2,Yes,,,,,,,,,,,,
CUST02306,49,Female,Monthly,70.06,213.25,7,Direct Debit,1,Yes,,,,,,,,,,,,
CUST02307,30,Female,One Year,107.86,3364.93,46,Direct Debit,2,No,,,,,,,,,,,,
CUST02308,63,Female,Monthly,69.94,2442.84,23,Credit Card,3,No,,,,,,,,,,,,
CUST02309,44,Female,One Year,71.18,2441.5,36,Credit Card,2,No,,,,,,,,,,,,
CUST02310,66,Male,Monthly,57.63,951.19,14,Bank Transfer,1,No,,,,,,,,,,,,
CUST02311,58,Female,One Year,53.58,1159.69,20,Direct Debit,0,No,,,,,,,,,,,,
CUST02312,34,Male,Monthly,24.24,2992.06,56,Direct Debit,0,No,,,,,,,,,,,,
CUST02313,57,Male,One Year,60.63,771.57,32,Credit Card,0,No,,,,,,,,,,,,
CUST02314,48,Female,Monthly,66.48,1471.18,25,Credit Card,2,Yes,,,,,,,,,,,,
CUST02315,51,Male,One Year,74.63,3300.22,49,Direct Debit,0,No,,,,,,,,,,,,
CUST02316,77,Male,Monthly,88.39,4327.37,57,Bank Transfer,1,No,,,,,,,,,,,,
CUST02317,41,Female,Monthly,88.35,2529.8,27,Debit Card,1,No,,,,,,,,,,,,
CUST02318,62,Female,Monthly,74.76,2485.22,27,Bank Transfer,3,Yes,,,,,,,,,,,,
CUST02319,52,Female,Monthly,77.56,3345.36,46,Credit Card,3,Yes,,,,,,,,,,,,
CUST02320,65,Female,Monthly,67.73,3422.93,45,Unknown,0,No,,,,,,,,,,,,
CUST02321,23,Male,Monthly,54.44,1687.58,26,Direct Debit,2,No,,,,,,,,,,,,
CUST02322,36,Male,Monthly,88.85,722.02,14,Direct Debit,1,No,,,,,,,,,,,,
CUST02323,47,Female,Monthly,60.73,3997.92,48,Credit Card,1,No,,,,,,,,,,,,
CUST02324,24,Male,One Year,65.4,843.05,15,Direct Debit,1,No,,,,,,,,,,,,
CUST02325,27,Female,Two Year,120,3291.47,51,Bank Transfer,1,No,,,,,,,,,,,,
CUST02326,58,Male,Monthly,83.44,6956.02,54,Debit Card,3,No,,,,,,,,,,,,
CUST02327,49,Male,One Year,66.2,923.42,11,Debit Card,1,No,,,,,,,,,,,,
CUST02328,51,Female,Monthly,41.28,1925.42,28,Direct Debit,3,Yes,,,,,,,,,,,,
CUST02329,80,Female,Monthly,92.21,2233.25,55,Bank Transfer,0,No,,,,,,,,,,,,
CUST02330,45,Female,Monthly,20,6244.81,69,Debit Card,3,No,,,,,,,,,,,,
CUST02331,77,Female,Monthly,51.92,1353.65,72,Unknown,1,No,,,,,,,,,,,,
CUST02332,32,Male,Two Year,32.49,1306.69,26,Debit Card,1,No,,,,,,,,,,,,
CUST02333,47,Male,Monthly,55.7,2430.29,70,Direct Debit,0,No,,,,,,,,,,,,
CUST02334,54,Male,One Year,60.04,1779.61,32,Direct Debit,1,No,,,,,,,,,,,,
CUST02335,46,Male,Monthly,72.67,2745.59,48,Direct Debit,1,No,,,,,,,,,,,,
CUST02336,39,Male,Monthly,64.65,894.89,12,Bank Transfer,1,No,,,,,,,,,,,,
CUST02337,21,Female,Monthly,83.54,4457.04,70,Credit Card,2,No,,,,,,,,,,,,
CUST02338,37,Male,One Year,83.01,5362.83,61,Direct Debit,1,No,,,,,,,,,,,,
CUST02339,49,Female,Monthly,87.19,2638.47,34,Credit Card,1,No,,,,,,,,,,,,
CUST02340,53,Female,Monthly,42.88,3937.24,45,Bank Transfer,4,No,,,,,,,,,,,,
CUST02341,67,Male,Monthly,57.16,2696.79,60,Credit Card,1,No,,,,,,,,,,,,
CUST02342,21,Male,Two Year,82.49,3925.71,65,Credit Card,1,No,,,,,,,,,,,,
CUST02343,44,Male,Monthly,66.19,5759.66,71,Bank Transfer,2,No,,,,,,,,,,,,
CUST02344,34,Female,One Year,57.47,893.66,13,Direct Debit,0,No,,,,,,,,,,,,
CUST02345,29,Male,Monthly,54.59,2964.11,48,Debit Card,4,Yes,,,,,,,,,,,,
CUST02346,39,Male,Monthly,97.46,2727.09,49,Credit Card,2,No,,,,,,,,,,,,
CUST02347,34,Female,Two Year,73.52,5934.49,58,Bank Transfer,1,No,,,,,,,,,,,,
CUST02348,27,Male,One Year,29.17,5207.13,70,Direct Debit,1,No,,,,,,,,,,,,
CUST02349,71,Female,Monthly,43.64,1861.99,61,Debit Card,1,No,,,,,,,,,,,,
CUST02350,18,Female,Monthly,27.78,1214.65,26,Bank Transfer,1,Yes,,,,,,,,,,,,
CUST02351,39,Female,Monthly,37.07,1120.08,39,Credit Card,1,No,,,,,,,,,,,,
CUST02352,43,Male,One Year,47.87,2031.18,58,Debit Card,1,No,,,,,,,,,,,,
CUST02353,73,Female,Monthly,90.92,1206.03,27,Debit Card,2,No,,,,,,,,,,,,
CUST02354,76,Female,One Year,80.17,3818.4,40,Direct Debit,2,No,,,,,,,,,,,,
CUST02355,35,Male,Monthly,54.09,2389.19,31,Debit Card,1,No,,,,,,,,,,,,
CUST02356,67,Male,Monthly,44.45,172.01,3,Debit Card,1,No,,,,,,,,,,,,
CUST02357,31,Male,Two Year,49.83,634.34,15,Bank Transfer,3,No,,,,,,,,,,,,
CUST02358,64,Female,Two Year,52.16,2867.79,54,Bank Transfer,1,No,,,,,,,,,,,,
CUST02359,46,Female,Monthly,58.54,3829.5,70,Bank Transfer,1,No,,,,,,,,,,,,
CUST02360,29,Female,One Year,48.72,683.22,11,Debit Card,2,No,,,,,,,,,,,,
CUST02361,53,Female,One Year,61.71,1399.09,30,Bank Transfer,2,No,,,,,,,,,,,,
CUST02362,76,Male,One Year,35.06,2290.66,35,Direct Debit,0,No,,,,,,,,,,,,
CUST02363,52,Male,Two Year,69.86,1528.7,43,Credit Card,0,No,,,,,,,,,,,,
CUST02364,69,Female,Monthly,71.07,3977.82,61,Debit Card,1,No,,,,,,,,,,,,
CUST02365,78,Female,One Year,39.55,3038.86,40,Bank Transfer,4,No,,,,,,,,,,,,
CUST02366,29,Male,Two Year,54.73,1579.94,42,Direct Debit,1,No,,,,,,,,,,,,
CUST02367,24,Female,Monthly,66.27,2193.29,42,Direct Debit,2,No,,,,,,,,,,,,
CUST02368,46,Female,Monthly,86.47,205.3,3,Bank Transfer,2,Yes,,,,,,,,,,,,
CUST02369,28,Female,Monthly,88.02,1840,21,Debit Card,3,Yes,,,,,,,,,,,,
CUST02370,50,Female,One Year,61.86,4965.86,53,Bank Transfer,7,No,,,,,,,,,,,,
CUST02371,23,Female,One Year,76.62,2637.77,44,Credit Card,0,No,,,,,,,,,,,,
CUST02372,64,Male,Monthly,66.43,3266.09,46,Credit Card,2,Yes,,,,,,,,,,,,
CUST02373,32,Female,Monthly,94.57,2652.58,37,Direct Debit,1,No,,,,,,,,,,,,
CUST02374,49,Male,Monthly,104.48,3485.99,38,Direct Debit,4,Yes,,,,,,,,,,,,
CUST02375,68,Female,Monthly,85.38,3755.48,38,Direct Debit,2,No,,,,,,,,,,,,
CUST02376,28,Male,Monthly,80.21,1011.97,11,Debit Card,0,Yes,,,,,,,,,,,,
CUST02377,75,Female,Monthly,73.6,3645.77,45,Bank Transfer,0,No,,,,,,,,,,,,
CUST02378,40,Female,One Year,72.56,4445.76,64,Bank Transfer,2,No,,,,,,,,,,,,
CUST02379,43,Male,Monthly,46.07,3364.19,44,Bank Transfer,4,No,,,,,,,,,,,,
CUST02380,51,Male,Two Year,60.26,3059.9,62,Direct Debit,0,No,,,,,,,,,,,,
CUST02381,63,Female,Monthly,66.34,3900.11,61,Credit Card,1,No,,,,,,,,,,,,
CUST02382,51,Female,Two Year,59.89,757.69,12,Credit Card,2,No,,,,,,,,,,,,
CUST02383,46,Male,Monthly,36.73,500.43,9,Direct Debit,0,No,,,,,,,,,,,,
CUST02384,21,Female,One Year,65.43,2410.23,67,Direct Debit,1,No,,,,,,,,,,,,
CUST02385,34,Female,Monthly,38.19,127.82,2,Direct Debit,5,Yes,,,,,,,,,,,,
CUST02386,52,Female,Monthly,107.3,300.92,8,Direct Debit,1,Yes,,,,,,,,,,,,
CUST02387,30,Male,Monthly,59.32,4834.61,43,Credit Card,0,No,,,,,,,,,,,,
CUST02388,58,Female,Monthly,64.98,983.99,18,Debit Card,1,No,,,,,,,,,,,,
CUST02389,56,Female,One Year,93.21,3473.47,52,Credit Card,1,No,,,,,,,,,,,,
CUST02390,32,Female,Monthly,111.62,3917.37,39,Bank Transfer,1,No,,,,,,,,,,,,
CUST02391,72,Female,Two Year,66.2,3404.39,31,Debit Card,5,Yes,,,,,,,,,,,,
CUST02392,46,Female,Monthly,45.15,924.58,14,Bank Transfer,2,Yes,,,,,,,,,,,,
CUST02393,46,Female,Two Year,82.06,2948.77,64,Direct Debit,2,No,,,,,,,,,,,,
CUST02394,28,Male,Monthly,70.37,3486.77,44,Debit Card,4,No,,,,,,,,,,,,
CUST02395,69,Male,Monthly,67.41,4369.82,60,Debit Card,1,No,,,,,,,,,,,,
CUST02396,49,Male,Monthly,63.53,128.41,2,Credit Card,1,Yes,,,,,,,,,,,,
CUST02397,19,Male,Two Year,79.75,1891.4,32,Credit Card,0,No,,,,,,,,,,,,
CUST02398,64,Female,Monthly,109.74,3009.42,36,Bank Transfer,3,No,,,,,,,,,,,,
CUST02399,31,Female,Monthly,42.82,5723.31,55,Direct Debit,3,No,,,,,,,,,,,,
CUST02400,37,Female,Monthly,108.36,2797.58,63,Bank Transfer,1,No,,,,,,,,,,,,
CUST02401,39,Male,Monthly,59.8,7921.03,69,Direct Debit,3,Yes,,,,,,,,,,,,
CUST02402,28,Female,One Year,87.88,2218.16,40,Debit Card,2,No,,,,,,,,,,,,
CUST02403,44,Male,Monthly,66.79,2178.87,24,Bank Transfer,5,No,,,,,,,,,,,,
CUST02404,20,Male,One Year,64.9,3964.46,58,Bank Transfer,0,No,,,,,,,,,,,,
CUST02405,34,Male,One Year,67.4125,1853.22,28,Debit Card,3,No,,,,,,,,,,,,
CUST02406,79,Female,Two Year,54.94,3994,62,Debit Card,2,No,,,,,,,,,,,,
CUST02407,61,Male,Monthly,103.49,1273.65,25,Bank Transfer,0,No,,,,,,,,,,,,
CUST02408,73,Female,Monthly,72.26,677.89,7,Credit Card,3,No,,,,,,,,,,,,
CUST02409,45,Male,Two Year,77.73,2646.11,38,Direct Debit,0,No,,,,,,,,,,,,
CUST02410,46,Female,Monthly,63.46,5435.99,71,Credit Card,2,No,,,,,,,,,,,,
CUST02411,38,Female,Monthly,38.26,3046.73,45,Credit Card,3,No,,,,,,,,,,,,
CUST02412,64,Female,One Year,83.01,1260.38,32,Credit Card,2,No,,,,,,,,,,,,
CUST02413,33,Female,Monthly,85.22,2454.91,32,Bank Transfer,1,Yes,,,,,,,,,,,,
CUST02414,54,Female,Monthly,83.44,90.94,1,Debit Card,2,No,,,,,,,,,,,,
CUST02415,76,Female,Monthly,71.43,3887.18,45,Debit Card,0,No,,,,,,,,,,,,
CUST02416,37,Female,Monthly,64.45,4566.09,64,Credit Card,0,No,,,,,,,,,,,,
CUST02417,23,Male,Monthly,94.28,4356.67,68,Credit Card,2,No,,,,,,,,,,,,
CUST02418,36,Male,Monthly,80.89,705.7,7,Credit Card,3,No,,,,,,,,,,,,
CUST02419,74,Male,Monthly,69.5,3098.41,38,Credit Card,3,No,,,,,,,,,,,,
CUST02420,22,Female,One Year,34.47,4867.16,70,Direct Debit,6,No,,,,,,,,,,,,
CUST02421,20,Female,One Year,29.89,1907.18,53,Bank Transfer,0,No,,,,,,,,,,,,
CUST02422,76,Female,One Year,115.14,910.06,30,Debit Card,0,No,,,,,,,,,,,,
CUST02423,18,Female,Monthly,83.06,2431.3,22,Credit Card,4,No,,,,,,,,,,,,
CUST02424,75,Male,One Year,88.53,5202.01,58,Direct Debit,4,No,,,,,,,,,,,,
CUST02425,77,Female,Two Year,29.12,4698.36,55,Direct Debit,4,Yes,,,,,,,,,,,,
CUST02426,55,Female,Two Year,84.21,1378.77,46,Direct Debit,2,No,,,,,,,,,,,,
CUST02427,32,Male,One Year,64.62,2185.86,26,Credit Card,2,No,,,,,,,,,,,,
CUST02428,51,Female,Monthly,68.88,3885.44,64,Credit Card,1,No,,,,,,,,,,,,
CUST02429,78,Male,One Year,76.16,665.44,9,Direct Debit,2,No,,,,,,,,,,,,
CUST02430,52,Female,One Year,74.65,1112.37,15,Credit Card,3,No,,,,,,,,,,,,
CUST02431,66,Male,Monthly,73.33,1453.98,19,Debit Card,3,No,,,,,,,,,,,,
CUST02432,42,Female,Monthly,52.17,1217.9,16,Credit Card,3,No,,,,,,,,,,,,
CUST02433,41,Female,Monthly,81.44,1282.28,25,Credit Card,2,No,,,,,,,,,,,,
CUST02434,29,Male,Monthly,42.68,3994.44,51,Credit Card,2,No,,,,,,,,,,,,
CUST02435,35,Male,Two Year,47.84,1824.72,46,Bank Transfer,2,No,,,,,,,,,,,,
CUST02436,32,Female,One Year,72.87,359.08,7,Direct Debit,2,Yes,,,,,,,,,,,,
CUST02437,61,Female,Monthly,44.17,2510.12,34,Credit Card,2,No,,,,,,,,,,,,
CUST02438,33,Female,Monthly,88.46,2650.57,58,Credit Card,0,No,,,,,,,,,,,,
CUST02439,44,Male,One Year,92.62,2024.44,23,Bank Transfer,1,No,,,,,,,,,,,,
CUST02440,25,Male,Monthly,63.09,2039.33,23,Debit Card,4,No,,,,,,,,,,,,
CUST02441,77,Female,Monthly,65.88,1157.55,17,Direct Debit,1,No,,,,,,,,,,,,
CUST02442,63,Female,Monthly,70.56,920.49,13,Direct Debit,8,No,,,,,,,,,,,,
CUST02443,42,Female,Monthly,30.09,2014.85,27,Credit Card,1,No,,,,,,,,,,,,
CUST02444,34,Male,Monthly,35.62,2118.17,66,Debit Card,2,No,,,,,,,,,,,,
CUST02445,46,Female,One Year,85.68,1081.43,30,Direct Debit,2,No,,,,,,,,,,,,
CUST02446,70,Female,Monthly,76.79,335.47,4,Debit Card,1,No,,,,,,,,,,,,
CUST02447,25,Female,Monthly,57.12,5015.81,67,Credit Card,1,No,,,,,,,,,,,,
CUST02448,32,Female,One Year,56.21,855.17,14,Debit Card,2,No,,,,,,,,,,,,
CUST02449,44,Female,One Year,85.11,663.71,11,Direct Debit,9,No,,,,,,,,,,,,
CUST02450,63,Female,Monthly,28.44,3371.98,40,Direct Debit,4,No,,,,,,,,,,,,
CUST02451,67,Male,One Year,99.82,86.78,3,Bank Transfer,1,No,,,,,,,,,,,,
CUST02452,69,Female,Two Year,78.39,104.7,1,Debit Card,4,Yes,,,,,,,,,,,,
CUST02453,24,Male,Two Year,55.76,728.37,9,Debit Card,8,Yes,,,,,,,,,,,,
CUST02454,20,Male,One Year,72.69,59.06,1,Credit Card,1,No,,,,,,,,,,,,
CUST02455,46,Male,One Year,98.4,1183.26,16,Credit Card,1,No,,,,,,,,,,,,
CUST02456,61,Female,Monthly,45.3,7178.3,72,Debit Card,1,Yes,,,,,,,,,,,,
CUST02457,70,Male,One Year,90.48,2042.38,46,Direct Debit,1,No,,,,,,,,,,,,
CUST02458,41,Male,One Year,71.31,843.02,10,Credit Card,2,No,,,,,,,,,,,,
CUST02459,77,Female,Monthly,85.13,2185.88,33,Direct Debit,2,No,,,,,,,,,,,,
CUST02460,75,Male,Monthly,81.28,3295.85,41,Credit Card,1,No,,,,,,,,,,,,
CUST02461,20,Male,One Year,63.93,3851.98,51,Bank Transfer,2,No,,,,,,,,,,,,
CUST02462,37,Female,Two Year,92.77,1414.37,22,Direct Debit,0,No,,,,,,,,,,,,
CUST02463,63,Female,Monthly,60.87,1461.42,16,Credit Card,5,Yes,,,,,,,,,,,,
CUST02464,32,Male,Monthly,64.38,3487.89,62,Debit Card,1,No,,,,,,,,,,,,
CUST02465,42,Female,One Year,54.68,3151.12,53,Credit Card,2,No,,,,,,,,,,,,
CUST02466,47,Female,Monthly,50.48,768.34,14,Direct Debit,2,Yes,,,,,,,,,,,,
CUST02467,31,Male,One Year,72.77,3001.72,59,Debit Card,0,No,,,,,,,,,,,,
CUST02468,24,Female,Monthly,86.44,1751.95,26,Credit Card,2,No,,,,,,,,,,,,
CUST02469,34,Female,Monthly,40.96,3906.8,44,Direct Debit,4,No,,,,,,,,,,,,
CUST02470,79,Male,One Year,78.65,770.16,20,Bank Transfer,1,No,,,,,,,,,,,,
CUST02471,61,Male,Monthly,93.07,392.91,5,Credit Card,1,No,,,,,,,,,,,,
CUST02472,37,Female,Monthly,96.79,5719.31,65,Debit Card,4,No,,,,,,,,,,,,
CUST02473,53,Female,Monthly,66.75,986.17,11,Debit Card,4,Yes,,,,,,,,,,,,
CUST02474,26,Male,Monthly,44.44,2992.87,47,Credit Card,2,No,,,,,,,,,,,,
CUST02475,55,Female,One Year,84.38,441.85,10,Debit Card,2,No,,,,,,,,,,,,
CUST02476,65,Female,Monthly,80.33,5348.05,61,Debit Card,3,No,,,,,,,,,,,,
CUST02477,74,Female,Monthly,71.58,3479.25,45,Bank Transfer,1,No,,,,,,,,,,,,
CUST02478,77,Female,Monthly,66.03,3463.88,47,Credit Card,2,No,,,,,,,,,,,,
CUST02479,80,Male,Monthly,71.43,2375.3,34,Credit Card,1,No,,,,,,,,,,,,
CUST02480,39,Female,One Year,79.71,894.38,13,Direct Debit,2,No,,,,,,,,,,,,
CUST02481,71,Female,Monthly,54.05,1839.85,23,Debit Card,3,Yes,,,,,,,,,,,,
CUST02482,70,Male,Two Year,66.89,1917.6,36,Credit Card,2,No,,,,,,,,,,,,
CUST02483,70,Female,Monthly,40.9,3895.46,63,Direct Debit,3,No,,,,,,,,,,,,
CUST02484,19,Female,Monthly,70.96,1889.04,47,Direct Debit,1,No,,,,,,,,,,,,
CUST02485,41,Male,One Year,68.29,4591.34,66,Credit Card,2,No,,,,,,,,,,,,
CUST02486,25,Female,Two Year,35.56,974.71,14,Direct Debit,2,No,,,,,,,,,,,,
CUST02487,28,Male,Two Year,67.13,1995.18,53,Bank Transfer,1,No,,,,,,,,,,,,
CUST02488,30,Male,Monthly,58.98,4552.42,66,Direct Debit,0,No,,,,,,,,,,,,
CUST02489,34,Male,Monthly,82.82,2823.15,49,Direct Debit,5,No,,,,,,,,,,,,
CUST02490,25,Male,Two Year,44.3,1314.28,16,Bank Transfer,1,No,,,,,,,,,,,,
CUST02491,38,Female,Monthly,86.89,3199,68,Direct Debit,1,No,,,,,,,,,,,,
CUST02492,35,Male,One Year,90.54,3819.37,43,Direct Debit,2,No,,,,,,,,,,,,
CUST02493,47,Female,One Year,20,5781.37,65,Credit Card,1,No,,,,,,,,,,,,
CUST02494,35,Male,Two Year,74.74,182.88,9,Direct Debit,3,No,,,,,,,,,,,,
CUST02495,63,Female,Two Year,81.08,1605.79,21,Debit Card,0,No,,,,,,,,,,,,
CUST02496,64,Female,Monthly,34.69,3476.55,43,Direct Debit,3,No,,,,,,,,,,,,
CUST02497,48,Female,One Year,64.06,2423.39,66,Direct Debit,1,No,,,,,,,,,,,,
CUST02498,55,Male,Monthly,61.5,269.06,4,Debit Card,3,Yes,,,,,,,,,,,,
CUST02499,49,Male,Monthly,50.22,432.18,7,Credit Card,1,No,,,,,,,,,,,,
CUST02500,28,Male,Monthly,58.11,3126.37,58,Direct Debit,2,No,,,,,,,,,,,,
CUST02501,62,Female,Monthly,81.86,249.3,4,Credit Card,3,Yes,,,,,,,,,,,,
CUST02502,42,Male,One Year,62.94,1759.29,20,Debit Card,0,No,,,,,,,,,,,,
CUST02503,50,Female,Two Year,54.73,2104.39,35,Bank Transfer,4,No,,,,,,,,,,,,
CUST02504,77,Female,One Year,47.54,3024.15,59,Credit Card,2,No,,,,,,,,,,,,
CUST02505,55,Male,Monthly,78.46,2180.07,45,Direct Debit,0,No,,,,,,,,,,,,
CUST02506,58,Female,Two Year,93.87,1138.44,14,Credit Card,3,Yes,,,,,,,,,,,,
CUST02507,25,Female,Two Year,59.77,2001.37,22,Direct Debit,3,No,,,,,,,,,,,,
CUST02508,28,Female,One Year,62.87,2886.26,48,Direct Debit,2,No,,,,,,,,,,,,
CUST02509,39,Male,One Year,113.21,1930.72,30,Bank Transfer,0,No,,,,,,,,,,,,
CUST02510,68,Male,Two Year,86.58,3263.85,29,Bank Transfer,3,Yes,,,,,,,,,,,,
CUST02511,41,Male,Monthly,83.71,3137.5,36,Bank Transfer,3,No,,,,,,,,,,,,
CUST02512,58,Female,Two Year,48.97,3276.85,42,Debit Card,1,No,,,,,,,,,,,,
CUST02513,34,Female,Two Year,43.28,1532.4,29,Debit Card,0,No,,,,,,,,,,,,
CUST02514,29,Male,Two Year,97.18,297.08,7,Direct Debit,5,Yes,,,,,,,,,,,,
CUST02515,74,Female,Monthly,71.04,2963.1,32,Bank Transfer,2,No,,,,,,,,,,,,
CUST02516,63,Male,Two Year,74.04,920.57,13,Direct Debit,2,No,,,,,,,,,,,,
CUST02517,49,Female,Monthly,72.71,934.41,13,Bank Transfer,2,No,,,,,,,,,,,,
CUST02518,32,Female,One Year,94.9,3858.19,54,Debit Card,0,No,,,,,,,,,,,,
CUST02519,33,Female,Two Year,56.61,1341.96,14,Credit Card,0,No,,,,,,,,,,,,
CUST02520,71,Female,Monthly,72.87,327.62,6,Debit Card,1,No,,,,,,,,,,,,
CUST02521,39,Male,Monthly,51.36,1196.98,16,Direct Debit,2,No,,,,,,,,,,,,
CUST02522,45,Male,One Year,70.16,2082.76,41,Direct Debit,0,No,,,,,,,,,,,,
CUST02523,37,Female,One Year,77.27,3405.57,52,Direct Debit,1,No,,,,,,,,,,,,
CUST02524,50,Male,Two Year,75.41,1312.86,16,Direct Debit,0,No,,,,,,,,,,,,
CUST02525,27,Male,Monthly,100.26,375.69,5,Credit Card,3,No,,,,,,,,,,,,
CUST02526,57,Female,One Year,59.9,2569.07,24,Credit Card,1,No,,,,,,,,,,,,
CUST02527,49,Male,Monthly,77.04,2526.51,43,Debit Card,0,No,,,,,,,,,,,,
CUST02528,67,Female,One Year,97.15,5041.77,65,Debit Card,5,No,,,,,,,,,,,,
CUST02529,77,Female,Monthly,57.69,1029.57,10,Credit Card,4,Yes,,,,,,,,,,,,
CUST02530,50,Female,One Year,59.35,3383.13,59,Credit Card,1,No,,,,,,,,,,,,
CUST02531,19,Female,Monthly,58.2,2121.5,35,Direct Debit,1,No,,,,,,,,,,,,
CUST02532,50,Female,Two Year,36.32,1731.18,31,Bank Transfer,0,No,,,,,,,,,,,,
CUST02533,50,Female,One Year,88.37,382.78,11,Debit Card,3,No,,,,,,,,,,,,
CUST02534,58,Female,One Year,72.47,800.76,9,Bank Transfer,2,No,,,,,,,,,,,,
CUST02535,30,Male,Monthly,31.33,4869.64,66,Credit Card,2,No,,,,,,,,,,,,
CUST02536,47,Female,One Year,61.72,1412.88,44,Bank Transfer,2,No,,,,,,,,,,,,
CUST02537,50,Female,Monthly,95.48,1029.97,16,Credit Card,4,Yes,,,,,,,,,,,,
CUST02538,30,Male,Monthly,59.63,4892.91,48,Direct Debit,2,No,,,,,,,,,,,,
CUST02539,69,Male,One Year,92.28,3028.99,53,Credit Card,1,No,,,,,,,,,,,,
CUST02540,43,Female,Two Year,64.24,6112.85,65,Direct Debit,1,No,,,,,,,,,,,,
CUST02541,39,Male,Monthly,41.58,3055.46,48,Bank Transfer,1,No,,,,,,,,,,,,
CUST02542,56,Female,Monthly,21.32,2719.31,70,Bank Transfer,0,No,,,,,,,,,,,,
CUST02543,19,Female,One Year,107.48,973.43,46,Direct Debit,0,No,,,,,,,,,,,,
CUST02544,55,Male,One Year,54.13,3711.81,33,Credit Card,1,No,,,,,,,,,,,,
CUST02545,56,Female,Monthly,49.13,2625.21,52,Credit Card,2,No,,,,,,,,,,,,
CUST02546,43,Male,Two Year,59.64,2748.07,55,Debit Card,1,No,,,,,,,,,,,,
CUST02547,63,Female,Two Year,76.49,2997.88,51,Direct Debit,3,No,,,,,,,,,,,,
CUST02548,75,Male,Monthly,51.27,3135.02,40,Credit Card,2,No,,,,,,,,,,,,
CUST02549,67,Female,Monthly,89.91,1347.66,25,Credit Card,1,No,,,,,,,,,,,,
CUST02550,32,Male,One Year,67.45,5702.07,63,Debit Card,1,No,,,,,,,,,,,,
CUST02551,51,Male,Two Year,90.24,1437.35,22,Direct Debit,2,No,,,,,,,,,,,,
CUST02552,59,Male,One Year,31.67,3204.25,38,Debit Card,4,No,,,,,,,,,,,,
CUST02553,72,Male,Monthly,80.56,275.39,9,Debit Card,1,No,,,,,,,,,,,,
CUST02554,61,Female,Monthly,79.1,2916.17,37,Debit Card,2,Yes,,,,,,,,,,,,
CUST02555,66,Male,Monthly,65.02,404.44,5,Credit Card,8,No,,,,,,,,,,,,
CUST02556,57,Female,One Year,58.68,1404.89,22,Direct Debit,3,No,,,,,,,,,,,,
CUST02557,28,Female,Monthly,41.88,693.2,12,Debit Card,0,No,,,,,,,,,,,,
CUST02558,78,Female,Monthly,41.39,2428.57,60,Direct Debit,1,No,,,,,,,,,,,,
CUST02559,20,Female,Monthly,97.53,1781.21,44,Bank Transfer,0,No,,,,,,,,,,,,
CUST02560,76,Female,Monthly,76.41,2065.34,22,Credit Card,4,Yes,,,,,,,,,,,,
CUST02561,23,Male,Monthly,65.05,475.63,6,Bank Transfer,5,Yes,,,,,,,,,,,,
CUST02562,26,Male,Monthly,54.71,1892.07,27,Direct Debit,1,No,,,,,,,,,,,,
CUST02563,23,Female,Two Year,89.48,3122.02,55,Debit Card,5,No,,,,,,,,,,,,
CUST02564,26,Female,Monthly,85.14,1250.64,15,Debit Card,1,Yes,,,,,,,,,,,,
CUST02565,56,Female,One Year,53.83,5564.66,64,Bank Transfer,0,No,,,,,,,,,,,,
CUST02566,48,Male,Monthly,41.37,944.82,17,Credit Card,1,No,,,,,,,,,,,,
CUST02567,49,Male,Monthly,78.06,129.64,3,Direct Debit,1,No,,,,,,,,,,,,
CUST02568,58,Male,Monthly,95.76,813.41,10,Bank Transfer,4,Yes,,,,,,,,,,,,
CUST02569,67,Female,Monthly,83,6040.98,63,Debit Card,3,No,,,,,,,,,,,,
CUST02570,29,Female,Monthly,93.2,5030.23,63,Debit Card,1,No,,,,,,,,,,,,
CUST02571,25,Male,Two Year,65.58,5427.62,62,Direct Debit,1,No,,,,,,,,,,,,
CUST02572,25,Male,Monthly,76.8,543.79,9,Credit Card,4,Yes,,,,,,,,,,,,
CUST02573,67,Female,Monthly,63.87,1696.19,24,Debit Card,0,No,,,,,,,,,,,,
CUST02574,45,Female,One Year,86.95,2186.49,32,Direct Debit,1,No,,,,,,,,,,,,
CUST02575,79,Male,Monthly,50.32,265.36,3,Credit Card,1,Yes,,,,,,,,,,,,
CUST02576,37,Female,One Year,75.59,1680.27,33,Direct Debit,0,No,,,,,,,,,,,,
CUST02577,79,Female,Monthly,103.9,3186.22,43,Bank Transfer,0,No,,,,,,,,,,,,
CUST02578,64,Female,Monthly,51.97,1306.35,12,Bank Transfer,2,No,,,,,,,,,,,,
CUST02579,76,Female,One Year,22.52,1588.58,32,Debit Card,1,No,,,,,,,,,,,,
CUST02580,80,Male,Two Year,79.45,467.56,20,Direct Debit,0,No,,,,,,,,,,,,
CUST02581,24,Male,Monthly,113.97,5206.29,67,Direct Debit,0,No,,,,,,,,,,,,
CUST02582,28,Female,Monthly,56,8007.58,68,Debit Card,2,No,,,,,,,,,,,,
CUST02583,37,Male,Monthly,94.93,983.44,17,Bank Transfer,1,Yes,,,,,,,,,,,,
CUST02584,33,Female,Monthly,60.08,1750.37,19,Debit Card,4,No,,,,,,,,,,,,
CUST02585,21,Female,Two Year,49.25,257.02,4,Debit Card,4,Yes,,,,,,,,,,,,
CUST02586,23,Female,Monthly,76.27,838.28,17,Credit Card,2,No,,,,,,,,,,,,
CUST02587,75,Male,Two Year,41.24,4692.07,64,Direct Debit,0,No,,,,,,,,,,,,
CUST02588,39,Male,Monthly,91.33,932.51,22,Direct Debit,1,No,,,,,,,,,,,,
CUST02589,43,Female,Two Year,73.97,6269.72,66,Direct Debit,3,No,,,,,,,,,,,,
CUST02590,80,Male,Monthly,25.62,3330.77,42,Bank Transfer,1,No,,,,,,,,,,,,
CUST02591,20,Female,Two Year,108.83,1074.18,45,Direct Debit,0,No,,,,,,,,,,,,
CUST02592,80,Female,Monthly,82.8,1204.78,11,Direct Debit,5,No,,,,,,,,,,,,
CUST02593,58,Male,One Year,72.92,4381.64,53,Bank Transfer,1,No,,,,,,,,,,,,
CUST02594,77,Female,One Year,88.47,4242.37,60,Direct Debit,0,No,,,,,,,,,,,,
CUST02595,59,Male,Monthly,20,2675.57,29,Credit Card,2,No,,,,,,,,,,,,
CUST02596,31,Male,One Year,51.66,380.43,20,Credit Card,2,No,,,,,,,,,,,,
CUST02597,28,Female,One Year,110.68,251.18,5,Credit Card,3,No,,,,,,,,,,,,
CUST02598,35,Female,Two Year,73.89,2884.83,25,Credit Card,5,No,,,,,,,,,,,,
CUST02599,71,Female,Monthly,51.39,2503.12,34,Debit Card,2,Yes,,,,,,,,,,,,
CUST02600,29,Female,One Year,64.13,580.77,12,Direct Debit,2,No,,,,,,,,,,,,
CUST02601,40,Female,Two Year,47.23,1908.91,28,Bank Transfer,1,No,,,,,,,,,,,,
CUST02602,29,Male,Monthly,100.8,293.85,6,Bank Transfer,2,No,,,,,,,,,,,,
CUST02603,30,Male,Monthly,51.92,1934.43,19,Debit Card,4,No,,,,,,,,,,,,
CUST02604,42,Female,Two Year,39.28,633.94,12,Bank Transfer,3,No,,,,,,,,,,,,
CUST02605,62,Male,Monthly,74.55,1001.79,25,Debit Card,1,No,,,,,,,,,,,,
CUST02606,68,Female,Monthly,91.45,969.04,13,Bank Transfer,4,No,,,,,,,,,,,,
CUST02607,75,Female,Monthly,74.45,285.09,3,Unknown,3,No,,,,,,,,,,,,
CUST02608,36,Female,Two Year,34.38,1848.36,24,Bank Transfer,3,No,,,,,,,,,,,,
CUST02609,72,Female,Two Year,42.92,253.16,8,Debit Card,1,No,,,,,,,,,,,,
CUST02610,63,Male,Two Year,22.84,1811.05,45,Direct Debit,2,No,,,,,,,,,,,,
CUST02611,53,Male,One Year,85.12,1519.58,72,Debit Card,1,No,,,,,,,,,,,,
CUST02612,62,Female,Monthly,78.4,80.61,1,Debit Card,4,Yes,,,,,,,,,,,,
CUST02613,25,Female,Monthly,81.37,219.1,3,Direct Debit,4,Yes,,,,,,,,,,,,
CUST02614,46,Female,Monthly,62.65,5029.92,65,Direct Debit,0,No,,,,,,,,,,,,
CUST02615,72,Female,Monthly,33.2,945.54,15,Credit Card,5,No,,,,,,,,,,,,
CUST02616,70,Male,Monthly,46.37,1705.07,50,Bank Transfer,0,No,,,,,,,,,,,,
CUST02617,72,Female,Two Year,87.38,989.51,20,Debit Card,1,No,,,,,,,,,,,,
CUST02618,49,Female,One Year,73.58,272.18,3,Debit Card,3,Yes,,,,,,,,,,,,
CUST02619,68,Male,One Year,27.22,4151.93,61,Bank Transfer,0,No,,,,,,,,,,,,
CUST02620,61,Male,Two Year,55.03,406.26,15,Debit Card,0,No,,,,,,,,,,,,
CUST02621,35,Female,Two Year,75.22,3338.01,59,Direct Debit,2,No,,,,,,,,,,,,
CUST02622,23,Female,One Year,67.49,3941.73,54,Credit Card,1,No,,,,,,,,,,,,
CUST02623,35,Male,Monthly,41.18,3964.46,60,Direct Debit,1,No,,,,,,,,,,,,
CUST02624,36,Female,Monthly,59.98,1597.48,37,Bank Transfer,3,Yes,,,,,,,,,,,,
CUST02625,39,Male,Monthly,55.83,1168.29,21,Bank Transfer,1,Yes,,,,,,,,,,,,
CUST02626,54,Male,Monthly,70.87,1292.24,23,Bank Transfer,1,No,,,,,,,,,,,,
CUST02627,49,Female,Monthly,68.02,1337.81,18,Direct Debit,1,No,,,,,,,,,,,,
CUST02628,73,Female,Two Year,57.53,1211.37,17,Unknown,3,No,,,,,,,,,,,,
CUST02629,58,Female,Monthly,84.47,1675.16,31,Bank Transfer,0,No,,,,,,,,,,,,
CUST02630,76,Male,Monthly,96.44,5704.38,64,Bank Transfer,2,No,,,,,,,,,,,,
CUST02631,20,Male,One Year,120,4316.03,48,Bank Transfer,0,Yes,,,,,,,,,,,,
CUST02632,45,Male,One Year,50.47,3331.69,26,Debit Card,2,No,,,,,,,,,,,,
CUST02633,27,Male,Monthly,72.65,1059.94,22,Credit Card,1,No,,,,,,,,,,,,
CUST02634,68,Male,Monthly,25.08,3067.99,45,Debit Card,3,No,,,,,,,,,,,,
CUST02635,52,Male,Two Year,62.11,841.33,36,Bank Transfer,1,No,,,,,,,,,,,,
CUST02636,78,Male,Monthly,86.63,3875.45,64,Credit Card,4,No,,,,,,,,,,,,
CUST02637,46,Male,Two Year,25.92,2958.59,35,Bank Transfer,2,No,,,,,,,,,,,,
CUST02638,71,Female,Monthly,63.41,702.77,27,Debit Card,0,No,,,,,,,,,,,,
CUST02639,80,Male,Monthly,68.64,4472.59,68,Bank Transfer,3,No,,,,,,,,,,,,
CUST02640,32,Male,Monthly,34,1168.7,17,Direct Debit,0,No,,,,,,,,,,,,
CUST02641,50,Female,One Year,67.48,2562.38,70,Credit Card,1,No,,,,,,,,,,,,
CUST02642,24,Male,Two Year,74.28,707.88,11,Direct Debit,3,No,,,,,,,,,,,,
CUST02643,29,Female,Monthly,58.81,354.2,5,Bank Transfer,4,Yes,,,,,,,,,,,,
CUST02644,66,Male,Monthly,83.08,3522.83,58,Credit Card,0,No,,,,,,,,,,,,
CUST02645,47,Male,Monthly,48.04,4594.76,57,Direct Debit,2,No,,,,,,,,,,,,
CUST02646,38,Male,One Year,79.27,637.22,14,Debit Card,0,No,,,,,,,,,,,,
CUST02647,48,Male,Monthly,71.58,5974.5,72,Debit Card,2,No,,,,,,,,,,,,
CUST02648,75,Female,Monthly,76.34,68.44,1,Debit Card,4,No,,,,,,,,,,,,
CUST02649,78,Female,Monthly,64.91,1270.09,16,Direct Debit,2,No,,,,,,,,,,,,
CUST02650,41,Male,Monthly,33.64,1608.46,26,Direct Debit,4,No,,,,,,,,,,,,
CUST02651,37,Male,Two Year,37.49,1764.25,49,Direct Debit,1,No,,,,,,,,,,,,
CUST02652,54,Female,One Year,53.4,1522.96,42,Direct Debit,2,No,,,,,,,,,,,,
CUST02653,21,Male,Monthly,59.09,3887.36,70,Credit Card,1,No,,,,,,,,,,,,
CUST02654,45,Female,Monthly,76.24,4112.99,66,Debit Card,1,No,,,,,,,,,,,,
CUST02655,61,Male,Monthly,71.05,3796.75,53,Direct Debit,2,No,,,,,,,,,,,,
CUST02656,79,Female,Monthly,55.45,595.25,9,Direct Debit,1,No,,,,,,,,,,,,
CUST02657,37,Male,One Year,31.59,3886.26,69,Debit Card,1,No,,,,,,,,,,,,
CUST02658,77,Male,Monthly,55.89,1287.88,40,Direct Debit,0,No,,,,,,,,,,,,
CUST02659,41,Female,Monthly,47.91,3191.31,56,Credit Card,3,No,,,,,,,,,,,,
CUST02660,67,Female,Monthly,100.96,237.87,5,Bank Transfer,2,No,,,,,,,,,,,,
CUST02661,66,Female,One Year,67.62,6047,56,Bank Transfer,4,No,,,,,,,,,,,,
CUST02662,68,Female,One Year,96.51,5018.28,72,Bank Transfer,2,No,,,,,,,,,,,,
CUST02663,49,Female,One Year,67.19,449.68,5,Direct Debit,1,No,,,,,,,,,,,,
CUST02664,58,Male,One Year,102.7,4847.52,69,Direct Debit,0,No,,,,,,,,,,,,
CUST02665,53,Female,One Year,72.81,5148.57,52,Credit Card,0,No,,,,,,,,,,,,
CUST02666,75,Male,One Year,78.32,2488.47,33,Direct Debit,2,No,,,,,,,,,,,,
CUST02667,70,Female,Monthly,109.24,1601.52,22,Bank Transfer,4,Yes,,,,,,,,,,,,
CUST02668,51,Female,Monthly,47.17,1708.52,15,Bank Transfer,4,Yes,,,,,,,,,,,,
CUST02669,53,Male,Two Year,46.4,3087.03,65,Debit Card,1,No,,,,,,,,,,,,
CUST02670,19,Male,Two Year,66.85,3410.76,71,Direct Debit,1,No,,,,,,,,,,,,
CUST02671,32,Male,One Year,120,1536.14,23,Debit Card,2,No,,,,,,,,,,,,
CUST02672,51,Male,One Year,62.85,754.69,6,Credit Card,3,No,,,,,,,,,,,,
CUST02673,53,Female,Monthly,75.08,3906.03,58,Bank Transfer,2,No,,,,,,,,,,,,
CUST02674,23,Male,Monthly,79.62,2027.82,26,Credit Card,3,No,,,,,,,,,,,,
CUST02675,56,Male,Two Year,93.68,992.77,12,Debit Card,1,No,,,,,,,,,,,,
CUST02676,59,Female,Two Year,89.09,178.87,2,Credit Card,3,No,,,,,,,,,,,,
CUST02677,68,Female,Monthly,100.93,2784.5,32,Bank Transfer,2,No,,,,,,,,,,,,
CUST02678,68,Female,Monthly,86.77,4743.74,50,Debit Card,1,No,,,,,,,,,,,,
CUST02679,75,Female,Monthly,73.54,5320.43,61,Credit Card,4,No,,,,,,,,,,,,
CUST02680,71,Female,Monthly,50.09,802.02,11,Direct Debit,3,No,,,,,,,,,,,,
CUST02681,78,Female,Monthly,53.85,3294.24,68,Debit Card,3,No,,,,,,,,,,,,
CUST02682,29,Female,One Year,61.48,1704.7,34,Debit Card,1,No,,,,,,,,,,,,
CUST02683,20,Female,Monthly,71.65,525.79,8,Direct Debit,1,No,,,,,,,,,,,,
CUST02684,62,Male,One Year,75.06,582.87,8,Bank Transfer,3,No,,,,,,,,,,,,
CUST02685,35,Male,One Year,99.9,1094.37,15,Direct Debit,2,Yes,,,,,,,,,,,,
CUST02686,57,Female,Two Year,20,487.33,5,Debit Card,5,No,,,,,,,,,,,,
CUST02687,38,Female,Two Year,63.35,373.64,19,Bank Transfer,1,No,,,,,,,,,,,,
CUST02688,32,Female,One Year,103.45,598.58,9,Direct Debit,0,No,,,,,,,,,,,,
CUST02689,50,Female,One Year,42.78,5623.46,57,Debit Card,3,No,,,,,,,,,,,,
CUST02690,52,Female,Monthly,46.81,2441.88,54,Bank Transfer,3,No,,,,,,,,,,,,
CUST02691,43,Female,Two Year,78.33,1316.52,29,Bank Transfer,1,No,,,,,,,,,,,,
CUST02692,25,Female,Monthly,78.8,1576.63,19,Debit Card,0,No,,,,,,,,,,,,
CUST02693,53,Female,Two Year,43.33,3854.4,46,Direct Debit,2,No,,,,,,,,,,,,
CUST02694,65,Male,Monthly,101.04,2770.99,62,Debit Card,0,No,,,,,,,,,,,,
CUST02695,47,Male,Monthly,81.3,6445.28,60,Direct Debit,5,No,,,,,,,,,,,,
CUST02696,40,Female,Monthly,37.81,422.57,5,Bank Transfer,3,Yes,,,,,,,,,,,,
CUST02697,59,Male,One Year,93.87,1176.77,33,Credit Card,2,No,,,,,,,,,,,,
CUST02698,61,Female,Monthly,84.78,5539.67,55,Bank Transfer,1,No,,,,,,,,,,,,
CUST02699,31,Male,One Year,64.26,1530.95,19,Direct Debit,0,No,,,,,,,,,,,,
CUST02700,31,Female,One Year,59.53,1091.48,17,Debit Card,2,No,,,,,,,,,,,,
CUST02701,19,Female,Monthly,42.98,2453.64,42,Direct Debit,1,No,,,,,,,,,,,,
CUST02702,72,Female,One Year,62.26,922.59,22,Debit Card,1,No,,,,,,,,,,,,
CUST02703,54,Male,Monthly,89.46,2538.33,39,Direct Debit,2,No,,,,,,,,,,,,
CUST02704,22,Female,Monthly,31.15,2334.63,27,Credit Card,1,No,,,,,,,,,,,,
CUST02705,49,Female,One Year,54.17,1441.54,46,Credit Card,0,No,,,,,,,,,,,,
CUST02706,62,Male,Monthly,67.45,1477.11,28,Credit Card,0,No,,,,,,,,,,,,
CUST02707,58,Female,Two Year,80.9,3728.21,52,Direct Debit,3,No,,,,,,,,,,,,
CUST02708,79,Male,One Year,75.7,4968.33,65,Bank Transfer,2,No,,,,,,,,,,,,
CUST02709,71,Male,Two Year,50.96,2799.01,39,Bank Transfer,2,No,,,,,,,,,,,,
CUST02710,77,Male,One Year,60.58,860.22,18,Direct Debit,3,No,,,,,,,,,,,,
CUST02711,78,Female,Two Year,61.75,1387.73,22,Credit Card,2,No,,,,,,,,,,,,
CUST02712,64,Female,Monthly,74.66,3971.58,68,Debit Card,0,No,,,,,,,,,,,,
CUST02713,31,Female,Monthly,82.98,825.61,11,Bank Transfer,2,No,,,,,,,,,,,,
CUST02714,73,Male,Monthly,58.09,5537.41,64,Debit Card,5,No,,,,,,,,,,,,
CUST02715,56,Male,Two Year,72.16,3870.67,71,Credit Card,0,No,,,,,,,,,,,,
CUST02716,42,Female,Monthly,60.6,4396.41,57,Bank Transfer,2,No,,,,,,,,,,,,
CUST02717,37,Female,Two Year,37.24,2047.71,35,Debit Card,4,No,,,,,,,,,,,,
CUST02718,19,Female,Monthly,96.43,1442.32,37,Credit Card,0,No,,,,,,,,,,,,
CUST02719,56,Male,Monthly,89.61,5047.96,50,Credit Card,3,No,,,,,,,,,,,,
CUST02720,23,Male,Monthly,28.44,2623.07,30,Credit Card,3,No,,,,,,,,,,,,
CUST02721,34,Female,One Year,104.69,487.39,17,Bank Transfer,1,No,,,,,,,,,,,,
CUST02722,76,Female,Two Year,78.07,3527.09,33,Credit Card,3,No,,,,,,,,,,,,
CUST02723,42,Male,Monthly,77.38,1232.24,16,Debit Card,1,No,,,,,,,,,,,,
CUST02724,74,Male,One Year,59.96,1134.31,15,Direct Debit,3,No,,,,,,,,,,,,
CUST02725,45,Female,Monthly,66.18,823.4,13,Direct Debit,1,No,,,,,,,,,,,,
CUST02726,19,Male,One Year,81.28,189.07,3,Direct Debit,3,Yes,,,,,,,,,,,,
CUST02727,52,Female,Monthly,106.88,2042.77,24,Bank Transfer,1,No,,,,,,,,,,,,
CUST02728,54,Male,Monthly,41.95,2341.71,23,Bank Transfer,4,No,,,,,,,,,,,,
CUST02729,22,Male,One Year,89.22,2554.3,59,Bank Transfer,1,No,,,,,,,,,,,,
CUST02730,80,Female,One Year,60.23,4740.36,55,Direct Debit,2,No,,,,,,,,,,,,
CUST02731,18,Male,Monthly,99.01,4182.66,65,Direct Debit,0,No,,,,,,,,,,,,
CUST02732,57,Female,Monthly,35.15,3221.74,32,Bank Transfer,4,No,,,,,,,,,,,,
CUST02733,29,Female,One Year,64.87,2120.31,60,Debit Card,0,No,,,,,,,,,,,,
CUST02734,73,Male,One Year,20,1882.33,30,Direct Debit,4,No,,,,,,,,,,,,
CUST02735,53,Male,Two Year,52.67,1321.83,66,Unknown,0,No,,,,,,,,,,,,
CUST02736,62,Female,One Year,51.19,882.21,18,Direct Debit,0,No,,,,,,,,,,,,
CUST02737,40,Male,Two Year,79.66,2847.86,59,Bank Transfer,0,No,,,,,,,,,,,,
CUST02738,64,Male,Monthly,38.76,4083.52,53,Bank Transfer,2,No,,,,,,,,,,,,
CUST02739,48,Male,Monthly,102.29,2658.95,64,Debit Card,2,No,,,,,,,,,,,,
CUST02740,28,Female,Monthly,105.7,3052.93,30,Credit Card,0,No,,,,,,,,,,,,
CUST02741,27,Female,Monthly,66.84,1872.29,18,Credit Card,4,No,,,,,,,,,,,,
CUST02742,20,Female,One Year,39.87,348.77,5,Credit Card,2,No,,,,,,,,,,,,
CUST02743,71,Male,One Year,40.9,2836.29,69,Bank Transfer,2,No,,,,,,,,,,,,
CUST02744,31,Female,Monthly,71.35,335.78,8,Credit Card,2,Yes,,,,,,,,,,,,
CUST02745,33,Female,Monthly,48.25,653.01,9,Direct Debit,1,No,,,,,,,,,,,,
CUST02746,27,Female,One Year,90.59,1452.59,32,Debit Card,0,No,,,,,,,,,,,,
CUST02747,46,Female,One Year,62.3,1246.06,14,Debit Card,1,No,,,,,,,,,,,,
CUST02748,27,Female,Monthly,73.24,861.89,13,Bank Transfer,1,Yes,,,,,,,,,,,,
CUST02749,29,Female,One Year,68.93,1415.28,18,Credit Card,5,No,,,,,,,,,,,,
CUST02750,47,Female,Monthly,50.87,4636.75,68,Direct Debit,2,No,,,,,,,,,,,,
CUST02751,58,Male,Two Year,44.46,1029.8,22,Debit Card,4,No,,,,,,,,,,,,
CUST02752,18,Male,Two Year,45.86,889.1,20,Credit Card,3,No,,,,,,,,,,,,
CUST02753,22,Male,Monthly,62.06,657.87,15,Credit Card,1,No,,,,,,,,,,,,
CUST02754,37,Male,Monthly,65.37,412.74,7,Debit Card,1,No,,,,,,,,,,,,
CUST02755,25,Male,One Year,75.33,1893.26,30,Bank Transfer,0,No,,,,,,,,,,,,
CUST02756,60,Female,Monthly,69.83,353.91,5,Debit Card,2,Yes,,,,,,,,,,,,
CUST02757,29,Male,Monthly,55.72,64.76,1,Bank Transfer,2,No,,,,,,,,,,,,
CUST02758,18,Female,Two Year,33.93,3313.62,60,Direct Debit,2,No,,,,,,,,,,,,
CUST02759,74,Female,Monthly,94.56,1011.87,31,Direct Debit,3,No,,,,,,,,,,,,
CUST02760,71,Male,Monthly,33.92,1817.43,20,Debit Card,1,Yes,,,,,,,,,,,,
CUST02761,37,Female,One Year,80.1,2074.16,64,Direct Debit,1,No,,,,,,,,,,,,
CUST02762,45,Female,Monthly,96.16,5123.65,64,Credit Card,0,No,,,,,,,,,,,,
CUST02763,74,Male,Monthly,94.69,2892.7,29,Bank Transfer,3,No,,,,,,,,,,,,
CUST02764,60,Male,Monthly,86.44,970.67,10,Credit Card,4,No,,,,,,,,,,,,
CUST02765,54,Male,Monthly,67.44,2697.65,29,Credit Card,2,No,,,,,,,,,,,,
CUST02766,64,Female,One Year,43.39,2229.12,31,Bank Transfer,1,No,,,,,,,,,,,,
CUST02767,54,Male,Two Year,32.24,1284.48,30,Direct Debit,1,No,,,,,,,,,,,,
CUST02768,29,Female,Two Year,71.17,846.36,25,Credit Card,1,No,,,,,,,,,,,,
CUST02769,54,Female,Monthly,57.46,3919.47,58,Credit Card,4,No,,,,,,,,,,,,
CUST02770,66,Male,Monthly,55.8,3124.46,57,Direct Debit,2,No,,,,,,,,,,,,
CUST02771,66,Female,One Year,80.23,3628.41,63,Debit Card,0,No,,,,,,,,,,,,
CUST02772,73,Male,One Year,58.19,2833.96,37,Debit Card,4,No,,,,,,,,,,,,
CUST02773,61,Female,Two Year,51.37,3348.66,58,Credit Card,2,No,,,,,,,,,,,,
CUST02774,73,Male,One Year,120,1397.41,28,Bank Transfer,2,No,,,,,,,,,,,,
CUST02775,45,Female,Monthly,64.22,3101.4,27,Bank Transfer,3,Yes,,,,,,,,,,,,
CUST02776,64,Male,Monthly,79.95,4246.86,70,Credit Card,1,Yes,,,,,,,,,,,,
CUST02777,32,Female,One Year,73.78,3011.09,37,Bank Transfer,1,No,,,,,,,,,,,,
CUST02778,23,Female,Two Year,62.46,411.25,6,Bank Transfer,3,No,,,,,,,,,,,,
CUST02779,61,Male,Monthly,57.74,3998.02,62,Bank Transfer,2,No,,,,,,,,,,,,
CUST02780,76,Female,Monthly,39,2025.76,33,Direct Debit,2,No,,,,,,,,,,,,
CUST02781,78,Male,Monthly,74.5,1520.93,40,Credit Card,1,No,,,,,,,,,,,,
CUST02782,37,Female,Monthly,71.81,3012.09,41,Direct Debit,0,No,,,,,,,,,,,,
CUST02783,67,Female,Monthly,36.06,3059.73,42,Direct Debit,2,No,,,,,,,,,,,,
CUST02784,31,Male,Two Year,89.07,333.17,9,Debit Card,3,No,,,,,,,,,,,,
CUST02785,19,Male,One Year,72.54,1614.75,18,Direct Debit,3,No,,,,,,,,,,,,
CUST02786,26,Male,Two Year,63.15,1121.24,15,Bank Transfer,0,No,,,,,,,,,,,,
CUST02787,80,Female,Two Year,63.07,265.07,4,Direct Debit,1,Yes,,,,,,,,,,,,
CUST02788,54,Male,Monthly,60.32,2312.51,34,Bank Transfer,3,No,,,,,,,,,,,,
CUST02789,37,Male,One Year,37.27,3675.66,62,Credit Card,1,No,,,,,,,,,,,,
CUST02790,43,Male,Two Year,52.94,1435.45,38,Bank Transfer,1,No,,,,,,,,,,,,
CUST02791,46,Male,One Year,78.12,3684.28,71,Credit Card,1,No,,,,,,,,,,,,
CUST02792,18,Female,One Year,68.12,1721.42,23,Credit Card,0,No,,,,,,,,,,,,
CUST02793,72,Male,Monthly,108.18,1470.86,20,Bank Transfer,0,No,,,,,,,,,,,,
CUST02794,52,Female,One Year,56.89,5586.89,56,Direct Debit,1,No,,,,,,,,,,,,
CUST02795,23,Female,Monthly,68.73,2805.17,53,Bank Transfer,1,No,,,,,,,,,,,,
CUST02796,54,Female,Monthly,80.87,139.29,2,Direct Debit,4,No,,,,,,,,,,,,
CUST02797,70,Male,Monthly,83.99,1755.29,21,Credit Card,3,No,,,,,,,,,,,,
CUST02798,76,Female,Monthly,63.81,3656.74,42,Bank Transfer,2,No,,,,,,,,,,,,
CUST02799,22,Female,Monthly,56.17,3755.49,57,Direct Debit,0,No,,,,,,,,,,,,
CUST02800,50,Male,Monthly,65.14,2879.42,49,Credit Card,2,No,,,,,,,,,,,,
CUST02801,66,Male,Monthly,79.79,676.9,10,Credit Card,4,No,,,,,,,,,,,,
CUST02802,68,Male,Monthly,64.02,5787.14,72,Direct Debit,1,No,,,,,,,,,,,,
CUST02803,31,Male,Monthly,112.86,3886.55,61,Debit Card,2,No,,,,,,,,,,,,
CUST02804,29,Male,One Year,59.97,2453.59,21,Debit Card,0,No,,,,,,,,,,,,
CUST02805,59,Female,One Year,69.57,3731.95,60,Direct Debit,0,No,,,,,,,,,,,,
CUST02806,37,Male,One Year,63.08,880.18,13,Direct Debit,2,No,,,,,,,,,,,,
CUST02807,70,Female,Two Year,66.88,2787.04,48,Direct Debit,1,No,,,,,,,,,,,,
CUST02808,67,Female,Monthly,87.34,2595.72,40,Direct Debit,3,No,,,,,,,,,,,,
CUST02809,41,Female,Monthly,51.32,5533,63,Credit Card,2,No,,,,,,,,,,,,
CUST02810,76,Female,Monthly,109.1,463.81,9,Credit Card,3,No,,,,,,,,,,,,
CUST02811,60,Male,Two Year,53.14,6099.17,57,Direct Debit,1,No,,,,,,,,,,,,
CUST02812,79,Female,One Year,79.82,2897.61,51,Bank Transfer,2,No,,,,,,,,,,,,
CUST02813,51,Male,Monthly,74.08,3180.72,40,Bank Transfer,1,No,,,,,,,,,,,,
CUST02814,42,Female,Monthly,65.7,4467.31,64,Debit Card,0,No,,,,,,,,,,,,
CUST02815,67,Female,One Year,96.47,4373.51,70,Direct Debit,1,No,,,,,,,,,,,,
CUST02816,46,Male,Monthly,110.37,5773.59,64,Credit Card,2,No,,,,,,,,,,,,
CUST02817,74,Male,Monthly,45.95,2656.95,25,Credit Card,4,No,,,,,,,,,,,,
CUST02818,56,Female,Two Year,49.95,1246.4,28,Credit Card,2,No,,,,,,,,,,,,
CUST02819,48,Male,One Year,73.24,486.25,10,Direct Debit,1,No,,,,,,,,,,,,
CUST02820,73,Female,Two Year,69.98,2161.02,28,Direct Debit,4,No,,,,,,,,,,,,
CUST02821,64,Female,Monthly,55.79,2626.29,36,Bank Transfer,4,No,,,,,,,,,,,,
CUST02822,60,Male,One Year,56.44,613.31,11,Credit Card,3,No,,,,,,,,,,,,
CUST02823,67,Male,Two Year,54.77,1174.69,21,Direct Debit,3,No,,,,,,,,,,,,
CUST02824,40,Male,One Year,43.4,1396.25,26,Direct Debit,1,No,,,,,,,,,,,,
CUST02825,61,Male,One Year,70.95,720.4,18,Credit Card,0,No,,,,,,,,,,,,
CUST02826,55,Female,One Year,61.65,5148.6,68,Direct Debit,0,No,,,,,,,,,,,,
CUST02827,37,Female,Two Year,60.69,2443.33,41,Direct Debit,2,No,,,,,,,,,,,,
CUST02828,40,Male,Monthly,33.63,960.15,15,Debit Card,5,Yes,,,,,,,,,,,,
CUST02829,79,Male,Monthly,64.21,803.3,23,Credit Card,1,No,,,,,,,,,,,,
CUST02830,62,Male,Monthly,101.4,2470.19,41,Direct Debit,1,No,,,,,,,,,,,,
CUST02831,69,Male,Two Year,53.73,590.22,6,Credit Card,2,No,,,,,,,,,,,,
CUST02832,33,Female,Two Year,65.06,3805.46,71,Credit Card,4,No,,,,,,,,,,,,
CUST02833,67,Male,Monthly,61.04,3755.05,60,Direct Debit,1,No,,,,,,,,,,,,
CUST02834,59,Female,Monthly,74.99,3124.37,52,Bank Transfer,1,No,,,,,,,,,,,,
CUST02835,77,Female,Two Year,92.83,651.42,9,Bank Transfer,1,No,,,,,,,,,,,,
CUST02836,72,Female,Monthly,55.89,2845.37,30,Direct Debit,2,Yes,,,,,,,,,,,,
CUST02837,25,Male,Monthly,41.01,2404.33,44,Bank Transfer,0,No,,,,,,,,,,,,
CUST02838,67,Female,Monthly,62.83,2480.09,62,Debit Card,3,No,,,,,,,,,,,,
CUST02839,38,Female,Monthly,53.15,2602.95,43,Debit Card,0,No,,,,,,,,,,,,
CUST02840,18,Female,One Year,67.18,1560,28,Debit Card,2,No,,,,,,,,,,,,
CUST02841,72,Male,Monthly,92.88,549.99,8,Direct Debit,2,No,,,,,,,,,,,,
CUST02842,25,Male,Monthly,40.58,4904.35,51,Direct Debit,1,No,,,,,,,,,,,,
CUST02843,46,Female,Two Year,78.64,1196.73,30,Debit Card,1,No,,,,,,,,,,,,
CUST02844,49,Male,Monthly,79.07,912.03,11,Credit Card,4,Yes,,,,,,,,,,,,
CUST02845,55,Male,Monthly,69.93,1560.24,20,Direct Debit,2,No,,,,,,,,,,,,
CUST02846,22,Female,Two Year,79.86,2055.62,31,Credit Card,0,No,,,,,,,,,,,,
CUST02847,64,Male,One Year,31.92,2719.87,34,Credit Card,5,No,,,,,,,,,,,,
CUST02848,39,Male,Monthly,83.05,379.66,12,Direct Debit,0,No,,,,,,,,,,,,
CUST02849,64,Male,Monthly,70.1,3726,48,Bank Transfer,0,No,,,,,,,,,,,,
CUST02850,51,Female,Monthly,49.85,2013.89,28,Debit Card,2,Yes,,,,,,,,,,,,
CUST02851,18,Male,One Year,104.42,3506.68,67,Direct Debit,0,No,,,,,,,,,,,,
CUST02852,72,Female,Monthly,89.21,6427.06,63,Direct Debit,3,No,,,,,,,,,,,,
CUST02853,72,Male,Monthly,53.69,4459.68,48,Debit Card,0,No,,,,,,,,,,,,
CUST02854,43,Male,Monthly,56.22,2285.96,42,Direct Debit,3,No,,,,,,,,,,,,
CUST02855,60,Female,One Year,90.7,2817.26,52,Bank Transfer,3,No,,,,,,,,,,,,
CUST02856,27,Male,Monthly,69.49,442.18,5,Credit Card,6,Yes,,,,,,,,,,,,
CUST02857,47,Female,Monthly,45.16,893.4,12,Direct Debit,1,No,,,,,,,,,,,,
CUST02858,67,Male,Monthly,104.64,2543.28,59,Credit Card,1,No,,,,,,,,,,,,
CUST02859,35,Male,Monthly,59.54,6422.8,65,Debit Card,1,No,,,,,,,,,,,,
CUST02860,34,Male,One Year,65.51,2885.88,52,Debit Card,1,No,,,,,,,,,,,,
CUST02861,43,Male,One Year,73.18,2986.21,43,Bank Transfer,0,No,,,,,,,,,,,,
CUST02862,25,Female,One Year,49.23,4737.31,63,Credit Card,3,No,,,,,,,,,,,,
CUST02863,64,Female,One Year,96.54,2310.53,50,Direct Debit,1,No,,,,,,,,,,,,
CUST02864,57,Male,Monthly,47.49,3925.09,39,Bank Transfer,2,No,,,,,,,,,,,,
CUST02865,66,Female,One Year,67.4125,2035.88,42,Credit Card,1,No,,,,,,,,,,,,
CUST02866,29,Female,Monthly,59.42,1356.05,17,Bank Transfer,2,Yes,,,,,,,,,,,,
CUST02867,44,Male,Monthly,85.3,2559.73,43,Bank Transfer,2,No,,,,,,,,,,,,
CUST02868,25,Male,One Year,72.21,4190.68,49,Debit Card,1,No,,,,,,,,,,,,
CUST02869,42,Female,Two Year,62.34,346.57,5,Credit Card,4,No,,,,,,,,,,,,
CUST02870,63,Female,One Year,32.78,59.26,1,Bank Transfer,2,No,,,,,,,,,,,,
CUST02871,21,Female,One Year,68.8,2278.32,67,Credit Card,0,No,,,,,,,,,,,,
CUST02872,50,Female,Two Year,71.55,1617.56,24,Direct Debit,3,Yes,,,,,,,,,,,,
CUST02873,18,Female,Monthly,29.68,2149.44,29,Credit Card,3,No,,,,,,,,,,,,
CUST02874,36,Male,Two Year,69.24,464.75,15,Debit Card,0,No,,,,,,,,,,,,
CUST02875,48,Male,One Year,77.57,294.83,4,Debit Card,3,No,,,,,,,,,,,,
CUST02876,33,Male,One Year,65.59,3373.45,44,Bank Transfer,1,No,,,,,,,,,,,,
CUST02877,31,Female,One Year,56.3,3987.66,65,Credit Card,1,No,,,,,,,,,,,,
CUST02878,70,Female,One Year,93.46,1611.74,31,Credit Card,1,No,,,,,,,,,,,,
CUST02879,65,Female,One Year,105.36,1806.96,20,Credit Card,5,No,,,,,,,,,,,,
CUST02880,22,Female,Monthly,39.39,1126.51,10,Bank Transfer,2,No,,,,,,,,,,,,
CUST02881,58,Female,Two Year,90.5,450.47,11,Credit Card,2,No,,,,,,,,,,,,
CUST02882,43,Female,Monthly,80.26,2557.98,28,Credit Card,5,No,,,,,,,,,,,,
CUST02883,79,Male,Monthly,57.81,2922.82,38,Credit Card,4,No,,,,,,,,,,,,
CUST02884,45,Female,Monthly,64.46,1434.69,24,Direct Debit,0,No,,,,,,,,,,,,
CUST02885,19,Female,Monthly,67.76,2610.82,39,Direct Debit,0,Yes,,,,,,,,,,,,
CUST02886,67,Male,Monthly,89.91,3306.72,51,Direct Debit,4,No,,,,,,,,,,,,
CUST02887,23,Female,Monthly,62.87,4645.2,50,Debit Card,1,No,,,,,,,,,,,,
CUST02888,80,Female,Monthly,32.43,413.35,7,Credit Card,3,No,,,,,,,,,,,,
CUST02889,26,Male,Monthly,65.98,2064.7,68,Debit Card,2,No,,,,,,,,,,,,
CUST02890,50,Male,Monthly,89.38,3248.09,53,Debit Card,1,No,,,,,,,,,,,,
CUST02891,58,Female,Monthly,84.59,3471.2,37,Debit Card,0,No,,,,,,,,,,,,
CUST02892,42,Female,Two Year,62.76,4400.21,54,Debit Card,1,No,,,,,,,,,,,,
CUST02893,65,Female,Monthly,78.78,3509.34,55,Debit Card,2,No,,,,,,,,,,,,
CUST02894,30,Male,Monthly,93.16,2303.26,31,Credit Card,2,No,,,,,,,,,,,,
CUST02895,26,Male,Monthly,84.32,5999.62,65,Credit Card,0,No,,,,,,,,,,,,
CUST02896,70,Male,Monthly,105.55,4598.94,59,Credit Card,2,No,,,,,,,,,,,,
CUST02897,30,Male,One Year,98.01,5246.56,47,Credit Card,2,Yes,,,,,,,,,,,,
CUST02898,48,Male,Monthly,62.03,4833.03,49,Credit Card,1,No,,,,,,,,,,,,
CUST02899,58,Female,Monthly,67.16,1186.3,18,Credit Card,2,No,,,,,,,,,,,,
CUST02900,28,Male,Monthly,97.75,200.44,3,Credit Card,1,No,,,,,,,,,,,,
CUST02901,21,Male,One Year,41.87,1707.79,18,Credit Card,1,No,,,,,,,,,,,,
CUST02902,51,Male,One Year,70.29,2389.92,58,Credit Card,2,No,,,,,,,,,,,,
CUST02903,78,Male,Monthly,108.56,4786.06,71,Debit Card,4,No,,,,,,,,,,,,
CUST02904,55,Female,Monthly,111.52,2881.43,25,Debit Card,5,No,,,,,,,,,,,,
CUST02905,63,Female,Monthly,69.69,1941.72,18,Direct Debit,3,Yes,,,,,,,,,,,,
CUST02906,21,Female,One Year,37.17,3503.4,52,Direct Debit,3,No,,,,,,,,,,,,
CUST02907,55,Male,Monthly,62.4,1631.97,43,Direct Debit,2,No,,,,,,,,,,,,
CUST02908,36,Male,Monthly,83.36,3928.43,67,Debit Card,1,No,,,,,,,,,,,,
CUST02909,23,Male,Monthly,54.45,557.3,7,Debit Card,4,Yes,,,,,,,,,,,,
CUST02910,51,Male,Monthly,116.4,2368.93,44,Credit Card,1,No,,,,,,,,,,,,
CUST02911,35,Female,Monthly,64.54,4861.51,44,Direct Debit,2,No,,,,,,,,,,,,
CUST02912,30,Male,Monthly,97.25,3163.74,51,Direct Debit,1,No,,,,,,,,,,,,
CUST02913,58,Female,Monthly,67.34,2107.58,21,Direct Debit,1,No,,,,,,,,,,,,
CUST02914,40,Male,Monthly,70.77,2403.81,37,Credit Card,1,No,,,,,,,,,,,,
CUST02915,36,Female,One Year,70.81,2025.06,28,Debit Card,4,Yes,,,,,,,,,,,,
CUST02916,62,Female,Monthly,52.89,2263.89,32,Credit Card,4,No,,,,,,,,,,,,
CUST02917,28,Female,One Year,55.63,3143.82,57,Direct Debit,2,No,,,,,,,,,,,,
CUST02918,18,Female,One Year,78.81,2372.33,41,Debit Card,4,No,,,,,,,,,,,,
CUST02919,41,Female,One Year,58.47,4049.79,54,Bank Transfer,1,No,,,,,,,,,,,,
CUST02920,79,Female,Two Year,62.5,1690.65,27,Credit Card,1,No,,,,,,,,,,,,
CUST02921,71,Male,Monthly,81.23,2620.88,40,Direct Debit,1,No,,,,,,,,,,,,
CUST02922,24,Male,Monthly,95.44,3347.81,41,Credit Card,1,No,,,,,,,,,,,,
CUST02923,42,Female,One Year,98.94,6744.68,70,Direct Debit,2,No,,,,,,,,,,,,
CUST02924,38,Female,One Year,49.45,2499.49,24,Debit Card,4,No,,,,,,,,,,,,
CUST02925,32,Male,Monthly,53.11,887.84,18,Bank Transfer,2,Yes,,,,,,,,,,,,
CUST02926,18,Male,Monthly,90.14,2963.92,56,Credit Card,3,No,,,,,,,,,,,,
CUST02927,29,Female,One Year,52.62,1380.26,15,Direct Debit,1,No,,,,,,,,,,,,
CUST02928,75,Male,Two Year,64.2,3539.08,72,Direct Debit,1,No,,,,,,,,,,,,
CUST02929,24,Male,Monthly,33.39,2276.53,35,Debit Card,1,No,,,,,,,,,,,,
CUST02930,32,Male,Two Year,84,861.71,27,Bank Transfer,2,No,,,,,,,,,,,,
CUST02931,38,Female,Monthly,68.95,236.55,3,Credit Card,0,Yes,,,,,,,,,,,,
CUST02932,36,Male,Monthly,92.84,1521.02,21,Credit Card,2,No,,,,,,,,,,,,
CUST02933,77,Female,Monthly,86.13,3552.29,39,Bank Transfer,3,Yes,,,,,,,,,,,,
CUST02934,46,Male,Monthly,85.9,2757.4,32,Bank Transfer,3,No,,,,,,,,,,,,
CUST02935,42,Female,One Year,91.54,4153.06,50,Bank Transfer,2,No,,,,,,,,,,,,
CUST02936,50,Female,Monthly,63.32,762.03,9,Bank Transfer,2,Yes,,,,,,,,,,,,
CUST02937,66,Male,Monthly,69.93,3136.82,50,Direct Debit,1,No,,,,,,,,,,,,
CUST02938,49,Female,Monthly,75.14,72.73,1,Direct Debit,2,Yes,,,,,,,,,,,,
CUST02939,66,Male,Monthly,72.5,312.98,4,Debit Card,5,No,,,,,,,,,,,,
CUST02940,52,Male,Monthly,75.55,309.58,4,Bank Transfer,2,Yes,,,,,,,,,,,,
CUST02941,61,Female,Two Year,61.27,2708.6,34,Direct Debit,2,No,,,,,,,,,,,,
CUST02942,55,Male,Monthly,67.2,1781.96,27,Debit Card,2,Yes,,,,,,,,,,,,
CUST02943,43,Female,Two Year,57.61,1019.55,15,Debit Card,1,No,,,,,,,,,,,,
CUST02944,28,Male,Monthly,75.42,1711.06,32,Direct Debit,1,No,,,,,,,,,,,,
CUST02945,52,Male,Monthly,76.34,3272.01,41,Direct Debit,1,Yes,,,,,,,,,,,,
CUST02946,25,Male,Monthly,47.34,5812.15,71,Direct Debit,0,No,,,,,,,,,,,,
CUST02947,63,Female,Monthly,67.38,2871.19,61,Credit Card,2,No,,,,,,,,,,,,
CUST02948,31,Male,Two Year,91.4,3982.73,63,Debit Card,2,No,,,,,,,,,,,,
CUST02949,27,Female,One Year,81.03,5151.33,61,Credit Card,4,No,,,,,,,,,,,,
CUST02950,19,Male,Two Year,38.31,1155.02,14,Debit Card,0,No,,,,,,,,,,,,
CUST02951,63,Male,Two Year,38.77,904.76,23,Debit Card,1,No,,,,,,,,,,,,
CUST02952,26,Female,One Year,74.26,2324.98,65,Credit Card,0,No,,,,,,,,,,,,
CUST02953,20,Female,One Year,67.69,2547.13,32,Unknown,1,No,,,,,,,,,,,,
CUST02954,38,Male,One Year,61.87,2794.05,41,Bank Transfer,0,No,,,,,,,,,,,,
CUST02955,43,Female,One Year,20,1637.52,26,Direct Debit,1,No,,,,,,,,,,,,
CUST02956,25,Male,Monthly,50.47,969.85,48,Credit Card,0,No,,,,,,,,,,,,
CUST02957,65,Female,Monthly,89.51,783.87,16,Debit Card,2,No,,,,,,,,,,,,
CUST02958,19,Female,One Year,77.32,2952.66,31,Debit Card,2,No,,,,,,,,,,,,
CUST02959,23,Female,Monthly,109.75,4697.98,66,Credit Card,3,No,,,,,,,,,,,,
CUST02960,45,Female,Monthly,79.6,3650.9,32,Debit Card,1,No,,,,,,,,,,,,
CUST02961,70,Male,Two Year,76.65,778.28,10,Direct Debit,1,No,,,,,,,,,,,,
CUST02962,46,Female,Monthly,33.54,1821.27,25,Credit Card,3,No,,,,,,,,,,,,
CUST02963,43,Female,One Year,76.56,1493.87,45,Debit Card,2,No,,,,,,,,,,,,
CUST02964,42,Male,Monthly,62.4,1748.67,24,Debit Card,1,Yes,,,,,,,,,,,,
CUST02965,29,Male,One Year,46.32,198.25,3,Credit Card,4,No,,,,,,,,,,,,
CUST02966,22,Female,Monthly,87.24,3007.67,62,Credit Card,1,No,,,,,,,,,,,,
CUST02967,51,Female,Two Year,63.24,6178.95,67,Direct Debit,5,No,,,,,,,,,,,,
CUST02968,65,Male,Two Year,69.77,3665.12,55,Direct Debit,0,No,,,,,,,,,,,,
CUST02969,54,Female,Two Year,52.8,733.96,10,Direct Debit,3,No,,,,,,,,,,,,
CUST02970,32,Female,Monthly,78.04,2941.83,55,Bank Transfer,2,No,,,,,,,,,,,,
CUST02971,61,Male,Monthly,58.17,1827.3,22,Direct Debit,3,No,,,,,,,,,,,,
CUST02972,53,Male,Two Year,110.01,756.94,14,Credit Card,2,No,,,,,,,,,,,,
CUST02973,32,Female,One Year,50.72,849.93,8,Direct Debit,3,Yes,,,,,,,,,,,,
CUST02974,60,Male,Two Year,52.06,725.81,15,Debit Card,0,No,,,,,,,,,,,,
CUST02975,65,Male,One Year,74.86,733.56,15,Direct Debit,2,No,,,,,,,,,,,,
CUST02976,40,Female,Monthly,64.35,3585.26,52,Credit Card,1,No,,,,,,,,,,,,
CUST02977,23,Female,Monthly,66.67,4434.33,70,Direct Debit,2,No,,,,,,,,,,,,
CUST02978,63,Female,Two Year,98.95,3729.21,54,Bank Transfer,2,No,,,,,,,,,,,,
CUST02979,67,Female,One Year,51.27,4252.24,42,Credit Card,2,No,,,,,,,,,,,,
CUST02980,61,Male,Monthly,73.81,997.67,19,Bank Transfer,0,No,,,,,,,,,,,,
CUST02981,76,Male,Monthly,53.24,3135.74,40,Debit Card,1,No,,,,,,,,,,,,
CUST02982,60,Female,One Year,52.52,3942.38,69,Credit Card,1,No,,,,,,,,,,,,
CUST02983,62,Male,One Year,66.9,1459.01,27,Debit Card,4,No,,,,,,,,,,,,
CUST02984,38,Female,Monthly,69.96,2685.65,43,Debit Card,1,No,,,,,,,,,,,,
CUST02985,40,Male,Monthly,106.35,3740.77,52,Credit Card,1,No,,,,,,,,,,,,
CUST02986,60,Male,Monthly,60.88,4934.97,46,Debit Card,3,No,,,,,,,,,,,,
CUST02987,72,Male,Monthly,55.45,792.92,14,Credit Card,2,No,,,,,,,,,,,,
CUST02988,33,Female,Two Year,28.73,3410.89,64,Debit Card,0,No,,,,,,,,,,,,
CUST02989,64,Male,One Year,75.36,1678.98,61,Credit Card,0,No,,,,,,,,,,,,
CUST02990,70,Male,One Year,69.04,4561.66,58,Credit Card,2,No,,,,,,,,,,,,
CUST02991,77,Male,One Year,81.25,3299.17,49,Direct Debit,4,No,,,,,,,,,,,,
CUST02992,32,Female,Monthly,69.68,2356.5,29,Direct Debit,2,Yes,,,,,,,,,,,,
CUST02993,42,Male,One Year,25.16,1894.5,26,Direct Debit,1,No,,,,,,,,,,,,
CUST02994,53,Male,Two Year,98.86,726.77,27,Credit Card,1,No,,,,,,,,,,,,
CUST02995,28,Male,One Year,77.2,6664.12,67,Direct Debit,4,No,,,,,,,,,,,,
CUST02996,68,Female,Monthly,71.77,5218.16,67,Bank Transfer,2,Yes,,,,,,,,,,,,
CUST02997,32,Male,One Year,95,2349.52,35,Credit Card,3,No,,,,,,,,,,,,
CUST02998,21,Male,Two Year,59.89,5694.82,60,Direct Debit,4,No,,,,,,,,,,,,
CUST02999,38,Male,Monthly,41.55,3762.28,61,Direct Debit,2,No,,,,,,,,,,,,
CUST03000,30,Female,Monthly,38.94,2763.8,70,Direct Debit,2,No,,,,,,,,,,,,
CUST03001,39,Female,Two Year,59.89,109.55,3,Credit Card,1,No,,,,,,,,,,,,
CUST03002,36,Female,Two Year,68.02,2091.26,33,Bank Transfer,0,No,,,,,,,,,,,,
CUST03003,51,Female,Monthly,101.82,2680.8,42,Credit Card,1,No,,,,,,,,,,,,
CUST03004,31,Female,Monthly,79.45,1411.14,13,Debit Card,1,No,,,,,,,,,,,,
CUST03005,78,Male,Monthly,39.71,2220.61,29,Direct Debit,3,No,,,,,,,,,,,,
CUST03006,21,Female,Monthly,48.38,347.67,9,Debit Card,0,No,,,,,,,,,,,,
CUST03007,65,Female,Two Year,59.35,1554.5,32,Credit Card,2,No,,,,,,,,,,,,
CUST03008,70,Female,Monthly,65.88,1240.54,22,Credit Card,1,No,,,,,,,,,,,,
CUST03009,69,Male,Monthly,47.89,3936.32,58,Bank Transfer,5,No,,,,,,,,,,,,
CUST03010,63,Female,Two Year,45.6,2740.17,57,Unknown,2,No,,,,,,,,,,,,
CUST03011,44,Male,Monthly,68.03,488.55,10,Debit Card,1,No,,,,,,,,,,,,
CUST03012,46,Female,One Year,61.78,1812.65,25,Credit Card,0,No,,,,,,,,,,,,
CUST03013,64,Male,Monthly,39.77,3995.66,62,Debit Card,3,No,,,,,,,,,,,,
CUST03014,45,Male,One Year,93.43,2379.16,63,Bank Transfer,1,No,,,,,,,,,,,,
CUST03015,52,Male,Two Year,67.72,267.45,3,Direct Debit,3,No,,,,,,,,,,,,
CUST03016,25,Male,Monthly,100.2,3064.93,47,Debit Card,0,No,,,,,,,,,,,,
CUST03017,33,Female,Two Year,84.23,5805.64,55,Credit Card,3,No,,,,,,,,,,,,
CUST03018,59,Male,Two Year,52.18,2241.82,26,Credit Card,6,No,,,,,,,,,,,,
CUST03019,53,Male,Two Year,107.02,643.13,13,Direct Debit,2,No,,,,,,,,,,,,
CUST03020,47,Female,Monthly,91.61,744.14,7,Credit Card,4,Yes,,,,,,,,,,,,
CUST03021,35,Male,Monthly,57.15,3351.41,34,Direct Debit,3,No,,,,,,,,,,,,
CUST03022,19,Female,Monthly,64.75,1304.02,22,Credit Card,0,No,,,,,,,,,,,,
CUST03023,66,Male,Monthly,75.23,1592.73,23,Direct Debit,1,Yes,,,,,,,,,,,,
CUST03024,30,Male,Monthly,64.5,3789.48,48,Credit Card,1,No,,,,,,,,,,,,
CUST03025,21,Female,Monthly,85.53,935.52,14,Credit Card,0,No,,,,,,,,,,,,
CUST03026,43,Female,One Year,77.7,4682.33,52,Debit Card,4,No,,,,,,,,,,,,
CUST03027,42,Male,Monthly,82.08,3123.67,39,Bank Transfer,1,Yes,,,,,,,,,,,,
CUST03028,47,Female,Two Year,76.83,3401.55,41,Debit Card,0,No,,,,,,,,,,,,
CUST03029,28,Female,One Year,55.36,2870.27,36,Bank Transfer,2,No,,,,,,,,,,,,
CUST03030,24,Female,Monthly,37.85,317.78,6,Debit Card,4,No,,,,,,,,,,,,
CUST03031,48,Male,Monthly,51.21,869.21,23,Bank Transfer,2,No,,,,,,,,,,,,
CUST03032,61,Male,One Year,111.35,549.09,10,Bank Transfer,3,No,,,,,,,,,,,,
CUST03033,27,Female,Monthly,90.15,7010.89,60,Direct Debit,2,Yes,,,,,,,,,,,,
CUST03034,56,Female,Monthly,62.63,2888.97,30,Debit Card,1,Yes,,,,,,,,,,,,
CUST03035,30,Male,Two Year,97.95,4711.99,70,Direct Debit,0,No,,,,,,,,,,,,
CUST03036,48,Female,Monthly,60.61,496.58,5,Debit Card,2,Yes,,,,,,,,,,,,
CUST03037,24,Male,Two Year,65.02,3286.83,57,Debit Card,0,No,,,,,,,,,,,,
CUST03038,80,Male,Two Year,79.08,2903.69,43,Bank Transfer,0,No,,,,,,,,,,,,
CUST03039,73,Male,Monthly,57.83,3788.01,52,Bank Transfer,1,No,,,,,,,,,,,,
CUST03040,66,Female,One Year,52.92,324.17,6,Bank Transfer,2,No,,,,,,,,,,,,
CUST03041,59,Male,Monthly,71.39,102.22,2,Direct Debit,1,No,,,,,,,,,,,,
CUST03042,78,Female,Two Year,62.12,1119.49,17,Bank Transfer,2,No,,,,,,,,,,,,
CUST03043,59,Female,Two Year,66.65,767.31,12,Direct Debit,4,No,,,,,,,,,,,,
CUST03044,73,Female,Monthly,76.12,3081.15,44,Bank Transfer,1,No,,,,,,,,,,,,
CUST03045,53,Female,One Year,57.06,4277.38,54,Credit Card,1,No,,,,,,,,,,,,
CUST03046,37,Female,One Year,84.57,376.7,7,Direct Debit,2,No,,,,,,,,,,,,
CUST03047,21,Female,Monthly,38.18,2837.83,32,Direct Debit,2,No,,,,,,,,,,,,
CUST03048,71,Male,Two Year,43.44,1165.41,29,Credit Card,0,No,,,,,,,,,,,,
CUST03049,24,Male,Monthly,44.9,1869.24,46,Credit Card,0,No,,,,,,,,,,,,
CUST03050,71,Male,Monthly,68.88,2376.8,53,Bank Transfer,2,No,,,,,,,,,,,,
CUST03051,18,Male,Monthly,38.91,1773.83,25,Credit Card,3,No,,,,,,,,,,,,
CUST03052,61,Female,One Year,101.23,2031.44,53,Debit Card,1,No,,,,,,,,,,,,
CUST03053,73,Male,One Year,99.93,3118.51,29,Direct Debit,3,No,,,,,,,,,,,,
CUST03054,62,Female,One Year,73.62,602.38,6,Credit Card,3,Yes,,,,,,,,,,,,
CUST03055,59,Female,One Year,84.49,2628.42,38,Credit Card,5,No,,,,,,,,,,,,
CUST03056,64,Female,One Year,54.52,254.7,3,Bank Transfer,3,No,,,,,,,,,,,,
CUST03057,76,Male,Monthly,92.43,1931.84,35,Credit Card,1,No,,,,,,,,,,,,
CUST03058,30,Female,Monthly,65.25,5452.63,55,Direct Debit,2,No,,,,,,,,,,,,
CUST03059,72,Male,Monthly,68.7,3028.47,47,Credit Card,3,No,,,,,,,,,,,,
CUST03060,39,Male,Monthly,67.41,2409.67,33,Bank Transfer,0,No,,,,,,,,,,,,
CUST03061,71,Female,Monthly,46.4,196.4,3,Credit Card,2,Yes,,,,,,,,,,,,
CUST03062,38,Female,Two Year,72.36,3177.17,69,Bank Transfer,3,No,,,,,,,,,,,,
CUST03063,39,Male,Two Year,59.18,4388.96,59,Bank Transfer,4,No,,,,,,,,,,,,
CUST03064,45,Female,Monthly,63.79,1130.94,18,Direct Debit,2,No,,,,,,,,,,,,
CUST03065,26,Male,Monthly,24.51,4394.79,66,Debit Card,3,No,,,,,,,,,,,,
CUST03066,43,Male,Monthly,67.55,578.97,25,Direct Debit,1,No,,,,,,,,,,,,
CUST03067,26,Male,Two Year,67.29,1284.79,20,Bank Transfer,0,No,,,,,,,,,,,,
CUST03068,32,Female,Monthly,45.32,4447.53,71,Direct Debit,1,No,,,,,,,,,,,,
CUST03069,27,Female,One Year,65.03,3187.86,69,Debit Card,0,No,,,,,,,,,,,,
CUST03070,41,Male,Monthly,57.18,1867.87,29,Bank Transfer,1,No,,,,,,,,,,,,
CUST03071,75,Male,One Year,40.53,1091.13,18,Debit Card,2,No,,,,,,,,,,,,
CUST03072,74,Female,Monthly,104.12,3146.67,72,Credit Card,0,No,,,,,,,,,,,,
CUST03073,78,Male,Monthly,99.02,2981.51,27,Bank Transfer,3,No,,,,,,,,,,,,
CUST03074,49,Male,Monthly,83.27,3857.16,42,Direct Debit,2,Yes,,,,,,,,,,,,
CUST03075,25,Female,Monthly,85.78,5886.56,66,Bank Transfer,2,No,,,,,,,,,,,,
CUST03076,41,Male,Two Year,59.44,2088.61,26,Credit Card,1,No,,,,,,,,,,,,
CUST03077,33,Female,Monthly,70.87,1355.57,23,Credit Card,1,No,,,,,,,,,,,,
CUST03078,66,Male,Monthly,50.2,342.86,5,Credit Card,2,No,,,,,,,,,,,,
CUST03079,43,Female,Two Year,74.99,521.85,11,Direct Debit,2,No,,,,,,,,,,,,
CUST03080,44,Female,Monthly,89.54,1349.86,19,Debit Card,1,No,,,,,,,,,,,,
CUST03081,54,Female,Monthly,58.3,1047.98,12,Debit Card,2,Yes,,,,,,,,,,,,
CUST03082,21,Male,Two Year,40.33,107.75,2,Debit Card,2,No,,,,,,,,,,,,
CUST03083,67,Female,One Year,78.09,1613.4,43,Credit Card,0,No,,,,,,,,,,,,
CUST03084,41,Female,Monthly,52.45,1776.88,22,Credit Card,1,No,,,,,,,,,,,,
CUST03085,36,Male,One Year,84.07,1391.24,26,Bank Transfer,1,No,,,,,,,,,,,,
CUST03086,49,Female,One Year,109.09,2596.47,33,Direct Debit,2,No,,,,,,,,,,,,
CUST03087,77,Female,Monthly,86.88,2589.82,24,Direct Debit,5,Yes,,,,,,,,,,,,
CUST03088,56,Female,One Year,59.79,6098.03,69,Direct Debit,1,No,,,,,,,,,,,,
CUST03089,27,Male,One Year,63.14,1174.76,21,Direct Debit,5,No,,,,,,,,,,,,
CUST03090,42,Male,Two Year,58.59,3123.78,46,Credit Card,0,No,,,,,,,,,,,,
CUST03091,35,Female,Two Year,51.59,1113.43,18,Credit Card,2,No,,,,,,,,,,,,
CUST03092,36,Male,Monthly,54.79,246.69,5,Credit Card,2,No,,,,,,,,,,,,
CUST03093,53,Female,One Year,66.06,439.64,8,Bank Transfer,3,No,,,,,,,,,,,,
CUST03094,27,Female,Monthly,65.79,3770.05,57,Bank Transfer,1,No,,,,,,,,,,,,
CUST03095,50,Female,Monthly,46.86,320.22,5,Bank Transfer,2,Yes,,,,,,,,,,,,
CUST03096,72,Male,Monthly,67,634.49,13,Debit Card,0,No,,,,,,,,,,,,
CUST03097,67,Male,One Year,62.68,4533.99,66,Debit Card,1,No,,,,,,,,,,,,
CUST03098,22,Female,One Year,25.88,2454.31,37,Bank Transfer,0,No,,,,,,,,,,,,
CUST03099,64,Female,Monthly,63.57,691.09,29,Credit Card,1,No,,,,,,,,,,,,
CUST03100,66,Female,One Year,20,4459.32,69,Direct Debit,1,No,,,,,,,,,,,,
CUST03101,52,Male,One Year,45.44,690.46,32,Direct Debit,0,No,,,,,,,,,,,,
CUST03102,61,Male,One Year,46.63,2282.05,48,Debit Card,0,No,,,,,,,,,,,,
CUST03103,51,Male,Monthly,60.61,90.94,2,Direct Debit,1,No,,,,,,,,,,,,
CUST03104,50,Female,One Year,48.71,3951.98,69,Bank Transfer,3,No,,,,,,,,,,,,
CUST03105,72,Male,Two Year,62.91,2455.7,51,Credit Card,2,No,,,,,,,,,,,,
CUST03106,38,Male,Monthly,107.41,2175.17,35,Credit Card,0,No,,,,,,,,,,,,
CUST03107,34,Male,Monthly,41.36,1633.13,15,Credit Card,3,No,,,,,,,,,,,,
CUST03108,39,Male,Two Year,87.99,2771.16,72,Bank Transfer,0,No,,,,,,,,,,,,
CUST03109,65,Female,One Year,82.43,5616.12,65,Credit Card,2,No,,,,,,,,,,,,
CUST03110,54,Female,Monthly,77,3310.15,38,Direct Debit,4,No,,,,,,,,,,,,
CUST03111,32,Male,Monthly,89.99,1339.08,17,Direct Debit,0,No,,,,,,,,,,,,
CUST03112,52,Male,One Year,60.89,4007.24,45,Credit Card,3,No,,,,,,,,,,,,
CUST03113,45,Male,Monthly,65.97,59.04,1,Credit Card,2,No,,,,,,,,,,,,
CUST03114,24,Male,Monthly,53.26,190.94,3,Bank Transfer,1,No,,,,,,,,,,,,
CUST03115,49,Male,Monthly,21.47,3876.38,70,Direct Debit,1,No,,,,,,,,,,,,
CUST03116,28,Female,Monthly,66.19,1103.7,52,Debit Card,0,No,,,,,,,,,,,,
CUST03117,27,Male,One Year,94.47,3365.63,53,Bank Transfer,1,No,,,,,,,,,,,,
CUST03118,26,Male,Two Year,41.63,297.59,3,Direct Debit,4,No,,,,,,,,,,,,
CUST03119,31,Male,Monthly,38.58,1883.23,47,Debit Card,0,No,,,,,,,,,,,,
CUST03120,30,Female,One Year,77.65,215.35,6,Credit Card,2,No,,,,,,,,,,,,
CUST03121,78,Female,Monthly,66.94,3599.39,46,Direct Debit,4,No,,,,,,,,,,,,
CUST03122,74,Female,Monthly,92.73,3938.99,61,Credit Card,0,No,,,,,,,,,,,,
CUST03123,79,Female,Two Year,59.63,3671.51,43,Credit Card,1,No,,,,,,,,,,,,
CUST03124,42,Female,Monthly,99.35,3340.11,56,Debit Card,3,No,,,,,,,,,,,,
CUST03125,19,Male,Monthly,79.25,7393.52,70,Credit Card,2,No,,,,,,,,,,,,
CUST03126,52,Female,Monthly,86.56,1621.55,20,Direct Debit,1,No,,,,,,,,,,,,
CUST03127,24,Male,One Year,53.58,3754.67,47,Debit Card,1,No,,,,,,,,,,,,
CUST03128,38,Male,Monthly,65.05,2837.2,54,Direct Debit,2,No,,,,,,,,,,,,
CUST03129,35,Female,Monthly,67.01,2559.11,41,Credit Card,2,No,,,,,,,,,,,,
CUST03130,20,Male,One Year,77.75,4543.27,66,Credit Card,2,No,,,,,,,,,,,,
CUST03131,59,Female,Monthly,56.72,2393.63,31,Bank Transfer,4,No,,,,,,,,,,,,
CUST03132,71,Male,Monthly,61.59,3440,64,Direct Debit,2,No,,,,,,,,,,,,
CUST03133,78,Female,Monthly,101.36,3547.24,58,Credit Card,2,No,,,,,,,,,,,,
CUST03134,56,Female,Monthly,88.7,5959.59,55,Bank Transfer,2,No,,,,,,,,,,,,
CUST03135,58,Female,Monthly,41.45,4021.97,46,Credit Card,2,No,,,,,,,,,,,,
CUST03136,66,Female,One Year,69.43,1053.74,24,Direct Debit,1,No,,,,,,,,,,,,
CUST03137,28,Female,One Year,94.73,2558.82,37,Direct Debit,3,No,,,,,,,,,,,,
CUST03138,56,Female,Monthly,55.15,4044.04,41,Bank Transfer,0,No,,,,,,,,,,,,
CUST03139,41,Male,Monthly,82.17,1441.81,25,Bank Transfer,2,Yes,,,,,,,,,,,,
CUST03140,77,Male,Monthly,82.31,2482.34,29,Credit Card,2,No,,,,,,,,,,,,
CUST03141,63,Female,Monthly,35.76,2608.15,31,Credit Card,0,No,,,,,,,,,,,,
CUST03142,36,Female,Monthly,53.28,76.7,2,Credit Card,4,Yes,,,,,,,,,,,,
CUST03143,21,Female,Monthly,59.35,683.2,12,Credit Card,0,No,,,,,,,,,,,,
CUST03144,43,Female,Monthly,65.5,287.39,5,Direct Debit,2,Yes,,,,,,,,,,,,
CUST03145,55,Female,One Year,59.71,4119.94,61,Debit Card,2,No,,,,,,,,,,,,
CUST03146,59,Male,Monthly,78.06,3431.92,56,Credit Card,0,No,,,,,,,,,,,,
CUST03147,49,Male,Monthly,64.14,5276.46,71,Direct Debit,0,No,,,,,,,,,,,,
CUST03148,56,Male,Monthly,39.66,2283.97,37,Direct Debit,3,No,,,,,,,,,,,,
CUST03149,62,Male,Monthly,20,1384.53,36,Debit Card,3,No,,,,,,,,,,,,
CUST03150,63,Female,One Year,59.63,564.37,29,Bank Transfer,0,No,,,,,,,,,,,,
CUST03151,53,Female,Monthly,73.69,2394.41,38,Credit Card,1,No,,,,,,,,,,,,
CUST03152,57,Female,Monthly,70.36,3145.7,41,Debit Card,0,No,,,,,,,,,,,,
CUST03153,54,Male,Monthly,48.57,2436.2,33,Debit Card,6,Yes,,,,,,,,,,,,
CUST03154,50,Male,Monthly,82.06,673.14,13,Direct Debit,0,Yes,,,,,,,,,,,,
CUST03155,53,Male,One Year,51.78,493.49,6,Bank Transfer,1,Yes,,,,,,,,,,,,
CUST03156,20,Female,Two Year,86.07,3600.89,66,Direct Debit,0,No,,,,,,,,,,,,
CUST03157,26,Male,Monthly,81.8,710.08,8,Credit Card,4,Yes,,,,,,,,,,,,
CUST03158,25,Male,One Year,86.65,5205.71,64,Debit Card,0,Yes,,,,,,,,,,,,
CUST03159,50,Male,Monthly,84.34,741.65,9,Credit Card,1,Yes,,,,,,,,,,,,
CUST03160,76,Male,Monthly,45.12,1918.18,23,Direct Debit,3,No,,,,,,,,,,,,
CUST03161,23,Female,Monthly,57.6,3053.12,71,Credit Card,2,No,,,,,,,,,,,,
CUST03162,58,Male,Two Year,100.37,1168.41,21,Debit Card,1,No,,,,,,,,,,,,
CUST03163,56,Male,Monthly,54.85,96.89,1,Credit Card,4,No,,,,,,,,,,,,
CUST03164,21,Male,Two Year,38.45,2628.48,46,Bank Transfer,1,No,,,,,,,,,,,,
CUST03165,30,Male,Monthly,85.37,2386.87,62,Debit Card,0,No,,,,,,,,,,,,
CUST03166,66,Female,Monthly,77.35,178.75,2,Debit Card,0,No,,,,,,,,,,,,
CUST03167,77,Female,One Year,57.49,3608.91,44,Credit Card,1,No,,,,,,,,,,,,
CUST03168,19,Male,Two Year,60.88,292.59,5,Bank Transfer,3,No,,,,,,,,,,,,
CUST03169,77,Female,One Year,68.48,2339.07,39,Bank Transfer,0,No,,,,,,,,,,,,
CUST03170,22,Male,One Year,85.84,4777.68,66,Direct Debit,1,No,,,,,,,,,,,,
CUST03171,61,Female,Monthly,71.53,3904.54,45,Credit Card,2,Yes,,,,,,,,,,,,
CUST03172,44,Male,Monthly,81.82,983,13,Direct Debit,3,No,,,,,,,,,,,,
CUST03173,49,Male,Monthly,102.98,2519.97,32,Debit Card,3,Yes,,,,,,,,,,,,
CUST03174,38,Female,Monthly,54.58,4474.73,43,Credit Card,6,Yes,,,,,,,,,,,,
CUST03175,25,Female,Two Year,119.28,416.5,8,Bank Transfer,2,No,,,,,,,,,,,,
CUST03176,55,Female,One Year,96.31,7260.87,59,Bank Transfer,1,No,,,,,,,,,,,,
CUST03177,25,Male,Two Year,61.64,1074.14,11,Credit Card,1,No,,,,,,,,,,,,
CUST03178,67,Male,Monthly,104.56,1741.38,28,Bank Transfer,2,Yes,,,,,,,,,,,,
CUST03179,20,Female,One Year,51.62,4168.6,39,Debit Card,2,No,,,,,,,,,,,,
CUST03180,71,Male,Two Year,119.55,1315.36,26,Bank Transfer,0,No,,,,,,,,,,,,
CUST03181,61,Male,Monthly,66.51,8183.39,72,Bank Transfer,2,No,,,,,,,,,,,,
CUST03182,78,Male,Monthly,76.79,1814.04,26,Debit Card,1,No,,,,,,,,,,,,
CUST03183,75,Male,One Year,73.65,2411.82,32,Debit Card,2,No,,,,,,,,,,,,
CUST03184,20,Male,One Year,53.05,3652.93,46,Credit Card,1,No,,,,,,,,,,,,
CUST03185,39,Female,Two Year,77.89,1480.88,28,Debit Card,4,No,,,,,,,,,,,,
CUST03186,23,Male,Monthly,91.91,544.36,7,Credit Card,6,No,,,,,,,,,,,,
CUST03187,19,Female,Monthly,71.46,3308.37,35,Credit Card,1,Yes,,,,,,,,,,,,
CUST03188,40,Male,Monthly,76.04,4842.18,66,Debit Card,0,No,,,,,,,,,,,,
CUST03189,61,Male,Monthly,79.93,1587.37,22,Credit Card,2,Yes,,,,,,,,,,,,
CUST03190,19,Female,One Year,48.29,1694.4,22,Bank Transfer,4,No,,,,,,,,,,,,
CUST03191,55,Female,Monthly,62.13,138.65,3,Bank Transfer,3,Yes,,,,,,,,,,,,
CUST03192,34,Male,Two Year,86.52,2653.76,46,Direct Debit,1,No,,,,,,,,,,,,
CUST03193,52,Female,Two Year,64.74,3995.43,50,Credit Card,4,No,,,,,,,,,,,,
CUST03194,51,Male,Monthly,81.74,529.94,8,Debit Card,3,No,,,,,,,,,,,,
CUST03195,40,Female,Monthly,36.96,326.89,4,Bank Transfer,3,Yes,,,,,,,,,,,,
CUST03196,47,Female,Monthly,68.28,589.4,15,Direct Debit,0,No,,,,,,,,,,,,
CUST03197,69,Male,One Year,66.19,2908.55,44,Direct Debit,2,No,,,,,,,,,,,,
CUST03198,25,Female,Monthly,70.71,2700.16,39,Bank Transfer,0,No,,,,,,,,,,,,
CUST03199,39,Female,Monthly,67.46,1920.39,29,Bank Transfer,0,No,,,,,,,,,,,,
CUST03200,61,Male,Monthly,91.24,4394.28,62,Bank Transfer,2,No,,,,,,,,,,,,
CUST03201,75,Male,One Year,52.25,3311.2,34,Debit Card,0,No,,,,,,,,,,,,
CUST03202,53,Male,Monthly,56.84,1386.18,26,Bank Transfer,1,No,,,,,,,,,,,,
CUST03203,22,Female,One Year,44.6,1061.75,18,Debit Card,0,No,,,,,,,,,,,,
CUST03204,30,Male,Two Year,43.63,3029.1,63,Debit Card,2,No,,,,,,,,,,,,
CUST03205,46,Male,Monthly,68.78,2224.54,52,Direct Debit,1,No,,,,,,,,,,,,
CUST03206,48,Male,Monthly,52.12,3434.44,54,Direct Debit,2,No,,,,,,,,,,,,
CUST03207,64,Female,Monthly,76.36,2253,42,Debit Card,1,No,,,,,,,,,,,,
CUST03208,74,Female,Monthly,76.79,3802.36,54,Direct Debit,1,No,,,,,,,,,,,,
CUST03209,72,Female,Monthly,72.56,4036.72,52,Debit Card,1,No,,,,,,,,,,,,
CUST03210,33,Male,Monthly,73.25,957.99,13,Debit Card,0,Yes,,,,,,,,,,,,
CUST03211,59,Female,Two Year,20,2375.69,32,Bank Transfer,4,Yes,,,,,,,,,,,,
CUST03212,79,Female,One Year,100.01,1249.44,66,Direct Debit,0,No,,,,,,,,,,,,
CUST03213,47,Female,Monthly,70.25,5407.7,58,Debit Card,4,Yes,,,,,,,,,,,,
CUST03214,74,Male,Monthly,80.07,2918.49,39,Direct Debit,3,No,,,,,,,,,,,,
CUST03215,72,Male,One Year,49.42,2176.28,27,Debit Card,3,Yes,,,,,,,,,,,,
CUST03216,33,Female,Monthly,43.7,2593.14,54,Direct Debit,1,No,,,,,,,,,,,,
CUST03217,29,Male,Monthly,79.63,3283.2,72,Direct Debit,0,No,,,,,,,,,,,,
CUST03218,34,Female,Monthly,74.89,3655.1,43,Direct Debit,3,No,,,,,,,,,,,,
CUST03219,33,Female,Two Year,44.63,3834.6,52,Direct Debit,2,No,,,,,,,,,,,,
CUST03220,29,Female,Monthly,75.95,584.66,14,Credit Card,0,No,,,,,,,,,,,,
CUST03221,25,Female,One Year,83.62,626.33,8,Debit Card,4,Yes,,,,,,,,,,,,
CUST03222,37,Female,Monthly,76.33,3117.53,35,Bank Transfer,0,Yes,,,,,,,,,,,,
CUST03223,20,Male,One Year,67.46,1479.55,18,Bank Transfer,1,No,,,,,,,,,,,,
CUST03224,33,Male,One Year,71.31,3896.43,55,Direct Debit,1,Yes,,,,,,,,,,,,
CUST03225,47,Male,One Year,105.07,3570.6,52,Credit Card,3,No,,,,,,,,,,,,
CUST03226,62,Female,Monthly,58.14,7393.43,72,Direct Debit,0,No,,,,,,,,,,,,
CUST03227,40,Male,Monthly,87.53,2683.28,49,Direct Debit,2,No,,,,,,,,,,,,
CUST03228,45,Male,Monthly,79.57,724.08,8,Credit Card,2,No,,,,,,,,,,,,
CUST03229,68,Female,Monthly,43.16,2788.29,37,Bank Transfer,1,No,,,,,,,,,,,,
CUST03230,57,Female,Monthly,33.81,2817.55,66,Credit Card,1,No,,,,,,,,,,,,
CUST03231,71,Female,Two Year,72.21,1393.25,41,Direct Debit,0,No,,,,,,,,,,,,
CUST03232,22,Female,Monthly,32.61,1913.03,27,Credit Card,2,No,,,,,,,,,,,,
CUST03233,37,Female,One Year,22.68,615.65,20,Credit Card,0,No,,,,,,,,,,,,
CUST03234,57,Female,Monthly,120,832.86,38,Credit Card,1,No,,,,,,,,,,,,
CUST03235,73,Female,Monthly,51.47,1470.59,12,Credit Card,1,Yes,,,,,,,,,,,,
CUST03236,61,Female,Monthly,87.03,2240.19,42,Bank Transfer,0,Yes,,,,,,,,,,,,
CUST03237,18,Female,Monthly,76.13,4431.31,50,Direct Debit,2,No,,,,,,,,,,,,
CUST03238,74,Female,Monthly,111.63,2535.9,31,Bank Transfer,1,No,,,,,,,,,,,,
CUST03239,47,Female,One Year,107.49,7387.87,65,Credit Card,2,No,,,,,,,,,,,,
CUST03240,38,Male,Monthly,75.83,5446.61,53,Debit Card,1,No,,,,,,,,,,,,
CUST03241,37,Male,One Year,35.53,3028.86,40,Debit Card,2,No,,,,,,,,,,,,
CUST03242,23,Male,One Year,100.37,1460.21,39,Debit Card,0,No,,,,,,,,,,,,
CUST03243,39,Male,Monthly,39.66,975.73,10,Debit Card,4,Yes,,,,,,,,,,,,
CUST03244,35,Male,One Year,90.44,1193.76,29,Bank Transfer,1,No,,,,,,,,,,,,
CUST03245,25,Male,Monthly,50.75,3782.67,40,Debit Card,5,Yes,,,,,,,,,,,,
CUST03246,56,Male,Monthly,60.22,1628.21,30,Bank Transfer,0,No,,,,,,,,,,,,
CUST03247,49,Female,Monthly,116.75,118.54,2,Bank Transfer,2,Yes,,,,,,,,,,,,
CUST03248,50,Female,Monthly,71.17,3143.17,28,Credit Card,5,Yes,,,,,,,,,,,,
CUST03249,70,Male,One Year,44.78,3349.24,47,Direct Debit,5,No,,,,,,,,,,,,
CUST03250,33,Female,Two Year,64.83,1546.15,32,Credit Card,0,No,,,,,,,,,,,,
CUST03251,29,Female,Monthly,75.27,2208.04,32,Debit Card,0,No,,,,,,,,,,,,
CUST03252,55,Female,Monthly,54.14,1962.04,27,Direct Debit,2,No,,,,,,,,,,,,
CUST03253,69,Female,Monthly,78.35,2781.69,54,Credit Card,0,Yes,,,,,,,,,,,,
CUST03254,51,Male,One Year,55.35,4371.42,56,Credit Card,1,No,,,,,,,,,,,,
CUST03255,78,Male,Monthly,26.48,1624.09,31,Debit Card,1,No,,,,,,,,,,,,
CUST03256,31,Male,Monthly,61.04,661.76,24,Credit Card,0,No,,,,,,,,,,,,
CUST03257,53,Male,One Year,58.12,1978,35,Bank Transfer,1,No,,,,,,,,,,,,
CUST03258,50,Female,Monthly,63.66,1666.81,30,Direct Debit,1,No,,,,,,,,,,,,
CUST03259,40,Male,Two Year,67.1,3231.4,55,Bank Transfer,0,No,,,,,,,,,,,,
CUST03260,67,Male,Monthly,79.17,4106.64,64,Bank Transfer,3,No,,,,,,,,,,,,
CUST03261,62,Male,Two Year,83.03,2425.47,33,Bank Transfer,2,No,,,,,,,,,,,,
CUST03262,19,Male,Monthly,30.47,3925.44,46,Direct Debit,0,Yes,,,,,,,,,,,,
CUST03263,58,Female,Monthly,63.69,1016.82,33,Bank Transfer,3,Yes,,,,,,,,,,,,
CUST03264,38,Female,One Year,54.81,4132.68,68,Direct Debit,1,No,,,,,,,,,,,,
CUST03265,19,Male,One Year,58.83,3342.31,64,Debit Card,0,No,,,,,,,,,,,,
CUST03266,44,Male,One Year,35.61,1705.94,30,Credit Card,2,No,,,,,,,,,,,,
CUST03267,74,Male,Monthly,20,1081.96,29,Debit Card,2,Yes,,,,,,,,,,,,
CUST03268,26,Male,Two Year,98.57,1170.66,62,Direct Debit,1,No,,,,,,,,,,,,
CUST03269,18,Female,Monthly,64.41,2778.11,30,Credit Card,3,No,,,,,,,,,,,,
CUST03270,28,Male,Monthly,74.59,773.92,12,Direct Debit,3,No,,,,,,,,,,,,
CUST03271,20,Female,Monthly,52.44,5289.35,67,Bank Transfer,1,No,,,,,,,,,,,,
CUST03272,69,Female,One Year,37.98,751.88,15,Direct Debit,0,No,,,,,,,,,,,,
CUST03273,79,Male,One Year,58.84,355.87,10,Direct Debit,4,Yes,,,,,,,,,,,,
CUST03274,40,Male,Monthly,49.64,3584.47,61,Bank Transfer,0,No,,,,,,,,,,,,
CUST03275,43,Female,Monthly,80.97,1184.13,23,Direct Debit,0,No,,,,,,,,,,,,
CUST03276,21,Female,Monthly,76.21,907.53,11,Direct Debit,2,Yes,,,,,,,,,,,,
CUST03277,35,Male,Monthly,84.57,1203.39,16,Debit Card,2,No,,,,,,,,,,,,
CUST03278,72,Female,Monthly,71.64,3839.2,49,Direct Debit,3,No,,,,,,,,,,,,
CUST03279,23,Female,One Year,26.54,970.96,14,Credit Card,2,No,,,,,,,,,,,,
CUST03280,52,Male,One Year,53.4,169.92,6,Direct Debit,3,No,,,,,,,,,,,,
CUST03281,39,Female,Two Year,54.33,2143.35,42,Debit Card,4,No,,,,,,,,,,,,
CUST03282,60,Male,Monthly,72.7,940.45,17,Debit Card,3,No,,,,,,,,,,,,
CUST03283,32,Female,Monthly,56.58,3252.45,42,Direct Debit,1,No,,,,,,,,,,,,
CUST03284,39,Female,Monthly,72.78,564.72,10,Bank Transfer,1,Yes,,,,,,,,,,,,
CUST03285,77,Female,One Year,77.59,3319.1,46,Debit Card,2,No,,,,,,,,,,,,
CUST03286,54,Male,Monthly,57.09,3583.57,49,Credit Card,5,No,,,,,,,,,,,,
CUST03287,69,Male,Two Year,71.29,553.32,9,Direct Debit,2,Yes,,,,,,,,,,,,
CUST03288,59,Female,One Year,76.73,2636.48,39,Debit Card,2,No,,,,,,,,,,,,
CUST03289,29,Female,Monthly,73.42,153,2,Credit Card,5,Yes,,,,,,,,,,,,
CUST03290,64,Female,Monthly,73.17,4730.01,68,Bank Transfer,2,No,,,,,,,,,,,,
CUST03291,66,Female,One Year,78.93,3712.54,52,Debit Card,2,No,,,,,,,,,,,,
CUST03292,59,Female,One Year,63.19,921.58,11,Bank Transfer,2,Yes,,,,,,,,,,,,
CUST03293,55,Male,Monthly,54.65,2391.64,37,Credit Card,0,No,,,,,,,,,,,,
CUST03294,35,Male,Monthly,72.8,3626.21,72,Debit Card,3,No,,,,,,,,,,,,
CUST03295,62,Male,One Year,53.78,1721.21,22,Direct Debit,1,No,,,,,,,,,,,,
CUST03296,52,Female,One Year,69.91,2923.59,52,Direct Debit,1,No,,,,,,,,,,,,
CUST03297,47,Female,Monthly,67.12,377.38,5,Direct Debit,1,No,,,,,,,,,,,,
CUST03298,41,Female,Monthly,104.43,139.89,2,Direct Debit,2,No,,,,,,,,,,,,
CUST03299,59,Male,Monthly,76.27,544.28,5,Credit Card,4,Yes,,,,,,,,,,,,
CUST03300,47,Male,Two Year,93.97,2518.5,32,Debit Card,1,No,,,,,,,,,,,,
CUST03301,31,Male,Monthly,72.12,1763.5,19,Direct Debit,3,Yes,,,,,,,,,,,,
CUST03302,23,Female,One Year,74.49,279.94,4,Credit Card,1,No,,,,,,,,,,,,
CUST03303,20,Male,Monthly,77.71,3440.35,46,Credit Card,1,No,,,,,,,,,,,,
CUST03304,33,Male,Monthly,59.8,1916.44,26,Debit Card,0,Yes,,,,,,,,,,,,
CUST03305,24,Male,Monthly,48.37,3096.41,50,Debit Card,1,No,,,,,,,,,,,,
CUST03306,69,Female,Monthly,75.92,1357.69,26,Credit Card,1,No,,,,,,,,,,,,
CUST03307,31,Male,One Year,74.27,5477.37,71,Debit Card,3,No,,,,,,,,,,,,
CUST03308,26,Female,One Year,67.4125,2512.19,32,Direct Debit,3,No,,,,,,,,,,,,
CUST03309,32,Female,Monthly,86.82,4081.76,44,Credit Card,1,No,,,,,,,,,,,,
CUST03310,38,Female,Monthly,56.63,2374.73,26,Bank Transfer,4,Yes,,,,,,,,,,,,
CUST03311,52,Female,One Year,46.41,3679.62,61,Debit Card,3,No,,,,,,,,,,,,
CUST03312,19,Male,Monthly,76.93,2495.24,51,Direct Debit,0,No,,,,,,,,,,,,
CUST03313,44,Male,Monthly,69.2,4631.29,59,Bank Transfer,5,No,,,,,,,,,,,,
CUST03314,19,Female,Monthly,50.13,2808.99,38,Credit Card,3,Yes,,,,,,,,,,,,
CUST03315,52,Female,Two Year,80.42,1399.61,26,Credit Card,1,No,,,,,,,,,,,,
CUST03316,35,Female,Monthly,40.54,3801.5,45,Bank Transfer,5,No,,,,,,,,,,,,
CUST03317,31,Female,One Year,57.21,1266.21,31,Credit Card,0,No,,,,,,,,,,,,
CUST03318,37,Male,Monthly,120,4219.54,70,Debit Card,1,No,,,,,,,,,,,,
CUST03319,35,Male,Monthly,49.41,5289.36,45,Debit Card,2,No,,,,,,,,,,,,
CUST03320,27,Female,Monthly,78.69,1494.11,31,Credit Card,0,No,,,,,,,,,,,,
CUST03321,42,Male,Monthly,83.8,4683.28,61,Debit Card,1,No,,,,,,,,,,,,
CUST03322,19,Male,One Year,81.79,3828.82,48,Debit Card,2,No,,,,,,,,,,,,
CUST03323,42,Female,One Year,85.19,3752.95,45,Credit Card,1,No,,,,,,,,,,,,
CUST03324,78,Male,Monthly,75.34,5243.46,60,Direct Debit,2,No,,,,,,,,,,,,
CUST03325,71,Male,One Year,69.93,4860.19,61,Direct Debit,1,Yes,,,,,,,,,,,,
CUST03326,50,Female,Monthly,99.13,3749.53,52,Debit Card,4,No,,,,,,,,,,,,
CUST03327,53,Female,Monthly,88.78,5385.64,52,Credit Card,3,No,,,,,,,,,,,,
CUST03328,48,Male,Two Year,84.37,5670.66,62,Direct Debit,2,No,,,,,,,,,,,,
CUST03329,31,Female,One Year,95.66,2262.78,26,Direct Debit,2,No,,,,,,,,,,,,
CUST03330,18,Female,One Year,89.95,6245.71,67,Direct Debit,2,No,,,,,,,,,,,,
CUST03331,63,Male,Monthly,62.74,4736.1,49,Debit Card,1,No,,,,,,,,,,,,
CUST03332,33,Male,Monthly,67.4125,2821.86,44,Debit Card,3,No,,,,,,,,,,,,
CUST03333,71,Male,Monthly,69.3,2098.13,36,Direct Debit,1,No,,,,,,,,,,,,
CUST03334,63,Female,Two Year,72.47,3876.95,53,Debit Card,4,No,,,,,,,,,,,,
CUST03335,78,Male,One Year,80.45,3148.35,44,Bank Transfer,2,No,,,,,,,,,,,,
CUST03336,69,Female,Monthly,94.41,1655.57,22,Direct Debit,2,No,,,,,,,,,,,,
CUST03337,20,Female,One Year,62.8,180.97,2,Direct Debit,2,Yes,,,,,,,,,,,,
CUST03338,52,Female,Monthly,62.61,461.27,7,Direct Debit,2,No,,,,,,,,,,,,
CUST03339,58,Female,One Year,74.89,1038.92,16,Debit Card,1,No,,,,,,,,,,,,
CUST03340,23,Female,Monthly,66.88,3093.33,44,Credit Card,1,No,,,,,,,,,,,,
CUST03341,42,Male,Monthly,32.61,4047.87,65,Credit Card,0,No,,,,,,,,,,,,
CUST03342,30,Male,Monthly,62.03,2360.47,71,Direct Debit,1,No,,,,,,,,,,,,
CUST03343,70,Female,Monthly,45.62,4580.46,69,Debit Card,0,No,,,,,,,,,,,,
CUST03344,49,Male,One Year,91.36,2638.08,61,Credit Card,1,No,,,,,,,,,,,,
CUST03345,25,Male,One Year,48.1,2762.3,30,Direct Debit,3,No,,,,,,,,,,,,
CUST03346,38,Female,One Year,60.45,2121.04,42,Bank Transfer,0,No,,,,,,,,,,,,
CUST03347,51,Female,Two Year,69.83,1518.19,25,Direct Debit,3,No,,,,,,,,,,,,
CUST03348,21,Male,Monthly,70.82,4839.83,71,Bank Transfer,0,No,,,,,,,,,,,,
CUST03349,42,Female,Two Year,65.55,4224.41,57,Debit Card,1,No,,,,,,,,,,,,
CUST03350,32,Male,Two Year,75.07,2188.63,32,Credit Card,1,No,,,,,,,,,,,,
CUST03351,21,Female,Monthly,53.26,3951.98,50,Debit Card,0,No,,,,,,,,,,,,
CUST03352,62,Male,Monthly,61.11,570.53,10,Credit Card,2,No,,,,,,,,,,,,
CUST03353,77,Female,One Year,41.46,1269.27,22,Bank Transfer,3,No,,,,,,,,,,,,
CUST03354,29,Male,Monthly,72.78,1656.56,41,Debit Card,2,No,,,,,,,,,,,,
CUST03355,49,Female,One Year,54.8,3686.64,47,Credit Card,0,No,,,,,,,,,,,,
CUST03356,49,Male,Monthly,96.97,778.8,14,Bank Transfer,2,Yes,,,,,,,,,,,,
CUST03357,45,Male,Monthly,29.7,298.83,3,Direct Debit,1,Yes,,,,,,,,,,,,
CUST03358,30,Female,Monthly,108.64,1670.84,53,Direct Debit,0,No,,,,,,,,,,,,
CUST03359,48,Male,Monthly,73.97,1791.37,16,Bank Transfer,2,Yes,,,,,,,,,,,,
CUST03360,31,Male,Monthly,63.47,4644.46,61,Credit Card,3,No,,,,,,,,,,,,
CUST03361,37,Male,Monthly,80.51,1664.7,28,Direct Debit,4,No,,,,,,,,,,,,
CUST03362,35,Female,Monthly,90.29,2820.93,35,Bank Transfer,2,Yes,,,,,,,,,,,,
CUST03363,46,Female,Two Year,109.32,185.58,2,Direct Debit,3,No,,,,,,,,,,,,
CUST03364,77,Male,Monthly,66.66,6996.39,61,Bank Transfer,3,No,,,,,,,,,,,,
CUST03365,80,Female,One Year,29,3681.14,56,Debit Card,3,No,,,,,,,,,,,,
CUST03366,23,Male,Monthly,63.52,1498.93,55,Direct Debit,1,No,,,,,,,,,,,,
CUST03367,49,Female,One Year,50.46,1118.81,18,Bank Transfer,0,No,,,,,,,,,,,,
CUST03368,46,Male,Two Year,83.86,3542.38,71,Credit Card,0,No,,,,,,,,,,,,
CUST03369,60,Female,Monthly,54.43,4274.17,49,Debit Card,1,No,,,,,,,,,,,,
CUST03370,79,Male,Two Year,46.07,2110.41,42,Credit Card,2,No,,,,,,,,,,,,
CUST03371,19,Female,Monthly,61.14,316.6,7,Direct Debit,1,No,,,,,,,,,,,,
CUST03372,77,Male,Monthly,88.06,242.52,4,Bank Transfer,4,Yes,,,,,,,,,,,,
CUST03373,40,Male,Two Year,72.16,3816.94,43,Credit Card,2,No,,,,,,,,,,,,
CUST03374,36,Male,Monthly,89.81,4577.6,59,Direct Debit,2,No,,,,,,,,,,,,
CUST03375,48,Female,Monthly,57.88,4570.1,49,Bank Transfer,2,Yes,,,,,,,,,,,,
CUST03376,68,Female,One Year,87.39,3318.57,60,Unknown,1,No,,,,,,,,,,,,
CUST03377,22,Female,One Year,47.18,535.55,6,Credit Card,2,No,,,,,,,,,,,,
CUST03378,36,Female,One Year,55.16,920.37,20,Direct Debit,4,No,,,,,,,,,,,,
CUST03379,51,Female,Monthly,87.44,1795.16,31,Debit Card,1,No,,,,,,,,,,,,
CUST03380,27,Female,Two Year,91.28,1822.44,22,Direct Debit,2,No,,,,,,,,,,,,
CUST03381,42,Male,One Year,21.56,2754.82,32,Credit Card,3,Yes,,,,,,,,,,,,
CUST03382,19,Female,Two Year,91.6,948.69,47,Credit Card,0,No,,,,,,,,,,,,
CUST03383,79,Male,Monthly,37.37,3136.38,34,Direct Debit,3,No,,,,,,,,,,,,
CUST03384,28,Female,One Year,83.38,948.17,27,Bank Transfer,2,No,,,,,,,,,,,,
CUST03385,67,Female,Two Year,92.4,3399.73,44,Debit Card,0,Yes,,,,,,,,,,,,
CUST03386,78,Female,Monthly,92.68,2697.69,30,Direct Debit,3,No,,,,,,,,,,,,
CUST03387,48,Female,Two Year,105.48,3204.35,33,Credit Card,2,No,,,,,,,,,,,,
CUST03388,73,Female,Monthly,74.06,2691.24,27,Direct Debit,0,No,,,,,,,,,,,,
CUST03389,32,Female,Monthly,55.09,4053.06,56,Bank Transfer,3,No,,,,,,,,,,,,
CUST03390,26,Male,Two Year,60.33,1254.04,23,Credit Card,2,No,,,,,,,,,,,,
CUST03391,40,Male,Two Year,67.04,2750.24,43,Bank Transfer,0,No,,,,,,,,,,,,
CUST03392,36,Female,Monthly,63.86,3606.47,54,Direct Debit,5,No,,,,,,,,,,,,
CUST03393,26,Female,Monthly,61.62,4350.79,68,Bank Transfer,2,No,,,,,,,,,,,,
CUST03394,52,Male,One Year,83.2,3137.64,53,Bank Transfer,2,No,,,,,,,,,,,,
CUST03395,38,Male,Two Year,38.16,3417.75,40,Debit Card,4,No,,,,,,,,,,,,
CUST03396,26,Male,One Year,86.6,2115.83,60,Direct Debit,2,No,,,,,,,,,,,,
CUST03397,45,Male,One Year,66.53,837.32,9,Direct Debit,2,No,,,,,,,,,,,,
CUST03398,79,Female,One Year,41.46,665.1,10,Direct Debit,3,No,,,,,,,,,,,,
CUST03399,63,Female,Monthly,74.04,385.53,10,Direct Debit,1,Yes,,,,,,,,,,,,
CUST03400,68,Female,Two Year,37.89,2242.23,30,Credit Card,2,No,,,,,,,,,,,,
CUST03401,24,Female,Monthly,66.13,379.75,10,Direct Debit,1,No,,,,,,,,,,,,
CUST03402,33,Female,One Year,111.8,3676.41,58,Credit Card,1,No,,,,,,,,,,,,
CUST03403,33,Male,Monthly,62.64,3837.28,36,Direct Debit,3,Yes,,,,,,,,,,,,
CUST03404,77,Male,Monthly,57.76,2655.07,44,Credit Card,3,No,,,,,,,,,,,,
CUST03405,50,Female,One Year,67.4125,3097.27,57,Debit Card,2,No,,,,,,,,,,,,
CUST03406,21,Male,Two Year,76.5,3264.12,43,Bank Transfer,2,No,,,,,,,,,,,,
CUST03407,21,Male,One Year,78.26,1866.18,23,Direct Debit,0,No,,,,,,,,,,,,
CUST03408,56,Male,One Year,61.5,334.23,4,Direct Debit,1,No,,,,,,,,,,,,
CUST03409,57,Male,Monthly,73.94,791.49,12,Debit Card,1,No,,,,,,,,,,,,
CUST03410,34,Male,One Year,59.06,3681.25,49,Credit Card,1,No,,,,,,,,,,,,
CUST03411,54,Female,Monthly,79.88,1445.01,24,Direct Debit,1,No,,,,,,,,,,,,
CUST03412,56,Male,Monthly,69,1006.96,13,Credit Card,2,No,,,,,,,,,,,,
CUST03413,77,Female,Monthly,81.48,4981.29,68,Bank Transfer,2,No,,,,,,,,,,,,
CUST03414,69,Male,One Year,79.14,5855.43,72,Direct Debit,5,Yes,,,,,,,,,,,,
CUST03415,46,Female,Two Year,74.91,2595.75,34,Direct Debit,0,No,,,,,,,,,,,,
CUST03416,69,Female,One Year,55.02,724.42,9,Debit Card,2,No,,,,,,,,,,,,
CUST03417,53,Female,Monthly,41.44,568.28,10,Bank Transfer,1,No,,,,,,,,,,,,
CUST03418,77,Female,Monthly,47.85,2678.37,65,Bank Transfer,1,No,,,,,,,,,,,,
CUST03419,55,Male,Monthly,51.08,3207.42,72,Debit Card,1,No,,,,,,,,,,,,
CUST03420,56,Male,Monthly,120,2599.51,54,Credit Card,1,No,,,,,,,,,,,,
CUST03421,67,Male,Monthly,79.94,4909.41,43,Direct Debit,9,No,,,,,,,,,,,,
CUST03422,49,Male,One Year,65.98,5020.46,59,Credit Card,2,No,,,,,,,,,,,,
CUST03423,54,Male,Two Year,60.14,4186.55,59,Bank Transfer,1,No,,,,,,,,,,,,
CUST03424,69,Female,Monthly,90.5,3879.15,67,Bank Transfer,2,No,,,,,,,,,,,,
CUST03425,80,Female,Monthly,62.85,5519.01,61,Debit Card,5,No,,,,,,,,,,,,
CUST03426,79,Female,One Year,73.49,2499.84,38,Credit Card,3,No,,,,,,,,,,,,
CUST03427,78,Female,One Year,73.33,577.07,8,Direct Debit,2,No,,,,,,,,,,,,
CUST03428,52,Female,Two Year,77.28,4760.64,65,Debit Card,1,No,,,,,,,,,,,,
CUST03429,24,Female,Monthly,71.32,410.36,5,Direct Debit,2,Yes,,,,,,,,,,,,
CUST03430,44,Female,Monthly,40.71,2923.24,43,Credit Card,1,No,,,,,,,,,,,,
CUST03431,45,Male,Two Year,70.9,2635.61,60,Credit Card,0,No,,,,,,,,,,,,
CUST03432,39,Male,Monthly,86.03,1830.51,26,Credit Card,0,No,,,,,,,,,,,,
CUST03433,31,Female,One Year,84.03,909.73,11,Credit Card,2,Yes,,,,,,,,,,,,
CUST03434,24,Female,Monthly,76.81,3036.44,34,Credit Card,1,No,,,,,,,,,,,,
CUST03435,54,Female,Monthly,82.95,143.21,2,Bank Transfer,1,Yes,,,,,,,,,,,,
CUST03436,78,Male,One Year,45.75,1781.62,21,Credit Card,1,No,,,,,,,,,,,,
CUST03437,39,Female,Monthly,60.65,1106.08,26,Credit Card,0,Yes,,,,,,,,,,,,
CUST03438,22,Male,One Year,70.88,324.9,5,Credit Card,1,No,,,,,,,,,,,,
CUST03439,79,Male,Monthly,40.93,652.18,9,Bank Transfer,2,No,,,,,,,,,,,,
CUST03440,72,Male,Two Year,79,2013.09,50,Bank Transfer,0,No,,,,,,,,,,,,
CUST03441,19,Male,Monthly,85.36,780.44,10,Debit Card,7,No,,,,,,,,,,,,
CUST03442,79,Male,Monthly,73.23,4685.62,58,Bank Transfer,1,No,,,,,,,,,,,,
CUST03443,44,Male,Monthly,68.67,715.9,10,Bank Transfer,1,No,,,,,,,,,,,,
CUST03444,38,Male,One Year,50.4,2631.84,36,Credit Card,0,No,,,,,,,,,,,,
CUST03445,71,Male,Two Year,58.81,2960.3,56,Direct Debit,1,No,,,,,,,,,,,,
CUST03446,55,Female,Monthly,37.1,3740.43,62,Debit Card,3,No,,,,,,,,,,,,
CUST03447,32,Female,One Year,56.95,1475.44,37,Debit Card,1,No,,,,,,,,,,,,
CUST03448,38,Male,Two Year,52.17,2362.39,41,Direct Debit,0,No,,,,,,,,,,,,
CUST03449,27,Male,One Year,48.69,2374.46,48,Credit Card,1,No,,,,,,,,,,,,
CUST03450,40,Female,One Year,67.61,1107.79,22,Credit Card,0,No,,,,,,,,,,,,
CUST03451,75,Female,One Year,58.98,4184.86,61,Direct Debit,3,No,,,,,,,,,,,,
CUST03452,73,Male,One Year,42.4,2802.3,48,Bank Transfer,0,Yes,,,,,,,,,,,,
CUST03453,49,Female,Monthly,57.77,2560.33,64,Debit Card,0,No,,,,,,,,,,,,
CUST03454,22,Female,Monthly,57,2198.25,37,Direct Debit,0,No,,,,,,,,,,,,
CUST03455,18,Male,Two Year,47.31,2316.09,41,Credit Card,2,No,,,,,,,,,,,,
CUST03456,30,Male,Monthly,76.67,239.53,5,Credit Card,3,Yes,,,,,,,,,,,,
CUST03457,38,Male,Monthly,62.41,3869.09,52,Credit Card,3,No,,,,,,,,,,,,
CUST03458,43,Female,Two Year,53.6,1002.53,17,Direct Debit,2,No,,,,,,,,,,,,
CUST03459,67,Male,Monthly,77.44,3248.71,62,Debit Card,4,No,,,,,,,,,,,,
CUST03460,62,Male,Two Year,92.4,4253.74,52,Direct Debit,0,No,,,,,,,,,,,,
CUST03461,38,Male,One Year,60.83,1747.34,20,Credit Card,3,No,,,,,,,,,,,,
CUST03462,70,Female,Two Year,65.27,968.8,16,Bank Transfer,1,No,,,,,,,,,,,,
CUST03463,35,Female,Monthly,64.07,442.09,7,Debit Card,4,Yes,,,,,,,,,,,,
CUST03464,54,Female,Monthly,51.35,4541.42,66,Credit Card,3,No,,,,,,,,,,,,
CUST03465,62,Female,Two Year,51.48,575.25,12,Direct Debit,1,No,,,,,,,,,,,,
CUST03466,49,Male,Monthly,72.7,2123.45,43,Debit Card,2,No,,,,,,,,,,,,
CUST03467,53,Female,Monthly,49.22,2884.53,40,Bank Transfer,3,No,,,,,,,,,,,,
CUST03468,34,Female,One Year,20,47.23,1,Credit Card,1,No,,,,,,,,,,,,
CUST03469,52,Male,Monthly,102.68,1198.34,58,Direct Debit,1,No,,,,,,,,,,,,
CUST03470,66,Female,Two Year,100.55,301.68,3,Debit Card,1,No,,,,,,,,,,,,
CUST03471,77,Female,One Year,71.38,840.54,8,Bank Transfer,5,No,,,,,,,,,,,,
CUST03472,28,Female,Monthly,45.76,4389.9,61,Direct Debit,1,Yes,,,,,,,,,,,,
CUST03473,80,Male,Monthly,115.63,226.12,5,Credit Card,1,No,,,,,,,,,,,,
CUST03474,38,Female,Monthly,81.59,2941.38,26,Debit Card,0,No,,,,,,,,,,,,
CUST03475,69,Female,Monthly,59.01,1325.34,17,Direct Debit,2,No,,,,,,,,,,,,
CUST03476,72,Male,One Year,101.51,3740.47,66,Credit Card,0,No,,,,,,,,,,,,
CUST03477,70,Male,Monthly,49.99,4908.95,51,Direct Debit,1,No,,,,,,,,,,,,
CUST03478,43,Male,Monthly,21.16,2481.76,47,Debit Card,0,No,,,,,,,,,,,,
CUST03479,79,Female,Two Year,50.74,852.94,40,Debit Card,1,No,,,,,,,,,,,,
CUST03480,21,Female,One Year,84.7,1366.23,27,Credit Card,1,No,,,,,,,,,,,,
CUST03481,51,Male,Monthly,107.78,3291.65,40,Credit Card,0,Yes,,,,,,,,,,,,
CUST03482,69,Male,Two Year,56.74,108.07,1,Credit Card,4,No,,,,,,,,,,,,
CUST03483,65,Male,Monthly,39.31,2769.8,46,Credit Card,2,No,,,,,,,,,,,,
CUST03484,77,Female,Two Year,65.16,457.05,11,Credit Card,4,No,,,,,,,,,,,,
CUST03485,35,Male,One Year,65.37,2581.53,39,Debit Card,1,No,,,,,,,,,,,,
CUST03486,57,Female,One Year,103.03,1182.3,18,Debit Card,1,No,,,,,,,,,,,,
CUST03487,52,Female,One Year,75.73,4629.95,47,Credit Card,3,No,,,,,,,,,,,,
CUST03488,58,Female,Monthly,107.31,1639.42,21,Credit Card,2,No,,,,,,,,,,,,
CUST03489,46,Male,One Year,89.72,3174.54,28,Debit Card,9,No,,,,,,,,,,,,
CUST03490,69,Male,Two Year,88.52,86.93,1,Direct Debit,1,Yes,,,,,,,,,,,,
CUST03491,46,Male,Monthly,41.22,1226.5,14,Bank Transfer,2,Yes,,,,,,,,,,,,
CUST03492,55,Male,Monthly,53.81,772.52,20,Direct Debit,1,No,,,,,,,,,,,,
CUST03493,59,Male,Two Year,74.77,2560.23,45,Credit Card,1,No,,,,,,,,,,,,
CUST03494,38,Female,Monthly,20,4267.4,61,Credit Card,2,No,,,,,,,,,,,,
CUST03495,59,Male,Two Year,50.92,557.65,27,Debit Card,2,Yes,,,,,,,,,,,,
CUST03496,30,Male,One Year,59.61,2708.71,56,Credit Card,0,No,,,,,,,,,,,,
CUST03497,66,Male,One Year,54.96,3215.6,52,Direct Debit,1,No,,,,,,,,,,,,
CUST03498,58,Male,Monthly,111.72,3822.6,68,Debit Card,1,No,,,,,,,,,,,,
CUST03499,34,Female,Monthly,81.32,4259.56,37,Debit Card,5,No,,,,,,,,,,,,
CUST03500,73,Male,Monthly,59.92,2575.69,31,Credit Card,3,No,,,,,,,,,,,,
CUST03501,26,Male,One Year,28.87,2887.54,49,Direct Debit,4,No,,,,,,,,,,,,
CUST03502,58,Female,One Year,53.05,1559.54,53,Bank Transfer,2,No,,,,,,,,,,,,
CUST03503,18,Male,One Year,95.61,1981.11,39,Debit Card,3,No,,,,,,,,,,,,
CUST03504,19,Male,One Year,50.43,921.52,10,Direct Debit,4,Yes,,,,,,,,,,,,
CUST03505,77,Male,Two Year,63.04,422.29,9,Direct Debit,2,No,,,,,,,,,,,,
CUST03506,65,Male,Monthly,39.03,834.31,13,Credit Card,1,No,,,,,,,,,,,,
CUST03507,46,Male,One Year,73.58,740.85,18,Credit Card,0,No,,,,,,,,,,,,
CUST03508,50,Male,Monthly,75.5,865.79,12,Credit Card,0,No,,,,,,,,,,,,
CUST03509,27,Female,Monthly,74.8,5182.62,72,Bank Transfer,2,No,,,,,,,,,,,,
CUST03510,67,Male,Monthly,47.95,393.38,5,Credit Card,2,Yes,,,,,,,,,,,,
CUST03511,75,Female,Monthly,81.81,343.39,7,Direct Debit,1,No,,,,,,,,,,,,
CUST03512,77,Female,Monthly,62.38,1304.42,15,Debit Card,3,No,,,,,,,,,,,,
CUST03513,57,Female,Monthly,74.4,3849.28,67,Direct Debit,3,No,,,,,,,,,,,,
CUST03514,38,Male,Monthly,76.81,1318.02,18,Bank Transfer,1,No,,,,,,,,,,,,
CUST03515,49,Male,Two Year,77.56,3106.03,38,Direct Debit,1,No,,,,,,,,,,,,
CUST03516,28,Female,Monthly,79.43,2073.15,26,Debit Card,3,No,,,,,,,,,,,,
CUST03517,72,Female,One Year,84.11,3003.3,38,Direct Debit,2,No,,,,,,,,,,,,
CUST03518,51,Female,Monthly,86.47,4894.64,59,Bank Transfer,3,No,,,,,,,,,,,,
CUST03519,25,Male,Monthly,91.05,4780.73,52,Bank Transfer,0,No,,,,,,,,,,,,
CUST03520,76,Female,Monthly,93.71,3164.16,33,Debit Card,3,Yes,,,,,,,,,,,,
CUST03521,39,Male,Monthly,72.69,1814.35,21,Direct Debit,2,No,,,,,,,,,,,,
CUST03522,25,Male,One Year,87.88,1160.81,17,Debit Card,1,No,,,,,,,,,,,,
CUST03523,66,Male,Monthly,72.78,5459.3,62,Direct Debit,2,No,,,,,,,,,,,,
CUST03524,32,Male,Monthly,83.21,4029.26,59,Debit Card,1,No,,,,,,,,,,,,
CUST03525,34,Female,Monthly,57.45,160.42,2,Direct Debit,1,Yes,,,,,,,,,,,,
CUST03526,77,Female,One Year,29.53,3873.82,64,Direct Debit,3,No,,,,,,,,,,,,
CUST03527,40,Female,One Year,98.82,724.8,25,Debit Card,0,No,,,,,,,,,,,,
CUST03528,41,Female,Monthly,74.73,4019.8,41,Bank Transfer,1,No,,,,,,,,,,,,
CUST03529,62,Male,Monthly,72.94,1345.85,19,Debit Card,2,No,,,,,,,,,,,,
CUST03530,36,Female,Monthly,86.83,2817.09,38,Credit Card,1,No,,,,,,,,,,,,
CUST03531,22,Male,Monthly,56.93,2038.88,25,Bank Transfer,1,No,,,,,,,,,,,,
CUST03532,49,Male,Monthly,63.66,2266.53,39,Credit Card,1,No,,,,,,,,,,,,
CUST03533,61,Male,One Year,51.97,264.69,4,Debit Card,4,No,,,,,,,,,,,,
CUST03534,18,Male,One Year,61,165.23,3,Debit Card,4,No,,,,,,,,,,,,
CUST03535,40,Male,One Year,57.63,2101.36,34,Credit Card,0,No,,,,,,,,,,,,
CUST03536,54,Male,One Year,57.92,560.8,10,Bank Transfer,2,Yes,,,,,,,,,,,,
CUST03537,25,Female,Monthly,77,1651.83,27,Credit Card,0,No,,,,,,,,,,,,
CUST03538,30,Female,Monthly,31.77,78.19,1,Direct Debit,2,No,,,,,,,,,,,,
CUST03539,25,Male,Monthly,92.8,1366.15,44,Credit Card,3,No,,,,,,,,,,,,
CUST03540,74,Female,One Year,55.51,4688.58,52,Debit Card,1,No,,,,,,,,,,,,
CUST03541,40,Female,Monthly,71.47,1347.92,25,Debit Card,2,Yes,,,,,,,,,,,,
CUST03542,60,Female,Two Year,79.51,4315.79,65,Credit Card,2,No,,,,,,,,,,,,
CUST03543,18,Female,Monthly,64.91,818.82,11,Debit Card,5,No,,,,,,,,,,,,
CUST03544,62,Male,Monthly,74.83,4124.12,68,Credit Card,0,No,,,,,,,,,,,,
CUST03545,68,Female,One Year,48.14,1088.72,15,Debit Card,1,No,,,,,,,,,,,,
CUST03546,41,Female,Monthly,59.4,2732.55,57,Debit Card,1,No,,,,,,,,,,,,
CUST03547,52,Female,Monthly,64.96,3587.24,64,Debit Card,2,No,,,,,,,,,,,,
CUST03548,41,Female,Monthly,78.54,752.05,11,Bank Transfer,1,No,,,,,,,,,,,,
CUST03549,34,Female,Monthly,53.05,1461.63,20,Direct Debit,1,No,,,,,,,,,,,,
CUST03550,22,Female,Two Year,61.36,1704.89,30,Debit Card,0,No,,,,,,,,,,,,
CUST03551,37,Male,One Year,86.23,571.82,10,Credit Card,0,No,,,,,,,,,,,,
CUST03552,38,Male,Monthly,78.53,4950.46,54,Debit Card,1,No,,,,,,,,,,,,
CUST03553,57,Male,Monthly,118.25,4380.35,58,Direct Debit,4,No,,,,,,,,,,,,
CUST03554,75,Male,Monthly,43.04,3696.32,29,Bank Transfer,1,No,,,,,,,,,,,,
CUST03555,48,Male,Two Year,45.19,43.19,1,Credit Card,1,No,,,,,,,,,,,,
CUST03556,63,Female,Monthly,108.62,2419.02,58,Debit Card,2,No,,,,,,,,,,,,
CUST03557,53,Female,Monthly,74.4,2201.7,21,Direct Debit,3,No,,,,,,,,,,,,
CUST03558,28,Female,Monthly,97.84,1194.6,15,Debit Card,1,Yes,,,,,,,,,,,,
CUST03559,69,Female,Monthly,44.24,6345.16,67,Debit Card,2,No,,,,,,,,,,,,
CUST03560,32,Female,One Year,54.79,1427.13,33,Debit Card,0,No,,,,,,,,,,,,
CUST03561,36,Female,One Year,71.63,1930.17,38,Debit Card,2,No,,,,,,,,,,,,
CUST03562,24,Female,Monthly,66.16,1307.24,19,Credit Card,4,Yes,,,,,,,,,,,,
CUST03563,68,Female,One Year,68.48,254.45,4,Credit Card,2,No,,,,,,,,,,,,
CUST03564,45,Male,Monthly,39.48,4109.09,58,Direct Debit,0,No,,,,,,,,,,,,
CUST03565,68,Male,Monthly,68.46,2766.15,70,Credit Card,0,No,,,,,,,,,,,,
CUST03566,60,Male,Monthly,78.32,776.96,12,Unknown,0,No,,,,,,,,,,,,
CUST03567,75,Female,Monthly,57.11,1394.41,17,Debit Card,0,Yes,,,,,,,,,,,,
CUST03568,22,Female,One Year,79.45,58.13,1,Bank Transfer,2,No,,,,,,,,,,,,
CUST03569,22,Female,Two Year,89.77,1071.09,14,Debit Card,1,No,,,,,,,,,,,,
CUST03570,47,Male,Monthly,75.66,171.61,2,Debit Card,5,Yes,,,,,,,,,,,,
CUST03571,71,Female,Monthly,55.67,323.22,4,Direct Debit,4,Yes,,,,,,,,,,,,
CUST03572,49,Female,Monthly,71.16,3754.79,66,Credit Card,0,No,,,,,,,,,,,,
CUST03573,25,Male,One Year,70.05,3434.37,46,Direct Debit,0,No,,,,,,,,,,,,
CUST03574,27,Female,Two Year,72.47,3348.68,50,Bank Transfer,1,No,,,,,,,,,,,,
CUST03575,55,Female,Monthly,51.03,4409.93,60,Bank Transfer,1,No,,,,,,,,,,,,
CUST03576,64,Female,One Year,82.09,2463.99,52,Credit Card,1,No,,,,,,,,,,,,
CUST03577,49,Female,One Year,79.57,4000.04,48,Direct Debit,0,No,,,,,,,,,,,,
CUST03578,65,Male,Monthly,62.02,2956.05,39,Credit Card,2,No,,,,,,,,,,,,
CUST03579,45,Male,Monthly,67.56,4458.86,70,Direct Debit,1,No,,,,,,,,,,,,
CUST03580,34,Male,One Year,51.71,4333.76,60,Direct Debit,2,No,,,,,,,,,,,,
CUST03581,48,Female,Monthly,31.26,1541.05,30,Debit Card,1,No,,,,,,,,,,,,
CUST03582,25,Male,Monthly,40.05,817.74,27,Direct Debit,1,No,,,,,,,,,,,,
CUST03583,57,Female,Monthly,75.09,2069.97,55,Credit Card,0,No,,,,,,,,,,,,
CUST03584,42,Male,Monthly,54.07,5399.77,70,Direct Debit,0,No,,,,,,,,,,,,
CUST03585,26,Female,Two Year,77.1,1424.75,26,Direct Debit,0,No,,,,,,,,,,,,
CUST03586,19,Male,Monthly,85.96,3261.29,42,Credit Card,1,No,,,,,,,,,,,,
CUST03587,32,Female,Monthly,78.05,6161.06,67,Bank Transfer,1,No,,,,,,,,,,,,
CUST03588,67,Female,Monthly,50.87,5629.42,67,Unknown,2,No,,,,,,,,,,,,
CUST03589,20,Female,One Year,79.29,2737.08,52,Bank Transfer,0,No,,,,,,,,,,,,
CUST03590,66,Male,Monthly,57.64,452.6,6,Debit Card,1,Yes,,,,,,,,,,,,
CUST03591,53,Male,One Year,65.25,617.6,10,Credit Card,4,No,,,,,,,,,,,,
CUST03592,79,Female,Monthly,84.81,2417.98,38,Credit Card,2,No,,,,,,,,,,,,
CUST03593,21,Male,One Year,71.71,949.19,12,Direct Debit,3,No,,,,,,,,,,,,
CUST03594,31,Male,Two Year,53.3,3162.01,46,Credit Card,3,No,,,,,,,,,,,,
CUST03595,58,Male,Two Year,54.3,2749.76,49,Direct Debit,1,No,,,,,,,,,,,,
CUST03596,58,Female,Monthly,92.59,3724.29,72,Credit Card,1,No,,,,,,,,,,,,
CUST03597,42,Female,One Year,70.63,5735.24,63,Debit Card,3,No,,,,,,,,,,,,
CUST03598,75,Male,Monthly,43.45,4696.86,69,Credit Card,0,No,,,,,,,,,,,,
CUST03599,72,Male,One Year,62.87,1733.18,43,Direct Debit,2,No,,,,,,,,,,,,
CUST03600,79,Female,Monthly,31.73,3809.45,60,Credit Card,1,No,,,,,,,,,,,,
CUST03601,80,Female,One Year,20,939.13,29,Debit Card,0,No,,,,,,,,,,,,
CUST03602,67,Male,Monthly,79.19,230.25,11,Direct Debit,1,No,,,,,,,,,,,,
CUST03603,27,Male,Two Year,47.05,2733.81,35,Direct Debit,2,No,,,,,,,,,,,,
CUST03604,38,Female,One Year,46.02,1020.05,23,Direct Debit,2,No,,,,,,,,,,,,
CUST03605,53,Female,Monthly,48.89,3394.11,72,Direct Debit,2,No,,,,,,,,,,,,
CUST03606,29,Female,Two Year,63.21,1090.77,21,Direct Debit,4,No,,,,,,,,,,,,
CUST03607,44,Female,Monthly,49.71,2196.51,37,Direct Debit,0,No,,,,,,,,,,,,
CUST03608,57,Male,Two Year,45.58,1321.2,28,Bank Transfer,2,No,,,,,,,,,,,,
CUST03609,19,Female,One Year,61.47,2571.39,58,Bank Transfer,0,No,,,,,,,,,,,,
CUST03610,71,Male,Two Year,64.45,3336.25,53,Credit Card,2,No,,,,,,,,,,,,
CUST03611,30,Female,Monthly,105.15,1811.48,28,Direct Debit,1,No,,,,,,,,,,,,
CUST03612,70,Male,Monthly,57.89,4566.36,42,Credit Card,1,No,,,,,,,,,,,,
CUST03613,49,Female,One Year,60.32,3266.49,61,Direct Debit,1,No,,,,,,,,,,,,
CUST03614,48,Female,Two Year,51.1,2089.44,33,Bank Transfer,5,No,,,,,,,,,,,,
CUST03615,33,Male,Monthly,83.15,3029.71,55,Direct Debit,1,No,,,,,,,,,,,,
CUST03616,49,Female,Monthly,103.51,2853.4,37,Credit Card,1,No,,,,,,,,,,,,
CUST03617,49,Male,Monthly,60.67,4861.4,47,Direct Debit,2,No,,,,,,,,,,,,
CUST03618,77,Male,Two Year,52.7,2267.96,36,Bank Transfer,2,No,,,,,,,,,,,,
CUST03619,51,Male,One Year,72.76,1470.03,28,Direct Debit,2,No,,,,,,,,,,,,
CUST03620,28,Male,Monthly,78.64,738.42,10,Credit Card,2,Yes,,,,,,,,,,,,
CUST03621,27,Male,Monthly,120,1930.53,23,Credit Card,2,No,,,,,,,,,,,,
CUST03622,32,Female,One Year,66.46,603.82,5,Bank Transfer,3,No,,,,,,,,,,,,
CUST03623,34,Male,Monthly,58.78,381.95,6,Bank Transfer,7,Yes,,,,,,,,,,,,
CUST03624,57,Male,One Year,46.39,2563.02,42,Debit Card,1,No,,,,,,,,,,,,
CUST03625,35,Male,Monthly,60.36,2136.87,47,Direct Debit,1,No,,,,,,,,,,,,
CUST03626,72,Female,One Year,51.63,1631.97,28,Credit Card,2,No,,,,,,,,,,,,
CUST03627,26,Female,Two Year,80.78,644.17,13,Bank Transfer,1,No,,,,,,,,,,,,
CUST03628,42,Female,Monthly,65.21,1883.58,25,Credit Card,2,No,,,,,,,,,,,,
CUST03629,57,Female,Monthly,46.16,488.09,7,Credit Card,4,Yes,,,,,,,,,,,,
CUST03630,76,Female,One Year,48.14,3077.44,66,Direct Debit,1,No,,,,,,,,,,,,
CUST03631,31,Female,Monthly,54.15,2995.43,58,Debit Card,2,No,,,,,,,,,,,,
CUST03632,77,Female,Two Year,86.61,3780.78,66,Direct Debit,1,No,,,,,,,,,,,,
CUST03633,75,Male,Monthly,64.42,2883.6,36,Direct Debit,4,Yes,,,,,,,,,,,,
CUST03634,42,Female,Two Year,80.5,123.63,2,Direct Debit,2,No,,,,,,,,,,,,
CUST03635,67,Female,Monthly,69.97,2968.63,38,Debit Card,2,No,,,,,,,,,,,,
CUST03636,39,Female,Monthly,79.15,977.98,14,Direct Debit,1,No,,,,,,,,,,,,
CUST03637,69,Female,Monthly,54.05,2210.95,27,Debit Card,1,No,,,,,,,,,,,,
CUST03638,47,Female,Two Year,43.38,834.2,15,Debit Card,1,No,,,,,,,,,,,,
CUST03639,37,Female,Two Year,52.87,561.14,12,Credit Card,0,No,,,,,,,,,,,,
CUST03640,38,Male,Monthly,53.01,2427.39,43,Debit Card,1,No,,,,,,,,,,,,
CUST03641,61,Male,Monthly,95.48,2869.9,57,Direct Debit,3,No,,,,,,,,,,,,
CUST03642,49,Male,Monthly,90.7,4846.93,48,Bank Transfer,2,No,,,,,,,,,,,,
CUST03643,68,Female,Monthly,57.36,5836.28,61,Direct Debit,3,No,,,,,,,,,,,,
CUST03644,63,Female,One Year,74.39,2554.04,44,Credit Card,2,No,,,,,,,,,,,,
CUST03645,66,Female,Monthly,80.35,3768.09,52,Direct Debit,1,No,,,,,,,,,,,,
CUST03646,73,Female,One Year,52.83,4749.45,62,Credit Card,3,No,,,,,,,,,,,,
CUST03647,38,Female,One Year,62.89,100.8,2,Direct Debit,3,No,,,,,,,,,,,,
CUST03648,52,Female,One Year,43.51,4349.33,71,Direct Debit,0,No,,,,,,,,,,,,
CUST03649,75,Female,Two Year,52.75,1349.66,31,Credit Card,2,No,,,,,,,,,,,,
CUST03650,49,Female,Monthly,83.54,3848.94,72,Bank Transfer,2,No,,,,,,,,,,,,
CUST03651,47,Female,Monthly,67.65,2679.65,33,Direct Debit,2,No,,,,,,,,,,,,
CUST03652,72,Male,One Year,71.13,330.49,5,Debit Card,1,No,,,,,,,,,,,,
CUST03653,56,Female,Monthly,93.8,3804.42,58,Credit Card,2,No,,,,,,,,,,,,
CUST03654,66,Male,Monthly,51.62,949.61,11,Direct Debit,4,No,,,,,,,,,,,,
CUST03655,29,Male,Two Year,79.94,1264.61,23,Debit Card,1,No,,,,,,,,,,,,
CUST03656,58,Female,One Year,54.42,3317.58,45,Credit Card,1,No,,,,,,,,,,,,
CUST03657,64,Female,Monthly,56.15,1359.58,27,Credit Card,2,No,,,,,,,,,,,,
CUST03658,35,Female,One Year,55.18,2996.3,56,Bank Transfer,0,No,,,,,,,,,,,,
CUST03659,38,Male,Monthly,44.4,3382.41,59,Credit Card,2,No,,,,,,,,,,,,
CUST03660,30,Male,Two Year,107.29,1826.84,40,Direct Debit,1,No,,,,,,,,,,,,
CUST03661,79,Male,Monthly,39.24,1976.7,18,Direct Debit,3,No,,,,,,,,,,,,
CUST03662,38,Male,One Year,52.72,2025.24,51,Debit Card,0,No,,,,,,,,,,,,
CUST03663,79,Male,One Year,28.05,3062.43,61,Debit Card,2,No,,,,,,,,,,,,
CUST03664,25,Male,Monthly,55.43,634.61,23,Bank Transfer,0,Yes,,,,,,,,,,,,
CUST03665,63,Male,One Year,57.97,1988.49,36,Direct Debit,1,No,,,,,,,,,,,,
CUST03666,57,Male,Two Year,82.82,2231.92,38,Bank Transfer,1,No,,,,,,,,,,,,
CUST03667,63,Male,One Year,58.91,5675.32,72,Direct Debit,2,No,,,,,,,,,,,,
CUST03668,24,Female,Monthly,41.47,3419.85,56,Debit Card,0,No,,,,,,,,,,,,
CUST03669,40,Male,One Year,51.7,1567.88,39,Bank Transfer,1,No,,,,,,,,,,,,
CUST03670,61,Female,Two Year,75.46,3658.75,69,Credit Card,0,No,,,,,,,,,,,,
CUST03671,49,Female,Monthly,79.33,2117.61,28,Bank Transfer,3,No,,,,,,,,,,,,
CUST03672,28,Male,One Year,56.96,1690.51,21,Bank Transfer,1,No,,,,,,,,,,,,
CUST03673,39,Female,Monthly,50.8,3482.45,62,Direct Debit,0,No,,,,,,,,,,,,
CUST03674,39,Female,Monthly,63.1,1158.13,23,Direct Debit,2,No,,,,,,,,,,,,
CUST03675,60,Female,Monthly,67.71,1403.16,21,Direct Debit,1,Yes,,,,,,,,,,,,
CUST03676,42,Male,Two Year,80.65,1079.18,16,Credit Card,4,No,,,,,,,,,,,,
CUST03677,39,Female,One Year,49.52,5235.43,62,Debit Card,2,No,,,,,,,,,,,,
CUST03678,45,Female,Monthly,46.63,3164.74,65,Credit Card,1,No,,,,,,,,,,,,
CUST03679,46,Male,Two Year,27.15,240.63,5,Credit Card,2,No,,,,,,,,,,,,
CUST03680,30,Male,Monthly,23.4,1195.53,46,Credit Card,3,No,,,,,,,,,,,,
CUST03681,35,Male,One Year,46.54,1597.52,64,Bank Transfer,1,No,,,,,,,,,,,,
CUST03682,19,Female,Monthly,41.26,2050.8,41,Direct Debit,4,No,,,,,,,,,,,,
CUST03683,46,Male,Two Year,55.01,1932.01,44,Bank Transfer,1,No,,,,,,,,,,,,
CUST03684,38,Female,One Year,70.36,804.87,15,Direct Debit,0,No,,,,,,,,,,,,
CUST03685,32,Male,One Year,69.49,4613.38,68,Direct Debit,1,No,,,,,,,,,,,,
CUST03686,69,Female,Monthly,75.5,3363.92,51,Debit Card,2,No,,,,,,,,,,,,
CUST03687,44,Male,Monthly,89.19,4320.31,54,Direct Debit,1,No,,,,,,,,,,,,
CUST03688,67,Male,Monthly,66.07,5694.83,68,Credit Card,5,Yes,,,,,,,,,,,,
CUST03689,48,Female,Two Year,67.4125,2838.13,42,Debit Card,0,No,,,,,,,,,,,,
CUST03690,32,Male,Monthly,75.35,2925.49,46,Debit Card,2,No,,,,,,,,,,,,
CUST03691,68,Male,One Year,31.89,1789.69,25,Credit Card,1,No,,,,,,,,,,,,
CUST03692,40,Male,Monthly,64.65,2028.77,67,Debit Card,0,No,,,,,,,,,,,,
CUST03693,41,Female,Monthly,83.63,2397.06,35,Debit Card,1,No,,,,,,,,,,,,
CUST03694,61,Female,Monthly,61.33,1945.78,22,Direct Debit,3,No,,,,,,,,,,,,
CUST03695,30,Female,One Year,69.26,531.84,9,Direct Debit,1,No,,,,,,,,,,,,
CUST03696,39,Female,One Year,57.75,1538.24,24,Bank Transfer,0,Yes,,,,,,,,,,,,
CUST03697,60,Male,Two Year,73.6,1406.69,23,Bank Transfer,1,No,,,,,,,,,,,,
CUST03698,54,Female,Two Year,89.41,4171.61,61,Credit Card,0,No,,,,,,,,,,,,
CUST03699,78,Female,Monthly,20,3088.36,37,Bank Transfer,3,Yes,,,,,,,,,,,,
CUST03700,50,Male,Two Year,58.16,946.36,45,Credit Card,0,No,,,,,,,,,,,,
CUST03701,73,Male,Monthly,20,916.68,15,Debit Card,2,No,,,,,,,,,,,,
CUST03702,20,Male,Two Year,20,1085.73,57,Credit Card,1,No,,,,,,,,,,,,
CUST03703,80,Female,Monthly,73.98,259.31,14,Bank Transfer,1,No,,,,,,,,,,,,
CUST03704,71,Male,Two Year,85.42,3577.97,52,Bank Transfer,3,No,,,,,,,,,,,,
CUST03705,36,Female,Monthly,59.64,3052.19,36,Credit Card,2,No,,,,,,,,,,,,
CUST03706,40,Male,Monthly,56.22,1589.21,27,Credit Card,1,No,,,,,,,,,,,,
CUST03707,46,Male,Monthly,66.6,907.16,17,Direct Debit,2,No,,,,,,,,,,,,
CUST03708,47,Male,Monthly,120,2909.31,41,Direct Debit,3,No,,,,,,,,,,,,
CUST03709,56,Male,Monthly,44.9,484.03,4,Debit Card,4,No,,,,,,,,,,,,
CUST03710,61,Male,One Year,38.96,141.32,3,Credit Card,3,No,,,,,,,,,,,,
CUST03711,64,Male,One Year,81.84,693.31,19,Credit Card,0,No,,,,,,,,,,,,
CUST03712,42,Male,Monthly,83.51,3609.63,41,Credit Card,4,Yes,,,,,,,,,,,,
CUST03713,54,Male,Monthly,78.66,3505.94,40,Direct Debit,2,No,,,,,,,,,,,,
CUST03714,64,Male,Monthly,61.5,4407.4,58,Bank Transfer,3,No,,,,,,,,,,,,
CUST03715,25,Female,Two Year,64.43,2214.6,39,Direct Debit,2,No,,,,,,,,,,,,
CUST03716,59,Female,Monthly,41.51,426.8,7,Debit Card,1,Yes,,,,,,,,,,,,
CUST03717,75,Female,Monthly,106.6,1474.88,36,Direct Debit,2,Yes,,,,,,,,,,,,
CUST03718,33,Male,Monthly,107.58,1962.46,20,Debit Card,1,No,,,,,,,,,,,,
CUST03719,25,Male,Monthly,58.68,2890.62,29,Credit Card,5,Yes,,,,,,,,,,,,
CUST03720,18,Male,Monthly,98.95,3733.99,68,Credit Card,1,No,,,,,,,,,,,,
CUST03721,61,Female,Monthly,75.7,6854.33,66,Direct Debit,5,No,,,,,,,,,,,,
CUST03722,22,Male,Monthly,33.44,3584.58,47,Bank Transfer,1,No,,,,,,,,,,,,
CUST03723,20,Male,Monthly,35.18,731.09,23,Credit Card,2,No,,,,,,,,,,,,
CUST03724,18,Female,Monthly,79.03,203.13,6,Direct Debit,1,No,,,,,,,,,,,,
CUST03725,21,Female,One Year,96.35,1454.9,18,Credit Card,3,No,,,,,,,,,,,,
CUST03726,57,Male,Monthly,77.45,4958.35,53,Bank Transfer,2,No,,,,,,,,,,,,
CUST03727,52,Male,Monthly,75.3,1753.55,22,Direct Debit,1,Yes,,,,,,,,,,,,
CUST03728,49,Female,Monthly,44.11,5348.34,68,Credit Card,3,No,,,,,,,,,,,,
CUST03729,59,Female,Two Year,42.8,1496.08,35,Credit Card,1,No,,,,,,,,,,,,
CUST03730,51,Male,One Year,81.1,376.97,9,Debit Card,3,No,,,,,,,,,,,,
CUST03731,60,Male,One Year,70.81,2333.11,31,Bank Transfer,2,No,,,,,,,,,,,,
CUST03732,42,Female,Monthly,66.73,3200.63,43,Credit Card,2,No,,,,,,,,,,,,
CUST03733,27,Male,Monthly,94.74,1153.66,17,Debit Card,0,No,,,,,,,,,,,,
CUST03734,38,Female,Monthly,104.74,5131.9,51,Credit Card,2,No,,,,,,,,,,,,
CUST03735,63,Female,Monthly,77.2,6568.77,66,Credit Card,0,No,,,,,,,,,,,,
CUST03736,56,Male,One Year,42.32,1989.34,24,Direct Debit,3,No,,,,,,,,,,,,
CUST03737,44,Male,Two Year,62,655.8,15,Direct Debit,0,No,,,,,,,,,,,,
CUST03738,44,Female,Two Year,60.22,1651.73,28,Direct Debit,1,Yes,,,,,,,,,,,,
CUST03739,19,Male,Monthly,67.89,179.59,3,Credit Card,2,Yes,,,,,,,,,,,,
CUST03740,58,Male,Monthly,46.97,2031.48,29,Direct Debit,2,Yes,,,,,,,,,,,,
CUST03741,65,Female,Monthly,94.31,2253.68,52,Debit Card,2,No,,,,,,,,,,,,
CUST03742,30,Male,Monthly,50.59,5321.13,54,Debit Card,1,No,,,,,,,,,,,,
CUST03743,26,Male,Two Year,103.28,3144.39,58,Debit Card,1,No,,,,,,,,,,,,
CUST03744,69,Male,Monthly,58.86,4336.39,45,Direct Debit,2,No,,,,,,,,,,,,
CUST03745,53,Female,Two Year,60.1,3130.47,50,Bank Transfer,4,No,,,,,,,,,,,,
CUST03746,39,Male,Monthly,57.31,1314.68,22,Bank Transfer,3,No,,,,,,,,,,,,
CUST03747,59,Female,Monthly,56.71,2987.56,52,Direct Debit,3,No,,,,,,,,,,,,
CUST03748,43,Female,Monthly,70.85,3169.19,53,Direct Debit,0,No,,,,,,,,,,,,
CUST03749,75,Male,One Year,70.19,2227.86,31,Credit Card,0,No,,,,,,,,,,,,
CUST03750,71,Male,Monthly,85.23,4865.02,71,Debit Card,1,Yes,,,,,,,,,,,,
CUST03751,29,Male,Monthly,53.99,4243.29,48,Credit Card,3,Yes,,,,,,,,,,,,
CUST03752,34,Female,Monthly,73.94,1576.84,31,Debit Card,0,No,,,,,,,,,,,,
CUST03753,31,Female,Monthly,93.53,303.63,4,Direct Debit,3,Yes,,,,,,,,,,,,
CUST03754,31,Female,Monthly,99.08,3417.39,35,Direct Debit,2,No,,,,,,,,,,,,
CUST03755,74,Male,Monthly,50.74,6462.86,67,Credit Card,5,No,,,,,,,,,,,,
CUST03756,51,Female,One Year,59.37,3491.68,64,Credit Card,2,No,,,,,,,,,,,,
CUST03757,70,Male,One Year,59.01,546.35,9,Debit Card,3,No,,,,,,,,,,,,
CUST03758,74,Female,Monthly,47.34,2538.86,46,Debit Card,3,No,,,,,,,,,,,,
CUST03759,37,Female,One Year,82.57,2848.82,56,Bank Transfer,0,No,,,,,,,,,,,,
CUST03760,28,Male,Monthly,41.92,4804.43,56,Debit Card,1,No,,,,,,,,,,,,
CUST03761,33,Male,One Year,114.37,1124.04,26,Debit Card,1,No,,,,,,,,,,,,
CUST03762,68,Female,Monthly,74.82,6591.28,60,Credit Card,5,No,,,,,,,,,,,,
CUST03763,48,Female,Monthly,67.77,5363.89,72,Direct Debit,1,Yes,,,,,,,,,,,,
CUST03764,72,Male,Monthly,104.16,3461.7,48,Credit Card,3,No,,,,,,,,,,,,
CUST03765,23,Male,One Year,45.14,5855.84,58,Credit Card,0,No,,,,,,,,,,,,
CUST03766,73,Female,Monthly,54.02,2808.94,63,Bank Transfer,1,No,,,,,,,,,,,,
CUST03767,36,Male,Monthly,45.41,3011.22,58,Debit Card,1,No,,,,,,,,,,,,
CUST03768,54,Male,Monthly,71.02,130.04,3,Direct Debit,2,No,,,,,,,,,,,,
CUST03769,75,Male,Monthly,51.01,460.85,7,Credit Card,3,Yes,,,,,,,,,,,,
CUST03770,21,Male,One Year,39.92,2753.06,52,Direct Debit,4,No,,,,,,,,,,,,
CUST03771,64,Female,One Year,38.97,2312.98,62,Credit Card,3,No,,,,,,,,,,,,
CUST03772,78,Female,Two Year,75.42,78.33,2,Debit Card,2,No,,,,,,,,,,,,
CUST03773,21,Female,Monthly,82.27,2309.58,33,Debit Card,3,No,,,,,,,,,,,,
CUST03774,37,Male,Monthly,36.49,1063.67,12,Direct Debit,1,No,,,,,,,,,,,,
CUST03775,27,Female,One Year,60.93,1810.22,48,Direct Debit,1,No,,,,,,,,,,,,
CUST03776,41,Female,One Year,63.03,3296.66,53,Credit Card,4,No,,,,,,,,,,,,
CUST03777,71,Male,Monthly,52.25,2454.56,41,Debit Card,2,No,,,,,,,,,,,,
CUST03778,52,Female,One Year,97.1,3044.1,58,Bank Transfer,2,No,,,,,,,,,,,,
CUST03779,43,Male,One Year,69.39,6606.56,68,Direct Debit,2,No,,,,,,,,,,,,
CUST03780,54,Female,Monthly,68.84,1559.88,23,Bank Transfer,1,Yes,,,,,,,,,,,,
CUST03781,55,Male,One Year,83.31,2341.88,36,Debit Card,1,No,,,,,,,,,,,,
CUST03782,38,Female,Monthly,63.94,1712.32,21,Direct Debit,1,No,,,,,,,,,,,,
CUST03783,71,Male,Two Year,70.21,4684.04,72,Debit Card,1,No,,,,,,,,,,,,
CUST03784,57,Male,Monthly,87.07,3853.73,55,Direct Debit,2,Yes,,,,,,,,,,,,
CUST03785,56,Male,Monthly,58.07,4930.56,56,Direct Debit,1,No,,,,,,,,,,,,
CUST03786,38,Female,Monthly,51.07,763.61,13,Direct Debit,0,No,,,,,,,,,,,,
CUST03787,27,Female,Two Year,45.59,1077.64,22,Direct Debit,0,No,,,,,,,,,,,,
CUST03788,55,Female,One Year,99.16,299.27,7,Debit Card,0,No,,,,,,,,,,,,
CUST03789,63,Female,Monthly,74.91,2388.12,24,Bank Transfer,5,No,,,,,,,,,,,,
CUST03790,21,Female,One Year,71.26,4856.38,61,Credit Card,1,No,,,,,,,,,,,,
CUST03791,77,Male,One Year,102.6,384.54,5,Direct Debit,3,Yes,,,,,,,,,,,,
CUST03792,74,Male,Monthly,46.36,5364.67,50,Debit Card,1,No,,,,,,,,,,,,
CUST03793,62,Female,Monthly,62.93,2746.06,62,Bank Transfer,0,No,,,,,,,,,,,,
CUST03794,37,Female,One Year,39.74,3533.32,55,Direct Debit,2,No,,,,,,,,,,,,
CUST03795,34,Female,Monthly,43.2,990.07,26,Direct Debit,2,No,,,,,,,,,,,,
CUST03796,72,Male,Monthly,86.48,437.28,10,Debit Card,2,No,,,,,,,,,,,,
CUST03797,24,Male,One Year,102.6,948.34,11,Credit Card,6,Yes,,,,,,,,,,,,
CUST03798,21,Female,Monthly,61.72,4026.22,40,Credit Card,5,No,,,,,,,,,,,,
CUST03799,46,Female,Monthly,61.13,694.31,11,Debit Card,4,No,,,,,,,,,,,,
CUST03800,31,Male,Monthly,54.92,258.51,4,Debit Card,3,No,,,,,,,,,,,,
CUST03801,20,Female,One Year,98.55,106.98,2,Credit Card,1,No,,,,,,,,,,,,
CUST03802,41,Female,One Year,53.76,3835,39,Debit Card,2,No,,,,,,,,,,,,
CUST03803,54,Male,One Year,102.72,1227.74,23,Credit Card,2,No,,,,,,,,,,,,
CUST03804,33,Female,Monthly,67.43,4436.93,45,Credit Card,2,Yes,,,,,,,,,,,,
CUST03805,75,Female,One Year,52.65,2796.31,42,Direct Debit,1,No,,,,,,,,,,,,
CUST03806,72,Female,Two Year,76.56,2042.03,42,Debit Card,3,No,,,,,,,,,,,,
CUST03807,69,Female,Monthly,106.6,2226.43,29,Debit Card,1,No,,,,,,,,,,,,
CUST03808,21,Female,Monthly,69.67,1765.85,16,Credit Card,1,No,,,,,,,,,,,,
CUST03809,73,Male,One Year,67.79,4569.01,67,Direct Debit,0,No,,,,,,,,,,,,
CUST03810,79,Male,Monthly,80.47,4227.87,60,Direct Debit,0,No,,,,,,,,,,,,
CUST03811,41,Male,Monthly,65.67,334.79,4,Bank Transfer,2,No,,,,,,,,,,,,
CUST03812,51,Male,Monthly,47.55,1132.11,16,Direct Debit,1,No,,,,,,,,,,,,
CUST03813,47,Male,Monthly,68.03,1963.88,41,Debit Card,1,Yes,,,,,,,,,,,,
CUST03814,35,Male,Monthly,86.95,401.91,6,Credit Card,1,Yes,,,,,,,,,,,,
CUST03815,36,Male,Monthly,69.94,3733.42,42,Credit Card,2,Yes,,,,,,,,,,,,
CUST03816,48,Male,Two Year,45.85,4067.32,57,Credit Card,3,No,,,,,,,,,,,,
CUST03817,77,Female,Monthly,82.55,1383.9,28,Bank Transfer,1,No,,,,,,,,,,,,
CUST03818,77,Male,One Year,79.75,1961.74,23,Debit Card,3,No,,,,,,,,,,,,
CUST03819,36,Female,Monthly,68.55,3245.84,42,Bank Transfer,3,No,,,,,,,,,,,,
CUST03820,66,Female,One Year,93.41,781.47,12,Bank Transfer,1,No,,,,,,,,,,,,
CUST03821,80,Male,Monthly,84.24,6258.24,64,Debit Card,3,Yes,,,,,,,,,,,,
CUST03822,63,Female,One Year,78.2,4635.57,58,Credit Card,2,No,,,,,,,,,,,,
CUST03823,36,Female,Two Year,29.67,4069.52,51,Credit Card,2,No,,,,,,,,,,,,
CUST03824,39,Male,One Year,82.63,809.81,29,Direct Debit,4,No,,,,,,,,,,,,
CUST03825,41,Male,Monthly,59.99,1624.91,19,Direct Debit,2,No,,,,,,,,,,,,
CUST03826,62,Male,One Year,75.92,2821.74,45,Bank Transfer,1,No,,,,,,,,,,,,
CUST03827,29,Male,Monthly,51.38,4421.45,54,Credit Card,2,No,,,,,,,,,,,,
CUST03828,47,Male,Monthly,89.87,3637.53,66,Credit Card,4,No,,,,,,,,,,,,
CUST03829,75,Female,Monthly,82.86,6691.99,72,Direct Debit,3,No,,,,,,,,,,,,
CUST03830,55,Female,Two Year,69.3,1038.84,13,Credit Card,2,No,,,,,,,,,,,,
CUST03831,70,Female,Monthly,31.24,4175.65,65,Credit Card,0,No,,,,,,,,,,,,
CUST03832,48,Male,One Year,81.08,378.19,12,Bank Transfer,1,No,,,,,,,,,,,,
CUST03833,53,Male,Monthly,73.6,6001.67,71,Credit Card,1,No,,,,,,,,,,,,
CUST03834,36,Male,Monthly,27.66,949.72,14,Direct Debit,1,No,,,,,,,,,,,,
CUST03835,65,Male,One Year,70.78,1166.33,42,Bank Transfer,0,No,,,,,,,,,,,,
CUST03836,62,Male,Monthly,81.71,3605.57,48,Direct Debit,0,No,,,,,,,,,,,,
CUST03837,53,Female,One Year,20.3,2004.09,24,Direct Debit,3,No,,,,,,,,,,,,
CUST03838,47,Male,One Year,72.55,1358.3,65,Direct Debit,0,No,,,,,,,,,,,,
CUST03839,72,Female,Monthly,70.52,1228.28,17,Direct Debit,3,No,,,,,,,,,,,,
CUST03840,66,Male,One Year,75.97,2869.77,38,Bank Transfer,2,No,,,,,,,,,,,,
CUST03841,72,Female,Monthly,65.61,2084.5,28,Credit Card,1,No,,,,,,,,,,,,
CUST03842,50,Female,Monthly,72.53,2123.25,33,Debit Card,1,No,,,,,,,,,,,,
CUST03843,35,Female,Monthly,67.52,1745.66,24,Credit Card,3,No,,,,,,,,,,,,
CUST03844,80,Male,Monthly,56.73,4791.38,70,Debit Card,1,No,,,,,,,,,,,,
CUST03845,69,Female,Two Year,75.53,228.28,4,Debit Card,5,No,,,,,,,,,,,,
CUST03846,66,Female,One Year,117.72,2619.56,33,Credit Card,2,No,,,,,,,,,,,,
CUST03847,76,Female,One Year,64.01,1240.21,10,Credit Card,7,No,,,,,,,,,,,,
CUST03848,45,Female,One Year,57.77,2168.56,36,Credit Card,0,No,,,,,,,,,,,,
CUST03849,76,Female,Monthly,63.37,1818.42,31,Direct Debit,1,No,,,,,,,,,,,,
CUST03850,64,Male,One Year,62.37,273.11,4,Direct Debit,4,No,,,,,,,,,,,,
CUST03851,28,Female,One Year,58.23,506.92,8,Direct Debit,1,No,,,,,,,,,,,,
CUST03852,74,Female,Monthly,53.3,1619.54,27,Credit Card,0,No,,,,,,,,,,,,
CUST03853,77,Male,One Year,49.3,2029.74,36,Credit Card,0,No,,,,,,,,,,,,
CUST03854,71,Male,One Year,59.49,469.73,9,Credit Card,0,No,,,,,,,,,,,,
CUST03855,62,Male,Monthly,71.72,2360.46,43,Debit Card,2,No,,,,,,,,,,,,
CUST03856,50,Female,Monthly,67.6,1649.52,24,Debit Card,6,Yes,,,,,,,,,,,,
CUST03857,34,Male,Monthly,91.63,2646.42,37,Direct Debit,2,No,,,,,,,,,,,,
CUST03858,23,Male,Monthly,22.86,3857.27,41,Bank Transfer,1,No,,,,,,,,,,,,
CUST03859,21,Male,One Year,57.12,606.88,26,Credit Card,1,No,,,,,,,,,,,,
CUST03860,37,Female,Two Year,54.51,241.64,4,Direct Debit,2,No,,,,,,,,,,,,
CUST03861,65,Male,One Year,37.68,57.18,1,Direct Debit,3,No,,,,,,,,,,,,
CUST03862,64,Female,Two Year,44.48,783.91,20,Direct Debit,0,No,,,,,,,,,,,,
CUST03863,44,Male,Two Year,23.78,1856.64,45,Credit Card,2,No,,,,,,,,,,,,
CUST03864,32,Female,Two Year,65.72,1714.76,69,Direct Debit,1,No,,,,,,,,,,,,
CUST03865,23,Female,Monthly,71,3253.74,52,Debit Card,1,No,,,,,,,,,,,,
CUST03866,64,Male,Monthly,41.24,4199.39,64,Debit Card,3,No,,,,,,,,,,,,
CUST03867,31,Male,Monthly,70.38,864.92,21,Bank Transfer,3,No,,,,,,,,,,,,
CUST03868,77,Female,Monthly,61.68,5426.02,72,Credit Card,1,No,,,,,,,,,,,,
CUST03869,28,Male,Two Year,52.09,1637.35,25,Direct Debit,1,No,,,,,,,,,,,,
CUST03870,56,Male,Monthly,65.89,3759.21,67,Direct Debit,3,No,,,,,,,,,,,,
CUST03871,26,Female,One Year,65.93,1643.66,26,Debit Card,3,No,,,,,,,,,,,,
CUST03872,43,Female,One Year,65.56,1835.76,27,Credit Card,0,No,,,,,,,,,,,,
CUST03873,33,Female,Monthly,84.53,3166.85,52,Debit Card,0,No,,,,,,,,,,,,
CUST03874,22,Male,Monthly,92.35,5583.95,63,Credit Card,3,No,,,,,,,,,,,,
CUST03875,74,Male,Monthly,93.01,4171.55,45,Credit Card,3,No,,,,,,,,,,,,
CUST03876,69,Male,Monthly,49.38,5822.94,58,Debit Card,3,Yes,,,,,,,,,,,,
CUST03877,78,Female,One Year,65.32,1798.38,38,Credit Card,1,No,,,,,,,,,,,,
CUST03878,27,Female,Monthly,31.62,2390.32,35,Direct Debit,0,No,,,,,,,,,,,,
CUST03879,67,Female,Monthly,82.45,1377.94,46,Credit Card,0,No,,,,,,,,,,,,
CUST03880,20,Male,Monthly,86.22,5654.62,71,Direct Debit,1,No,,,,,,,,,,,,
CUST03881,30,Female,Monthly,92.96,250.2,3,Credit Card,2,Yes,,,,,,,,,,,,
CUST03882,60,Male,Monthly,99.25,564.71,6,Bank Transfer,2,Yes,,,,,,,,,,,,
CUST03883,66,Male,Two Year,91.43,1262.4,13,Direct Debit,1,No,,,,,,,,,,,,
CUST03884,47,Female,Monthly,73.43,4164.54,46,Credit Card,2,No,,,,,,,,,,,,
CUST03885,79,Male,Two Year,68.3,2431.64,33,Direct Debit,5,No,,,,,,,,,,,,
CUST03886,71,Female,One Year,117.85,3933.92,62,Direct Debit,1,No,,,,,,,,,,,,
CUST03887,62,Female,One Year,74.17,7620.99,63,Bank Transfer,2,No,,,,,,,,,,,,
CUST03888,23,Female,Monthly,117.66,4252.72,56,Debit Card,3,No,,,,,,,,,,,,
CUST03889,34,Female,Monthly,57.92,4930,39,Direct Debit,4,No,,,,,,,,,,,,
CUST03890,76,Female,Monthly,64.62,3271.35,60,Bank Transfer,3,No,,,,,,,,,,,,
CUST03891,62,Female,Monthly,77.35,1434.49,24,Bank Transfer,2,No,,,,,,,,,,,,
CUST03892,68,Male,Two Year,20,3640.54,50,Direct Debit,2,No,,,,,,,,,,,,
CUST03893,70,Male,Monthly,55.76,651.81,33,Credit Card,0,No,,,,,,,,,,,,
CUST03894,36,Female,Two Year,89.66,372.45,7,Credit Card,5,Yes,,,,,,,,,,,,
CUST03895,59,Female,One Year,62.74,3937.16,46,Debit Card,3,No,,,,,,,,,,,,
CUST03896,52,Female,Monthly,65.89,4119.79,62,Credit Card,1,No,,,,,,,,,,,,
CUST03897,63,Male,One Year,38.32,64.03,1,Debit Card,3,No,,,,,,,,,,,,
CUST03898,43,Male,Monthly,63,2457.64,65,Debit Card,0,No,,,,,,,,,,,,
CUST03899,68,Male,Monthly,52.39,2918.53,45,Debit Card,1,No,,,,,,,,,,,,
CUST03900,22,Female,Monthly,76.1,2807.66,55,Credit Card,3,No,,,,,,,,,,,,
CUST03901,46,Female,Two Year,86.61,5066.28,66,Direct Debit,1,No,,,,,,,,,,,,
CUST03902,54,Female,Monthly,48.69,5824.11,67,Debit Card,1,No,,,,,,,,,,,,
CUST03903,37,Male,One Year,52.11,2528.94,54,Direct Debit,4,No,,,,,,,,,,,,
CUST03904,66,Male,Monthly,100.87,3396.96,63,Debit Card,1,No,,,,,,,,,,,,
CUST03905,38,Female,Monthly,42.73,5738.17,54,Direct Debit,5,No,,,,,,,,,,,,
CUST03906,27,Female,Monthly,84.47,2322.73,52,Credit Card,2,No,,,,,,,,,,,,
CUST03907,22,Male,Monthly,71.18,4484.96,54,Bank Transfer,1,No,,,,,,,,,,,,
CUST03908,53,Female,Monthly,91.19,5099.43,67,Direct Debit,6,No,,,,,,,,,,,,
CUST03909,23,Male,Monthly,68.93,3589.41,37,Bank Transfer,2,Yes,,,,,,,,,,,,
CUST03910,43,Female,One Year,58.21,796.3,12,Direct Debit,0,No,,,,,,,,,,,,
CUST03911,21,Female,Monthly,39.41,3227.74,59,Credit Card,2,No,,,,,,,,,,,,
CUST03912,79,Female,Two Year,47.76,837.86,20,Direct Debit,1,No,,,,,,,,,,,,
CUST03913,56,Female,Monthly,45.32,1588.2,32,Debit Card,0,No,,,,,,,,,,,,
CUST03914,56,Male,Monthly,68.84,3120.41,71,Debit Card,2,No,,,,,,,,,,,,
CUST03915,67,Female,Monthly,86.58,2934.4,44,Credit Card,1,No,,,,,,,,,,,,
CUST03916,52,Female,Monthly,41.31,5551.69,66,Debit Card,1,No,,,,,,,,,,,,
CUST03917,18,Female,Two Year,44.1,2403.41,55,Bank Transfer,0,No,,,,,,,,,,,,
CUST03918,41,Female,One Year,70.04,676.27,16,Bank Transfer,1,No,,,,,,,,,,,,
CUST03919,74,Male,One Year,89.21,5093.05,71,Direct Debit,3,Yes,,,,,,,,,,,,
CUST03920,53,Female,Two Year,79.35,6390.89,68,Debit Card,7,No,,,,,,,,,,,,
CUST03921,23,Female,One Year,63.82,4051.83,52,Direct Debit,3,No,,,,,,,,,,,,
CUST03922,58,Male,One Year,41.75,2195.67,37,Direct Debit,4,No,,,,,,,,,,,,
CUST03923,71,Female,Two Year,71.87,2000.04,46,Debit Card,1,No,,,,,,,,,,,,
CUST03924,63,Male,Monthly,84.3,2720.3,41,Credit Card,4,No,,,,,,,,,,,,
CUST03925,77,Male,One Year,77.48,443.81,5,Credit Card,4,No,,,,,,,,,,,,
CUST03926,61,Male,One Year,76.76,4999.84,66,Credit Card,2,No,,,,,,,,,,,,
CUST03927,77,Female,Monthly,84.64,402.3,5,Direct Debit,5,Yes,,,,,,,,,,,,
CUST03928,74,Female,Two Year,100.1,5371.02,63,Debit Card,3,No,,,,,,,,,,,,
CUST03929,48,Female,Monthly,77.32,293.54,3,Credit Card,2,Yes,,,,,,,,,,,,
CUST03930,37,Female,Two Year,29.77,658.08,8,Credit Card,3,No,,,,,,,,,,,,
CUST03931,41,Male,Monthly,89.18,807.09,26,Debit Card,1,No,,,,,,,,,,,,
CUST03932,42,Male,Monthly,67.45,4409.45,53,Credit Card,1,No,,,,,,,,,,,,
CUST03933,53,Male,Monthly,63.33,2090.81,29,Credit Card,0,No,,,,,,,,,,,,
CUST03934,38,Female,Two Year,65.02,881.94,14,Direct Debit,2,No,,,,,,,,,,,,
CUST03935,47,Female,Monthly,51.22,306.84,5,Credit Card,3,No,,,,,,,,,,,,
CUST03936,41,Male,One Year,20,1442.95,27,Credit Card,1,No,,,,,,,,,,,,
CUST03937,61,Female,One Year,76.66,1363.83,68,Direct Debit,0,No,,,,,,,,,,,,
CUST03938,59,Female,Monthly,35.02,2284.58,29,Bank Transfer,2,No,,,,,,,,,,,,
CUST03939,47,Male,Two Year,80.12,108.32,3,Credit Card,0,No,,,,,,,,,,,,
CUST03940,39,Female,Monthly,57.08,2287.15,30,Credit Card,4,Yes,,,,,,,,,,,,
CUST03941,45,Female,One Year,91.38,552.42,9,Credit Card,3,No,,,,,,,,,,,,
CUST03942,24,Female,Monthly,105.2,85.61,1,Bank Transfer,3,Yes,,,,,,,,,,,,
CUST03943,52,Male,Monthly,68.79,2460.56,23,Credit Card,1,No,,,,,,,,,,,,
CUST03944,72,Female,Monthly,54.65,4348.12,67,Bank Transfer,0,No,,,,,,,,,,,,
CUST03945,45,Female,One Year,45.76,1854.37,32,Bank Transfer,2,No,,,,,,,,,,,,
CUST03946,31,Male,Two Year,80.39,260.21,6,Credit Card,0,No,,,,,,,,,,,,
CUST03947,73,Female,Monthly,57.52,3901.95,49,Debit Card,3,No,,,,,,,,,,,,
CUST03948,27,Male,Monthly,59.89,805.77,15,Direct Debit,0,No,,,,,,,,,,,,
CUST03949,33,Female,Two Year,50.79,3444.74,58,Direct Debit,2,No,,,,,,,,,,,,
CUST03950,33,Female,Monthly,72.33,2478.27,53,Direct Debit,1,No,,,,,,,,,,,,
CUST03951,71,Female,Monthly,103.43,2150.27,30,Bank Transfer,2,No,,,,,,,,,,,,
CUST03952,48,Male,Monthly,55.95,4261.58,40,Debit Card,2,No,,,,,,,,,,,,
CUST03953,59,Male,Monthly,65.14,3133.53,59,Debit Card,1,No,,,,,,,,,,,,
CUST03954,42,Male,One Year,70.07,4138.61,63,Direct Debit,4,No,,,,,,,,,,,,
CUST03955,30,Male,Two Year,95.61,3349.57,48,Bank Transfer,0,No,,,,,,,,,,,,
CUST03956,23,Male,Monthly,88.87,6329.82,68,Direct Debit,0,Yes,,,,,,,,,,,,
CUST03957,61,Female,One Year,78.59,639.09,7,Direct Debit,4,No,,,,,,,,,,,,
CUST03958,26,Male,One Year,79.01,3986.36,47,Bank Transfer,2,No,,,,,,,,,,,,
CUST03959,62,Female,Monthly,120,3635.4,43,Bank Transfer,0,No,,,,,,,,,,,,
CUST03960,53,Male,Monthly,80.56,2064.42,16,Debit Card,1,No,,,,,,,,,,,,
CUST03961,73,Female,One Year,76.53,1636.27,22,Credit Card,1,No,,,,,,,,,,,,
CUST03962,60,Female,Monthly,93.7,4633.47,63,Debit Card,1,No,,,,,,,,,,,,
CUST03963,37,Female,Monthly,72.08,4601.75,46,Bank Transfer,0,No,,,,,,,,,,,,
CUST03964,35,Female,Two Year,117.37,3009.17,45,Credit Card,1,No,,,,,,,,,,,,
CUST03965,75,Male,One Year,50.55,4708.08,41,Debit Card,2,No,,,,,,,,,,,,
CUST03966,60,Male,Two Year,70.49,1294.53,25,Direct Debit,0,No,,,,,,,,,,,,
CUST03967,74,Male,Monthly,33.95,3796.87,50,Direct Debit,2,No,,,,,,,,,,,,
CUST03968,38,Male,Two Year,61.59,2193.04,67,Direct Debit,0,No,,,,,,,,,,,,
CUST03969,21,Female,One Year,38.57,3338.06,52,Credit Card,2,No,,,,,,,,,,,,
CUST03970,67,Male,Two Year,63.68,1226.35,31,Credit Card,2,No,,,,,,,,,,,,
CUST03971,50,Female,Two Year,47.07,2398.94,37,Debit Card,1,No,,,,,,,,,,,,
CUST03972,44,Male,Two Year,75.73,1075.79,22,Credit Card,3,Yes,,,,,,,,,,,,
CUST03973,24,Female,Two Year,59.05,1964.21,27,Bank Transfer,7,No,,,,,,,,,,,,
CUST03974,23,Female,Monthly,80.98,115.05,2,Credit Card,1,Yes,,,,,,,,,,,,
CUST03975,80,Male,One Year,65.14,1798.8,22,Debit Card,2,No,,,,,,,,,,,,
CUST03976,32,Male,Monthly,88.32,3418.71,53,Debit Card,3,Yes,,,,,,,,,,,,
CUST03977,35,Female,One Year,59.35,1554.77,17,Bank Transfer,1,No,,,,,,,,,,,,
CUST03978,49,Female,Two Year,62.71,3483.47,56,Direct Debit,2,No,,,,,,,,,,,,
CUST03979,73,Male,Monthly,27.76,1952.72,31,Direct Debit,1,No,,,,,,,,,,,,
CUST03980,28,Male,One Year,37.62,1173.43,43,Direct Debit,0,No,,,,,,,,,,,,
CUST03981,37,Female,One Year,84.74,2887.13,72,Debit Card,0,No,,,,,,,,,,,,
CUST03982,41,Female,Monthly,43.67,4670.76,53,Direct Debit,3,No,,,,,,,,,,,,
CUST03983,32,Male,Monthly,90.11,224.4,5,Bank Transfer,0,No,,,,,,,,,,,,
CUST03984,65,Female,Monthly,60.25,167.45,2,Bank Transfer,3,No,,,,,,,,,,,,
CUST03985,24,Female,Monthly,64.36,3570.59,59,Direct Debit,1,No,,,,,,,,,,,,
CUST03986,38,Female,One Year,81.96,241.85,4,Credit Card,4,No,,,,,,,,,,,,
CUST03987,59,Female,Monthly,91.41,2858.2,34,Direct Debit,1,No,,,,,,,,,,,,
CUST03988,43,Female,Monthly,32.62,5928.12,67,Bank Transfer,2,No,,,,,,,,,,,,
CUST03989,61,Male,Two Year,38.79,203.19,6,Debit Card,2,No,,,,,,,,,,,,
CUST03990,73,Female,One Year,64.06,2349.95,58,Debit Card,2,No,,,,,,,,,,,,
CUST03991,31,Male,Monthly,95.37,2914.67,47,Direct Debit,3,No,,,,,,,,,,,,
CUST03992,74,Female,Monthly,65.83,513.19,5,Bank Transfer,1,No,,,,,,,,,,,,
CUST03993,54,Male,One Year,94.69,4026.36,61,Direct Debit,0,No,,,,,,,,,,,,
CUST03994,75,Female,Monthly,31.6,5063.27,56,Credit Card,1,No,,,,,,,,,,,,
CUST03995,38,Male,One Year,53.24,1154.7,35,Credit Card,1,No,,,,,,,,,,,,
CUST03996,35,Female,One Year,70.34,720.99,13,Direct Debit,1,Yes,,,,,,,,,,,,
CUST03997,22,Male,Monthly,38.29,1803.64,26,Debit Card,2,Yes,,,,,,,,,,,,
CUST03998,20,Female,Two Year,46.72,2512.75,64,Credit Card,2,No,,,,,,,,,,,,
CUST03999,40,Female,Monthly,53.84,474.59,11,Credit Card,7,No,,,,,,,,,,,,
CUST04000,43,Female,Monthly,53.78,3226.58,62,Credit Card,4,Yes,,,,,,,,,,,,
CUST04001,54,Female,Two Year,47.04,2681.94,47,Debit Card,2,No,,,,,,,,,,,,
CUST04002,41,Male,Monthly,90.4,3151.66,70,Credit Card,1,No,,,,,,,,,,,,
CUST04003,66,Female,One Year,68.59,5583.45,58,Direct Debit,2,No,,,,,,,,,,,,
CUST04004,36,Female,One Year,77.43,694.67,10,Bank Transfer,3,No,,,,,,,,,,,,
CUST04005,68,Female,Monthly,66.52,1318.75,16,Direct Debit,0,Yes,,,,,,,,,,,,
CUST04006,42,Female,Two Year,101.21,751.1,12,Debit Card,1,No,,,,,,,,,,,,
CUST04007,38,Female,Monthly,109.6,7144.44,71,Bank Transfer,0,No,,,,,,,,,,,,
CUST04008,29,Male,Monthly,56.9,5301.54,50,Bank Transfer,5,Yes,,,,,,,,,,,,
CUST04009,74,Female,Two Year,82.28,906.34,15,Credit Card,1,No,,,,,,,,,,,,
CUST04010,78,Female,Monthly,59.69,4731.46,59,Credit Card,2,No,,,,,,,,,,,,
CUST04011,58,Female,One Year,78.95,4237.44,70,Bank Transfer,0,No,,,,,,,,,,,,
CUST04012,50,Female,Two Year,99.4,5151.5,62,Credit Card,1,No,,,,,,,,,,,,
CUST04013,67,Male,Monthly,71.13,6846.51,72,Credit Card,7,No,,,,,,,,,,,,
CUST04014,70,Male,Monthly,87.73,4089.53,62,Debit Card,0,No,,,,,,,,,,,,
CUST04015,21,Male,Monthly,56.23,4382.39,50,Direct Debit,2,No,,,,,,,,,,,,
CUST04016,80,Male,Two Year,93.91,3125.65,54,Direct Debit,2,No,,,,,,,,,,,,
CUST04017,59,Female,Monthly,53.64,5249.05,54,Direct Debit,4,No,,,,,,,,,,,,
CUST04018,49,Female,Monthly,47.47,1482.02,28,Credit Card,2,No,,,,,,,,,,,,
CUST04019,24,Male,Monthly,81.73,2257.75,51,Direct Debit,1,No,,,,,,,,,,,,
CUST04020,39,Male,Monthly,89.2,2655.29,33,Direct Debit,2,No,,,,,,,,,,,,
CUST04021,72,Female,One Year,74.27,83.81,1,Credit Card,2,Yes,,,,,,,,,,,,
CUST04022,50,Female,Two Year,90.63,4773.88,69,Direct Debit,4,No,,,,,,,,,,,,
CUST04023,34,Female,Monthly,52.78,87.78,1,Debit Card,1,No,,,,,,,,,,,,
CUST04024,41,Female,Monthly,65.28,3031.66,55,Credit Card,2,No,,,,,,,,,,,,
CUST04025,78,Female,One Year,40.11,3063.73,45,Credit Card,2,No,,,,,,,,,,,,
CUST04026,78,Male,Monthly,37.43,1632.13,40,Debit Card,0,No,,,,,,,,,,,,
CUST04027,51,Male,Two Year,99.1,2402.41,61,Bank Transfer,0,No,,,,,,,,,,,,
CUST04028,45,Male,Monthly,64.12,3568.07,36,Direct Debit,1,No,,,,,,,,,,,,
CUST04029,75,Male,Monthly,98.9,1475.71,24,Credit Card,1,No,,,,,,,,,,,,
CUST04030,60,Female,Two Year,73.99,1400.1,14,Debit Card,1,No,,,,,,,,,,,,
CUST04031,58,Female,Monthly,66.14,79,1,Credit Card,2,No,,,,,,,,,,,,
CUST04032,56,Male,Monthly,64.72,2877.86,47,Bank Transfer,1,No,,,,,,,,,,,,
CUST04033,39,Female,Monthly,82.1,1460.21,21,Direct Debit,1,No,,,,,,,,,,,,
CUST04034,66,Male,Two Year,62.07,3327.06,39,Bank Transfer,1,No,,,,,,,,,,,,
CUST04035,34,Female,One Year,67.4125,191.76,3,Bank Transfer,2,No,,,,,,,,,,,,
CUST04036,51,Female,Monthly,66.14,1158.97,16,Direct Debit,1,No,,,,,,,,,,,,
CUST04037,23,Male,Two Year,44.03,4323.19,68,Credit Card,2,No,,,,,,,,,,,,
CUST04038,63,Male,Monthly,70.86,1215.43,26,Direct Debit,3,No,,,,,,,,,,,,
CUST04039,23,Female,Monthly,64.3,4115.08,54,Bank Transfer,2,No,,,,,,,,,,,,
CUST04040,51,Female,One Year,72.78,892.63,13,Bank Transfer,5,Yes,,,,,,,,,,,,
CUST04041,18,Male,One Year,88.95,4161.71,61,Direct Debit,2,No,,,,,,,,,,,,
CUST04042,27,Female,Monthly,64.93,1846.32,20,Bank Transfer,0,No,,,,,,,,,,,,
CUST04043,38,Female,Monthly,78.98,1769,27,Bank Transfer,3,No,,,,,,,,,,,,
CUST04044,22,Male,Monthly,36.59,165.25,2,Direct Debit,0,No,,,,,,,,,,,,
CUST04045,19,Male,One Year,100.6,357.25,10,Credit Card,0,No,,,,,,,,,,,,
CUST04046,39,Male,Two Year,96.82,6477.32,60,Debit Card,3,No,,,,,,,,,,,,
CUST04047,65,Female,One Year,55.78,1784.42,19,Direct Debit,0,No,,,,,,,,,,,,
CUST04048,74,Female,Two Year,65.85,868.56,15,Credit Card,2,No,,,,,,,,,,,,
CUST04049,19,Female,One Year,20,3096.84,47,Bank Transfer,3,No,,,,,,,,,,,,
CUST04050,27,Female,Two Year,83.71,488.98,24,Credit Card,0,No,,,,,,,,,,,,
CUST04051,51,Female,Monthly,54.72,1257,16,Debit Card,2,No,,,,,,,,,,,,
CUST04052,33,Female,Monthly,38.46,3341.42,60,Direct Debit,0,No,,,,,,,,,,,,
CUST04053,65,Female,Monthly,78.05,1903.7,49,Bank Transfer,2,Yes,,,,,,,,,,,,
CUST04054,68,Male,Monthly,48.49,323.14,4,Debit Card,4,No,,,,,,,,,,,,
CUST04055,78,Female,One Year,40.96,3091.63,66,Direct Debit,1,No,,,,,,,,,,,,
CUST04056,56,Female,Two Year,85.27,2113.75,49,Direct Debit,2,No,,,,,,,,,,,,
CUST04057,39,Female,Monthly,92.84,2831.69,31,Credit Card,4,No,,,,,,,,,,,,
CUST04058,29,Male,Two Year,75.39,6501.97,66,Unknown,4,No,,,,,,,,,,,,
CUST04059,41,Female,Monthly,96.11,4000.29,54,Direct Debit,2,No,,,,,,,,,,,,
CUST04060,64,Female,Monthly,58.81,200.28,2,Credit Card,4,Yes,,,,,,,,,,,,
CUST04061,57,Male,One Year,82.35,3509.94,61,Bank Transfer,2,No,,,,,,,,,,,,
CUST04062,55,Female,Monthly,76.46,1307.02,15,Credit Card,1,No,,,,,,,,,,,,
CUST04063,77,Male,Monthly,75.67,4496.13,60,Credit Card,0,No,,,,,,,,,,,,
CUST04064,76,Female,One Year,41.23,3090.36,43,Direct Debit,2,Yes,,,,,,,,,,,,
CUST04065,27,Female,Two Year,20,1646.31,40,Direct Debit,0,No,,,,,,,,,,,,
CUST04066,52,Female,One Year,99.13,564.97,30,Credit Card,1,No,,,,,,,,,,,,
CUST04067,68,Male,Monthly,66.7,6332.05,63,Direct Debit,3,No,,,,,,,,,,,,
CUST04068,80,Male,Monthly,24.75,1620.41,24,Credit Card,0,No,,,,,,,,,,,,
CUST04069,66,Female,Two Year,69.93,1087.4,44,Debit Card,0,No,,,,,,,,,,,,
CUST04070,49,Male,Monthly,67.44,995.27,14,Direct Debit,1,Yes,,,,,,,,,,,,
CUST04071,24,Female,Two Year,70.65,2031.93,28,Bank Transfer,2,No,,,,,,,,,,,,
CUST04072,38,Male,Monthly,69.88,970.63,14,Direct Debit,2,No,,,,,,,,,,,,
CUST04073,37,Female,One Year,66.87,3864.93,56,Bank Transfer,0,No,,,,,,,,,,,,
CUST04074,43,Female,One Year,65.31,2191.38,34,Debit Card,1,No,,,,,,,,,,,,
CUST04075,80,Male,Monthly,67.33,744.15,12,Direct Debit,3,No,,,,,,,,,,,,
CUST04076,21,Female,One Year,67.82,3643.3,56,Credit Card,1,No,,,,,,,,,,,,
CUST04077,63,Female,Monthly,70.18,3946.81,61,Debit Card,3,No,,,,,,,,,,,,
CUST04078,69,Female,One Year,68.64,4234.72,61,Bank Transfer,0,No,,,,,,,,,,,,
CUST04079,39,Male,Two Year,80.98,2628.45,40,Direct Debit,2,No,,,,,,,,,,,,
CUST04080,32,Female,Monthly,56.49,1624.1,20,Bank Transfer,3,Yes,,,,,,,,,,,,
CUST04081,73,Male,One Year,84.22,2291.46,42,Direct Debit,4,No,,,,,,,,,,,,
CUST04082,57,Male,Monthly,78.47,582.44,7,Debit Card,2,No,,,,,,,,,,,,
CUST04083,38,Male,Monthly,88.92,5019.44,68,Debit Card,3,No,,,,,,,,,,,,
CUST04084,32,Female,One Year,73.56,2608.31,31,Direct Debit,2,No,,,,,,,,,,,,
CUST04085,39,Male,Monthly,86.42,5243.22,70,Bank Transfer,0,No,,,,,,,,,,,,
CUST04086,69,Female,One Year,25.59,4104.19,47,Debit Card,2,No,,,,,,,,,,,,
CUST04087,45,Male,Monthly,48.14,1236.44,51,Direct Debit,2,Yes,,,,,,,,,,,,
CUST04088,31,Male,Monthly,92.2,2700.45,58,Bank Transfer,1,No,,,,,,,,,,,,
CUST04089,44,Female,Monthly,78.34,1938.01,22,Bank Transfer,0,No,,,,,,,,,,,,
CUST04090,78,Male,Monthly,40.64,1969.64,24,Direct Debit,3,No,,,,,,,,,,,,
CUST04091,58,Female,Two Year,69.34,1351.87,34,Direct Debit,1,No,,,,,,,,,,,,
CUST04092,57,Male,One Year,83.91,4302.69,63,Debit Card,1,No,,,,,,,,,,,,
CUST04093,75,Male,Two Year,45.33,5167.43,60,Debit Card,2,No,,,,,,,,,,,,
CUST04094,45,Male,Monthly,70.53,837.23,19,Direct Debit,0,No,,,,,,,,,,,,
CUST04095,43,Male,One Year,109.82,1659.63,24,Debit Card,9,No,,,,,,,,,,,,
CUST04096,66,Male,One Year,55.7,7363.49,64,Credit Card,2,No,,,,,,,,,,,,
CUST04097,80,Female,Monthly,45.54,1166.5,20,Bank Transfer,2,No,,,,,,,,,,,,
CUST04098,19,Female,One Year,20,1250.15,27,Credit Card,3,No,,,,,,,,,,,,
CUST04099,42,Female,One Year,64.06,1170.95,58,Direct Debit,0,No,,,,,,,,,,,,
CUST04100,73,Female,Monthly,85.22,2674.78,44,Credit Card,0,No,,,,,,,,,,,,
CUST04101,79,Female,One Year,58.4,5515.53,65,Credit Card,2,No,,,,,,,,,,,,
CUST04102,20,Female,Monthly,120,2589.41,46,Direct Debit,1,No,,,,,,,,,,,,
CUST04103,25,Male,Monthly,120,6718.21,54,Direct Debit,5,Yes,,,,,,,,,,,,
CUST04104,61,Male,Monthly,97.35,4775.8,39,Debit Card,3,No,,,,,,,,,,,,
CUST04105,50,Male,Two Year,56.34,668.11,7,Credit Card,2,No,,,,,,,,,,,,
CUST04106,59,Male,Monthly,77.43,3059.44,54,Direct Debit,0,No,,,,,,,,,,,,
CUST04107,69,Male,Monthly,53.63,3287.45,43,Direct Debit,2,No,,,,,,,,,,,,
CUST04108,52,Female,One Year,50.9,1011.92,20,Bank Transfer,0,No,,,,,,,,,,,,
CUST04109,23,Male,One Year,72.43,1329.66,25,Bank Transfer,0,Yes,,,,,,,,,,,,
CUST04110,56,Female,One Year,50.15,3312.95,43,Credit Card,2,No,,,,,,,,,,,,
CUST04111,69,Male,Monthly,26.9,1447.28,27,Bank Transfer,2,No,,,,,,,,,,,,
CUST04112,40,Male,One Year,41.91,703.62,25,Debit Card,1,No,,,,,,,,,,,,
CUST04113,42,Female,Monthly,76.93,1586.4,36,Direct Debit,3,No,,,,,,,,,,,,
CUST04114,76,Female,Monthly,104,4716.46,66,Debit Card,0,No,,,,,,,,,,,,
CUST04115,67,Male,One Year,84.55,978.22,9,Bank Transfer,2,No,,,,,,,,,,,,
CUST04116,60,Female,One Year,58.33,4340.2,53,Credit Card,2,No,,,,,,,,,,,,
CUST04117,36,Female,Two Year,79.08,1153.95,21,Credit Card,1,No,,,,,,,,,,,,
CUST04118,22,Male,One Year,64.79,3967.85,50,Credit Card,2,No,,,,,,,,,,,,
CUST04119,68,Male,One Year,90.51,1048.31,16,Debit Card,1,No,,,,,,,,,,,,
CUST04120,28,Female,Monthly,86.52,5959.14,66,Credit Card,1,No,,,,,,,,,,,,
CUST04121,73,Female,Monthly,20,2304.51,26,Direct Debit,5,Yes,,,,,,,,,,,,
CUST04122,29,Male,Two Year,56.12,910.16,44,Direct Debit,1,Yes,,,,,,,,,,,,
CUST04123,27,Female,Monthly,77.64,1532.99,29,Bank Transfer,0,No,,,,,,,,,,,,
CUST04124,25,Male,One Year,81.11,3638.25,46,Direct Debit,4,No,,,,,,,,,,,,
CUST04125,41,Female,One Year,62.33,5348.28,71,Credit Card,3,No,,,,,,,,,,,,
CUST04126,77,Male,Monthly,20,3029.13,49,Direct Debit,2,No,,,,,,,,,,,,
CUST04127,45,Female,Two Year,69.86,280.8,15,Direct Debit,0,No,,,,,,,,,,,,
CUST04128,58,Female,One Year,34.76,1178.05,17,Debit Card,2,No,,,,,,,,,,,,
CUST04129,53,Male,One Year,53.81,296.59,9,Direct Debit,1,No,,,,,,,,,,,,
CUST04130,54,Male,Monthly,97.83,1786.51,32,Debit Card,0,No,,,,,,,,,,,,
CUST04131,38,Female,Monthly,59.85,6869.58,66,Credit Card,4,No,,,,,,,,,,,,
CUST04132,25,Female,Monthly,52.21,3344.45,59,Debit Card,1,No,,,,,,,,,,,,
CUST04133,72,Male,One Year,61.5,1733.98,32,Direct Debit,0,No,,,,,,,,,,,,
CUST04134,26,Male,One Year,89.14,2494.78,43,Bank Transfer,4,No,,,,,,,,,,,,
CUST04135,64,Female,Monthly,59.37,5203.49,59,Bank Transfer,3,No,,,,,,,,,,,,
CUST04136,32,Female,One Year,100.38,1816.87,30,Credit Card,3,No,,,,,,,,,,,,
CUST04137,65,Male,Monthly,47.48,1110.85,11,Credit Card,1,No,,,,,,,,,,,,
CUST04138,63,Female,One Year,49.75,1147.01,26,Direct Debit,3,No,,,,,,,,,,,,
CUST04139,57,Female,Monthly,78.94,97.31,2,Debit Card,3,No,,,,,,,,,,,,
CUST04140,35,Male,Monthly,56.75,2671.15,34,Credit Card,2,No,,,,,,,,,,,,
CUST04141,59,Male,Monthly,72.2,2286.32,41,Debit Card,5,Yes,,,,,,,,,,,,
CUST04142,77,Male,Two Year,115.43,2297.47,31,Credit Card,2,No,,,,,,,,,,,,
CUST04143,37,Female,Monthly,43.54,7723.74,63,Bank Transfer,1,No,,,,,,,,,,,,
CUST04144,23,Female,Monthly,75.75,2458.94,55,Direct Debit,1,No,,,,,,,,,,,,
CUST04145,29,Female,Monthly,87.18,4687.26,61,Debit Card,1,No,,,,,,,,,,,,
CUST04146,19,Male,Monthly,46.78,2962.26,36,Credit Card,2,No,,,,,,,,,,,,
CUST04147,24,Male,Two Year,64.66,1825.95,40,Credit Card,1,No,,,,,,,,,,,,
CUST04148,33,Female,One Year,22.75,1498.67,23,Debit Card,3,No,,,,,,,,,,,,
CUST04149,20,Male,Monthly,70.8,632.58,26,Direct Debit,1,No,,,,,,,,,,,,
CUST04150,62,Female,Monthly,48.86,1234.59,18,Debit Card,0,No,,,,,,,,,,,,
CUST04151,20,Female,Monthly,41.3,1618.17,34,Credit Card,1,No,,,,,,,,,,,,
CUST04152,44,Male,Two Year,61.96,1172.97,28,Credit Card,2,No,,,,,,,,,,,,
CUST04153,67,Male,One Year,56.78,3230.2,49,Debit Card,1,No,,,,,,,,,,,,
CUST04154,60,Male,One Year,40.81,3659.04,64,Bank Transfer,1,No,,,,,,,,,,,,
CUST04155,57,Male,One Year,92.77,2746.57,71,Credit Card,1,No,,,,,,,,,,,,
CUST04156,55,Female,Two Year,64.21,5447.53,63,Bank Transfer,3,No,,,,,,,,,,,,
CUST04157,50,Male,Two Year,77.88,4228.79,62,Debit Card,3,No,,,,,,,,,,,,
CUST04158,45,Male,Monthly,48.35,3359.9,42,Direct Debit,1,No,,,,,,,,,,,,
CUST04159,18,Female,Two Year,61.13,1108.51,24,Direct Debit,1,No,,,,,,,,,,,,
CUST04160,72,Male,Two Year,27.3,2216.4,35,Debit Card,1,No,,,,,,,,,,,,
CUST04161,25,Female,Monthly,39.55,1554.25,55,Direct Debit,3,No,,,,,,,,,,,,
CUST04162,54,Male,Two Year,95.03,2022.33,49,Direct Debit,0,No,,,,,,,,,,,,
CUST04163,49,Male,One Year,79.03,5958.58,59,Credit Card,3,No,,,,,,,,,,,,
CUST04164,77,Male,One Year,61.35,1641.86,22,Direct Debit,2,No,,,,,,,,,,,,
CUST04165,65,Male,Monthly,73.58,4015.84,61,Debit Card,1,No,,,,,,,,,,,,
CUST04166,60,Female,One Year,35.47,2383.47,30,Direct Debit,4,No,,,,,,,,,,,,
CUST04167,54,Female,Monthly,51.71,2257.31,69,Debit Card,0,No,,,,,,,,,,,,
CUST04168,49,Male,Two Year,61.18,2899.72,60,Bank Transfer,1,No,,,,,,,,,,,,
CUST04169,47,Male,Two Year,79.68,363.2,6,Direct Debit,1,No,,,,,,,,,,,,
CUST04170,23,Male,One Year,54.73,811.19,11,Credit Card,1,No,,,,,,,,,,,,
CUST04171,63,Male,Monthly,67.15,1362.89,24,Debit Card,0,No,,,,,,,,,,,,
CUST04172,71,Male,One Year,64.62,3507.24,51,Direct Debit,0,No,,,,,,,,,,,,
CUST04173,36,Female,Monthly,72.71,1281.97,19,Bank Transfer,1,No,,,,,,,,,,,,
CUST04174,49,Female,One Year,68.77,3925.42,50,Direct Debit,3,Yes,,,,,,,,,,,,
CUST04175,26,Male,One Year,68.36,220.62,3,Bank Transfer,1,No,,,,,,,,,,,,
CUST04176,29,Female,Monthly,75.96,198.51,3,Debit Card,3,Yes,,,,,,,,,,,,
CUST04177,28,Female,Monthly,53.86,2315.75,31,Bank Transfer,3,No,,,,,,,,,,,,
CUST04178,63,Male,One Year,60.88,2643.19,47,Debit Card,3,No,,,,,,,,,,,,
CUST04179,72,Female,Monthly,29.08,478.32,8,Credit Card,0,Yes,,,,,,,,,,,,
CUST04180,33,Female,Two Year,82.71,510.07,17,Bank Transfer,1,No,,,,,,,,,,,,
CUST04181,18,Male,Monthly,69.09,3971.24,45,Credit Card,2,No,,,,,,,,,,,,
CUST04182,80,Female,Monthly,44.25,4082.97,60,Credit Card,2,No,,,,,,,,,,,,
CUST04183,62,Male,One Year,50.56,938.25,21,Credit Card,1,No,,,,,,,,,,,,
CUST04184,72,Male,One Year,99.25,3732.56,70,Bank Transfer,2,No,,,,,,,,,,,,
CUST04185,70,Female,One Year,59.45,2076.8,21,Debit Card,2,No,,,,,,,,,,,,
CUST04186,38,Male,One Year,78.53,3331.76,58,Debit Card,2,No,,,,,,,,,,,,
CUST04187,47,Male,Monthly,54,4152.03,55,Debit Card,1,Yes,,,,,,,,,,,,
CUST04188,30,Male,One Year,47.33,1408.43,28,Credit Card,1,No,,,,,,,,,,,,
CUST04189,51,Female,Monthly,69.61,2118.09,46,Debit Card,1,No,,,,,,,,,,,,
CUST04190,21,Female,Monthly,92.02,3153.92,44,Credit Card,1,No,,,,,,,,,,,,
CUST04191,45,Female,Monthly,100,2138.12,25,Bank Transfer,3,No,,,,,,,,,,,,
CUST04192,55,Female,Monthly,98.73,6843.59,71,Credit Card,2,No,,,,,,,,,,,,
CUST04193,75,Male,Monthly,83.23,4537.13,49,Bank Transfer,1,No,,,,,,,,,,,,
CUST04194,48,Male,Monthly,73.85,3770.07,46,Debit Card,2,No,,,,,,,,,,,,
CUST04195,76,Female,Two Year,53.11,4349.87,63,Debit Card,1,No,,,,,,,,,,,,
CUST04196,72,Female,Monthly,71.52,662.41,12,Credit Card,0,No,,,,,,,,,,,,
CUST04197,44,Male,Monthly,79.88,4355.82,57,Direct Debit,3,No,,,,,,,,,,,,
CUST04198,22,Male,Two Year,98.58,4860.66,64,Bank Transfer,3,No,,,,,,,,,,,,
CUST04199,42,Female,Monthly,67.4,2934.02,31,Direct Debit,2,No,,,,,,,,,,,,
CUST04200,20,Female,Monthly,61.98,254.94,4,Credit Card,4,Yes,,,,,,,,,,,,
CUST04201,50,Female,Monthly,50.42,3179.54,54,Unknown,0,No,,,,,,,,,,,,
CUST04202,21,Male,Monthly,69.83,3178.49,65,Debit Card,1,No,,,,,,,,,,,,
CUST04203,42,Female,Monthly,93.13,404.31,6,Credit Card,4,No,,,,,,,,,,,,
CUST04204,37,Female,Monthly,51.55,5942.23,65,Credit Card,1,No,,,,,,,,,,,,
CUST04205,51,Female,Two Year,83.28,1138.63,22,Credit Card,2,No,,,,,,,,,,,,
CUST04206,43,Female,Monthly,95.04,1467.3,17,Bank Transfer,0,No,,,,,,,,,,,,
CUST04207,79,Female,Monthly,58.74,5952.31,59,Credit Card,3,No,,,,,,,,,,,,
CUST04208,79,Female,One Year,65.4,1692.39,29,Bank Transfer,1,No,,,,,,,,,,,,
CUST04209,22,Female,Monthly,95.83,4668.53,67,Credit Card,0,No,,,,,,,,,,,,
CUST04210,52,Female,Monthly,74.09,1675.96,17,Debit Card,1,No,,,,,,,,,,,,
CUST04211,78,Female,One Year,93.61,153.61,2,Direct Debit,4,No,,,,,,,,,,,,
CUST04212,45,Male,Two Year,66.25,3006.18,32,Bank Transfer,2,Yes,,,,,,,,,,,,
CUST04213,46,Female,One Year,92.55,1462.91,22,Bank Transfer,2,No,,,,,,,,,,,,
CUST04214,26,Female,Monthly,39.44,5395.36,58,Credit Card,1,No,,,,,,,,,,,,
CUST04215,69,Female,Two Year,86.29,2087.64,53,Credit Card,0,No,,,,,,,,,,,,
CUST04216,55,Male,Monthly,63.55,4028.95,47,Debit Card,3,Yes,,,,,,,,,,,,
CUST04217,67,Female,Monthly,43.47,265.37,4,Direct Debit,1,Yes,,,,,,,,,,,,
CUST04218,23,Male,Monthly,55.44,1622.17,38,Credit Card,0,No,,,,,,,,,,,,
CUST04219,36,Female,One Year,68.94,686.9,13,Bank Transfer,1,No,,,,,,,,,,,,
CUST04220,77,Female,Monthly,77.55,3960.13,61,Direct Debit,1,No,,,,,,,,,,,,
CUST04221,61,Male,One Year,60.57,5264.63,64,Direct Debit,1,No,,,,,,,,,,,,
CUST04222,74,Female,Two Year,31.48,2114.86,33,Direct Debit,0,No,,,,,,,,,,,,
CUST04223,28,Male,Monthly,57.4,1147.17,38,Direct Debit,1,No,,,,,,,,,,,,
CUST04224,19,Male,One Year,71.12,1562.91,29,Credit Card,0,No,,,,,,,,,,,,
CUST04225,64,Female,Monthly,83.9,4657.94,61,Direct Debit,1,No,,,,,,,,,,,,
CUST04226,61,Male,Monthly,89.57,2677.08,32,Direct Debit,4,No,,,,,,,,,,,,
CUST04227,61,Male,Monthly,49.93,921.17,11,Bank Transfer,5,No,,,,,,,,,,,,
CUST04228,26,Male,One Year,55.13,857.8,18,Credit Card,1,No,,,,,,,,,,,,
CUST04229,38,Male,Monthly,44.89,2561.73,45,Debit Card,1,No,,,,,,,,,,,,
CUST04230,41,Female,Two Year,41.88,879.54,21,Credit Card,2,Yes,,,,,,,,,,,,
CUST04231,51,Female,Two Year,28.28,497.18,12,Debit Card,4,No,,,,,,,,,,,,
CUST04232,39,Female,Two Year,78.43,559.05,20,Direct Debit,0,No,,,,,,,,,,,,
CUST04233,20,Male,Monthly,120,565.32,7,Bank Transfer,4,Yes,,,,,,,,,,,,
CUST04234,29,Male,Monthly,87.38,8110.23,71,Direct Debit,3,No,,,,,,,,,,,,
CUST04235,45,Male,Monthly,84.6,188.29,2,Debit Card,2,Yes,,,,,,,,,,,,
CUST04236,47,Female,One Year,70.14,3437.16,43,Bank Transfer,1,No,,,,,,,,,,,,
CUST04237,43,Female,Two Year,39.05,1496.12,21,Direct Debit,2,No,,,,,,,,,,,,
CUST04238,65,Female,One Year,58.47,1101.3,29,Bank Transfer,0,No,,,,,,,,,,,,
CUST04239,38,Female,One Year,83.95,1761.14,32,Direct Debit,1,No,,,,,,,,,,,,
CUST04240,45,Female,Monthly,36.87,3801.25,45,Bank Transfer,2,No,,,,,,,,,,,,
CUST04241,73,Female,Two Year,60.26,2060.3,59,Bank Transfer,2,No,,,,,,,,,,,,
CUST04242,43,Female,Monthly,45.51,185.98,3,Direct Debit,0,No,,,,,,,,,,,,
CUST04243,79,Male,Monthly,51.31,1642.11,39,Debit Card,0,Yes,,,,,,,,,,,,
CUST04244,50,Male,Two Year,104.36,2621.16,51,Debit Card,2,No,,,,,,,,,,,,
CUST04245,38,Female,One Year,102.8,797.34,8,Debit Card,5,Yes,,,,,,,,,,,,
CUST04246,52,Female,Monthly,74.45,5069.27,46,Direct Debit,5,Yes,,,,,,,,,,,,
CUST04247,69,Female,Monthly,101.57,5079.22,66,Direct Debit,4,No,,,,,,,,,,,,
CUST04248,51,Male,Monthly,79.06,634.31,6,Debit Card,3,No,,,,,,,,,,,,
CUST04249,58,Male,One Year,66.1,4736.14,58,Credit Card,3,No,,,,,,,,,,,,
CUST04250,68,Female,Monthly,37.28,2782.03,41,Debit Card,3,No,,,,,,,,,,,,
CUST04251,64,Female,Two Year,62.5,1896.54,54,Direct Debit,2,No,,,,,,,,,,,,
CUST04252,35,Male,Monthly,65.74,2766.45,41,Credit Card,1,No,,,,,,,,,,,,
CUST04253,75,Female,Monthly,61.31,3234.98,48,Debit Card,3,No,,,,,,,,,,,,
CUST04254,28,Male,Monthly,69.19,4564.57,70,Credit Card,1,No,,,,,,,,,,,,
CUST04255,74,Male,Monthly,43.94,1869.27,27,Direct Debit,4,Yes,,,,,,,,,,,,
CUST04256,40,Female,One Year,40.12,1994.46,47,Bank Transfer,0,No,,,,,,,,,,,,
CUST04257,65,Female,One Year,42.58,913.49,23,Bank Transfer,1,No,,,,,,,,,,,,
CUST04258,39,Male,Monthly,78.36,586.5,14,Credit Card,0,No,,,,,,,,,,,,
CUST04259,34,Male,Monthly,44.72,4409.77,61,Bank Transfer,2,No,,,,,,,,,,,,
CUST04260,22,Female,One Year,75.02,3080.11,67,Debit Card,0,No,,,,,,,,,,,,
CUST04261,61,Male,Monthly,70.09,1946.81,25,Bank Transfer,2,No,,,,,,,,,,,,
CUST04262,28,Female,Monthly,77.01,4221.2,65,Bank Transfer,2,No,,,,,,,,,,,,
CUST04263,47,Female,Monthly,57.48,1773.11,24,Bank Transfer,4,No,,,,,,,,,,,,
CUST04264,32,Male,One Year,48.07,3126.59,53,Direct Debit,1,No,,,,,,,,,,,,
CUST04265,44,Female,Monthly,104.99,2335.01,50,Debit Card,0,No,,,,,,,,,,,,
CUST04266,52,Female,Monthly,51.22,112.28,1,Credit Card,1,No,,,,,,,,,,,,
CUST04267,50,Male,One Year,99.28,1873.76,39,Direct Debit,1,No,,,,,,,,,,,,
CUST04268,37,Male,Two Year,44.88,4667.52,44,Direct Debit,1,No,,,,,,,,,,,,
CUST04269,78,Male,Monthly,49.12,239.26,5,Credit Card,2,No,,,,,,,,,,,,
CUST04270,33,Female,Monthly,34.4,3583.73,68,Credit Card,2,No,,,,,,,,,,,,
CUST04271,51,Female,Monthly,70.36,2309.26,72,Bank Transfer,1,No,,,,,,,,,,,,
CUST04272,19,Male,Monthly,83.37,4406.86,65,Credit Card,2,No,,,,,,,,,,,,
CUST04273,52,Male,Monthly,36.11,1200.79,15,Unknown,0,No,,,,,,,,,,,,
CUST04274,57,Male,One Year,62.99,1916.8,50,Bank Transfer,0,No,,,,,,,,,,,,
CUST04275,73,Female,Two Year,52.77,396.52,6,Direct Debit,0,No,,,,,,,,,,,,
CUST04276,45,Male,Two Year,29.37,3292.74,66,Direct Debit,0,No,,,,,,,,,,,,
CUST04277,64,Female,Monthly,63.49,1910.28,69,Bank Transfer,2,No,,,,,,,,,,,,
CUST04278,56,Male,One Year,87.31,2465.86,39,Debit Card,1,No,,,,,,,,,,,,
CUST04279,23,Female,Monthly,98.36,2399.65,29,Debit Card,0,No,,,,,,,,,,,,
CUST04280,26,Female,Monthly,27.24,4507.11,46,Direct Debit,4,No,,,,,,,,,,,,
CUST04281,37,Female,Two Year,83.04,891.01,31,Bank Transfer,0,No,,,,,,,,,,,,
CUST04282,77,Male,Two Year,84.67,1992.93,24,Credit Card,2,No,,,,,,,,,,,,
CUST04283,18,Female,Monthly,61.58,1315.66,15,Bank Transfer,2,No,,,,,,,,,,,,
CUST04284,25,Male,Monthly,36.93,1182.35,20,Debit Card,2,Yes,,,,,,,,,,,,
CUST04285,72,Male,Monthly,71.39,142.18,4,Credit Card,1,No,,,,,,,,,,,,
CUST04286,40,Female,One Year,28.79,4202.75,58,Debit Card,5,No,,,,,,,,,,,,
CUST04287,80,Female,Two Year,75.04,1855.22,61,Credit Card,1,Yes,,,,,,,,,,,,
CUST04288,20,Male,Monthly,57.03,754.14,10,Direct Debit,5,Yes,,,,,,,,,,,,
CUST04289,21,Male,Monthly,54.5,2225.35,41,Credit Card,1,No,,,,,,,,,,,,
CUST04290,75,Female,Monthly,75.51,2758.09,53,Debit Card,1,No,,,,,,,,,,,,
CUST04291,42,Female,Monthly,112.05,5461.58,71,Bank Transfer,0,No,,,,,,,,,,,,
CUST04292,64,Male,One Year,94.67,5037.1,48,Direct Debit,2,No,,,,,,,,,,,,
CUST04293,55,Female,One Year,69.18,1321.32,15,Debit Card,1,No,,,,,,,,,,,,
CUST04294,32,Male,Monthly,77.63,453.48,7,Bank Transfer,2,No,,,,,,,,,,,,
CUST04295,80,Female,Monthly,67.48,5493.08,72,Debit Card,2,No,,,,,,,,,,,,
CUST04296,38,Female,Monthly,64.54,4679.44,71,Credit Card,2,No,,,,,,,,,,,,
CUST04297,52,Male,Monthly,103.64,2554.16,43,Debit Card,3,Yes,,,,,,,,,,,,
CUST04298,74,Female,Monthly,76.93,392.12,4,Bank Transfer,3,Yes,,,,,,,,,,,,
CUST04299,70,Female,Monthly,81.76,3827.71,51,Direct Debit,2,No,,,,,,,,,,,,
CUST04300,70,Female,Monthly,67.4125,5739.91,71,Debit Card,3,No,,,,,,,,,,,,
CUST04301,63,Female,Monthly,65,4591.62,59,Credit Card,0,No,,,,,,,,,,,,
CUST04302,69,Female,One Year,48.42,2588.09,41,Credit Card,2,No,,,,,,,,,,,,
CUST04303,31,Male,Monthly,48.12,3101.03,61,Direct Debit,2,No,,,,,,,,,,,,
CUST04304,53,Male,One Year,70.5,1424.2,30,Bank Transfer,2,No,,,,,,,,,,,,
CUST04305,29,Male,One Year,72.44,1298.33,18,Direct Debit,0,No,,,,,,,,,,,,
CUST04306,34,Female,Two Year,46.55,2288.81,30,Debit Card,3,No,,,,,,,,,,,,
CUST04307,56,Female,Monthly,50.22,344.29,7,Debit Card,4,Yes,,,,,,,,,,,,
CUST04308,26,Female,One Year,59.45,2760.61,52,Credit Card,1,No,,,,,,,,,,,,
CUST04309,52,Male,Monthly,43.78,2851.16,48,Credit Card,2,No,,,,,,,,,,,,
CUST04310,77,Female,Two Year,23.11,1032.93,23,Credit Card,2,Yes,,,,,,,,,,,,
CUST04311,30,Female,One Year,43.06,829.71,37,Direct Debit,2,No,,,,,,,,,,,,
CUST04312,32,Female,Monthly,68.65,3234.26,71,Direct Debit,4,No,,,,,,,,,,,,
CUST04313,35,Male,Monthly,73.44,3471.55,53,Bank Transfer,1,No,,,,,,,,,,,,
CUST04314,68,Male,Two Year,47.5,3456.93,45,Credit Card,4,No,,,,,,,,,,,,
CUST04315,50,Female,Two Year,68.97,2316.25,49,Debit Card,2,No,,,,,,,,,,,,
CUST04316,23,Female,Two Year,68.43,3270.73,49,Debit Card,0,No,,,,,,,,,,,,
CUST04317,76,Male,One Year,78.87,3154.28,47,Debit Card,1,No,,,,,,,,,,,,
CUST04318,44,Female,One Year,97.72,1999.6,25,Debit Card,1,No,,,,,,,,,,,,
CUST04319,40,Male,One Year,53.97,2819.96,27,Direct Debit,1,No,,,,,,,,,,,,
CUST04320,76,Female,Monthly,60.33,605.94,12,Direct Debit,3,Yes,,,,,,,,,,,,
CUST04321,44,Female,Monthly,40.7,1480.72,23,Credit Card,1,No,,,,,,,,,,,,
CUST04322,51,Male,One Year,101.62,726.85,17,Debit Card,2,No,,,,,,,,,,,,
CUST04323,73,Female,Monthly,57.17,4533.75,44,Credit Card,5,No,,,,,,,,,,,,
CUST04324,63,Male,One Year,75.25,3819,71,Credit Card,1,No,,,,,,,,,,,,
CUST04325,55,Male,Monthly,77.25,1896.29,24,Direct Debit,1,Yes,,,,,,,,,,,,
CUST04326,31,Female,One Year,99.01,5652.04,71,Direct Debit,0,No,,,,,,,,,,,,
CUST04327,53,Male,Monthly,41.5,5938.05,60,Credit Card,4,No,,,,,,,,,,,,
CUST04328,70,Male,Monthly,87.79,2335.29,53,Debit Card,1,No,,,,,,,,,,,,
CUST04329,25,Male,Monthly,32.71,1441.6,16,Debit Card,2,No,,,,,,,,,,,,
CUST04330,79,Male,Monthly,38.52,790.09,25,Bank Transfer,2,No,,,,,,,,,,,,
CUST04331,52,Male,Two Year,65.13,2356.68,66,Debit Card,2,No,,,,,,,,,,,,
CUST04332,36,Male,Monthly,60.71,3391.62,50,Credit Card,2,No,,,,,,,,,,,,
CUST04333,47,Female,Two Year,102.19,4025.1,69,Bank Transfer,0,No,,,,,,,,,,,,
CUST04334,80,Male,Monthly,70.25,3944.06,40,Credit Card,5,Yes,,,,,,,,,,,,
CUST04335,31,Female,Monthly,70.8,418.11,6,Bank Transfer,7,Yes,,,,,,,,,,,,
CUST04336,76,Male,Monthly,73.4,4712.42,64,Credit Card,2,No,,,,,,,,,,,,
CUST04337,37,Male,Monthly,93.85,2194.73,28,Credit Card,3,No,,,,,,,,,,,,
CUST04338,66,Male,Monthly,55.49,806.31,9,Debit Card,5,Yes,,,,,,,,,,,,
CUST04339,42,Female,Monthly,28.77,353.29,6,Credit Card,2,No,,,,,,,,,,,,
CUST04340,57,Female,Two Year,62.7,497.26,17,Debit Card,1,No,,,,,,,,,,,,
CUST04341,41,Female,Two Year,62,2650.69,40,Direct Debit,0,Yes,,,,,,,,,,,,
CUST04342,31,Male,Two Year,57.3,2945.44,45,Debit Card,1,No,,,,,,,,,,,,
CUST04343,43,Female,Two Year,103.32,2421.48,43,Debit Card,0,No,,,,,,,,,,,,
CUST04344,55,Male,Monthly,86.67,4888.18,46,Bank Transfer,2,No,,,,,,,,,,,,
CUST04345,40,Male,Monthly,31.65,5850.38,63,Credit Card,2,No,,,,,,,,,,,,
CUST04346,39,Female,Monthly,60.96,32.52,1,Debit Card,1,No,,,,,,,,,,,,
CUST04347,65,Male,Monthly,76.4,3572.56,59,Direct Debit,3,No,,,,,,,,,,,,
CUST04348,74,Female,One Year,68.95,4714.6,63,Credit Card,3,No,,,,,,,,,,,,
CUST04349,36,Male,Two Year,88,1170.27,18,Direct Debit,1,No,,,,,,,,,,,,
CUST04350,63,Female,One Year,92.36,6176.5,65,Direct Debit,2,No,,,,,,,,,,,,
CUST04351,68,Female,Two Year,76.8,1893.84,20,Direct Debit,4,No,,,,,,,,,,,,
CUST04352,20,Female,Monthly,82.91,4147.04,56,Credit Card,2,No,,,,,,,,,,,,
CUST04353,59,Male,Monthly,41.99,4172.3,54,Debit Card,3,No,,,,,,,,,,,,
CUST04354,36,Male,Monthly,46.41,2097.4,48,Bank Transfer,1,No,,,,,,,,,,,,
CUST04355,26,Female,Two Year,49.95,2648.52,54,Credit Card,4,No,,,,,,,,,,,,
CUST04356,45,Male,Two Year,36.21,789.97,16,Bank Transfer,1,No,,,,,,,,,,,,
CUST04357,37,Female,One Year,86.03,777.05,20,Direct Debit,0,No,,,,,,,,,,,,
CUST04358,62,Female,Monthly,71.43,3932.45,47,Direct Debit,3,No,,,,,,,,,,,,
CUST04359,24,Male,Monthly,105.98,520.5,7,Credit Card,0,No,,,,,,,,,,,,
CUST04360,31,Female,Monthly,75.84,2345.1,23,Debit Card,5,Yes,,,,,,,,,,,,
CUST04361,80,Female,Two Year,75.57,2437.02,33,Credit Card,1,No,,,,,,,,,,,,
CUST04362,26,Male,Monthly,102.78,3073.77,40,Credit Card,2,No,,,,,,,,,,,,
CUST04363,76,Male,Monthly,57.18,475.8,5,Debit Card,8,Yes,,,,,,,,,,,,
CUST04364,77,Male,Monthly,25.99,2454.05,45,Direct Debit,1,No,,,,,,,,,,,,
CUST04365,72,Male,Two Year,90.24,1010.41,41,Direct Debit,3,No,,,,,,,,,,,,
CUST04366,74,Female,Monthly,74.91,702.05,8,Direct Debit,0,Yes,,,,,,,,,,,,
CUST04367,77,Male,One Year,66.87,3911.78,50,Debit Card,2,Yes,,,,,,,,,,,,
CUST04368,36,Female,Monthly,61.35,2208.16,31,Bank Transfer,0,Yes,,,,,,,,,,,,
CUST04369,64,Male,Monthly,56.67,226.27,4,Direct Debit,0,No,,,,,,,,,,,,
CUST04370,69,Female,Monthly,64.14,3594.95,66,Direct Debit,0,No,,,,,,,,,,,,
CUST04371,31,Female,One Year,66.6,3319.08,56,Direct Debit,4,No,,,,,,,,,,,,
CUST04372,73,Male,Two Year,84.49,352.25,5,Debit Card,2,No,,,,,,,,,,,,
CUST04373,55,Male,Monthly,42.56,4342.54,54,Direct Debit,1,No,,,,,,,,,,,,
CUST04374,70,Female,Monthly,88.84,44.4,1,Debit Card,1,No,,,,,,,,,,,,
CUST04375,78,Female,One Year,61.44,5014.58,61,Direct Debit,4,No,,,,,,,,,,,,
CUST04376,53,Male,One Year,71.87,423.09,7,Direct Debit,3,No,,,,,,,,,,,,
CUST04377,57,Male,Monthly,54.61,2107.33,30,Credit Card,3,No,,,,,,,,,,,,
CUST04378,34,Male,Monthly,74.38,796.78,15,Direct Debit,0,No,,,,,,,,,,,,
CUST04379,47,Male,One Year,100.81,300.86,4,Credit Card,5,No,,,,,,,,,,,,
CUST04380,26,Female,One Year,77.04,6240.58,63,Direct Debit,2,No,,,,,,,,,,,,
CUST04381,50,Female,Two Year,53.55,5309.3,70,Bank Transfer,2,No,,,,,,,,,,,,
CUST04382,73,Male,Two Year,36.13,1933.71,38,Bank Transfer,1,Yes,,,,,,,,,,,,
CUST04383,69,Female,Monthly,52.61,1674.88,47,Credit Card,0,No,,,,,,,,,,,,
CUST04384,42,Male,One Year,58.35,3278.36,60,Credit Card,3,No,,,,,,,,,,,,
CUST04385,31,Female,Monthly,72.45,113.4,2,Direct Debit,2,Yes,,,,,,,,,,,,
CUST04386,28,Male,One Year,53.11,5284.66,69,Debit Card,1,No,,,,,,,,,,,,
CUST04387,70,Male,One Year,54.67,402.18,8,Direct Debit,2,Yes,,,,,,,,,,,,
CUST04388,52,Male,Monthly,54.52,2942.81,51,Direct Debit,2,No,,,,,,,,,,,,
CUST04389,58,Male,Two Year,65.58,1055.07,19,Bank Transfer,1,No,,,,,,,,,,,,
CUST04390,76,Female,One Year,53.82,2008.19,31,Bank Transfer,1,No,,,,,,,,,,,,
CUST04391,31,Female,Two Year,61.96,1095.99,22,Credit Card,4,No,,,,,,,,,,,,
CUST04392,47,Male,Monthly,43.47,1922.51,33,Debit Card,1,Yes,,,,,,,,,,,,
CUST04393,58,Female,Monthly,72.71,3086.9,72,Bank Transfer,2,No,,,,,,,,,,,,
CUST04394,21,Male,One Year,41.86,2852.95,37,Direct Debit,0,No,,,,,,,,,,,,
CUST04395,76,Female,Two Year,87.05,539.04,12,Direct Debit,4,No,,,,,,,,,,,,
CUST04396,21,Male,Monthly,92.21,6419.38,69,Credit Card,4,No,,,,,,,,,,,,
CUST04397,45,Male,Monthly,44.33,5688.12,64,Direct Debit,3,No,,,,,,,,,,,,
CUST04398,25,Male,Monthly,103.34,1065.08,25,Bank Transfer,3,No,,,,,,,,,,,,
CUST04399,19,Female,Monthly,87.66,5794.21,54,Bank Transfer,2,Yes,,,,,,,,,,,,
CUST04400,58,Female,One Year,69.98,2721.33,29,Direct Debit,4,No,,,,,,,,,,,,
CUST04401,78,Male,One Year,42.14,856.37,13,Bank Transfer,1,No,,,,,,,,,,,,
CUST04402,63,Male,Two Year,20,1074.18,26,Direct Debit,0,No,,,,,,,,,,,,
CUST04403,39,Male,One Year,70.73,463.68,22,Bank Transfer,0,No,,,,,,,,,,,,
CUST04404,58,Female,Monthly,68.96,706.39,10,Credit Card,3,Yes,,,,,,,,,,,,
CUST04405,73,Female,One Year,67.4125,3491.4,48,Bank Transfer,4,No,,,,,,,,,,,,
CUST04406,80,Male,One Year,23.5,3331.77,42,Debit Card,2,No,,,,,,,,,,,,
CUST04407,80,Male,Two Year,91.11,1447.96,59,Bank Transfer,1,No,,,,,,,,,,,,
CUST04408,72,Female,Monthly,91.95,4743.54,53,Credit Card,2,No,,,,,,,,,,,,
CUST04409,33,Male,Monthly,78.59,3791.61,40,Credit Card,3,No,,,,,,,,,,,,
CUST04410,46,Male,Monthly,39.68,4711.32,62,Direct Debit,1,No,,,,,,,,,,,,
CUST04411,79,Male,One Year,66.44,245.39,6,Debit Card,4,No,,,,,,,,,,,,
CUST04412,66,Male,Monthly,42.94,274.35,4,Bank Transfer,3,No,,,,,,,,,,,,
CUST04413,65,Female,One Year,38.85,2331.22,55,Debit Card,4,No,,,,,,,,,,,,
CUST04414,47,Female,One Year,45.86,2881.89,69,Debit Card,0,No,,,,,,,,,,,,
CUST04415,29,Male,Monthly,69.74,126.58,3,Debit Card,2,No,,,,,,,,,,,,
CUST04416,52,Female,One Year,43.55,501.79,7,Direct Debit,4,No,,,,,,,,,,,,
CUST04417,28,Male,Two Year,61.2,556.78,12,Debit Card,2,No,,,,,,,,,,,,
CUST04418,63,Female,One Year,84.43,1099.91,17,Debit Card,1,No,,,,,,,,,,,,
CUST04419,67,Female,Monthly,69.55,5715.39,67,Credit Card,3,No,,,,,,,,,,,,
CUST04420,38,Female,Monthly,63.8,5176.78,70,Debit Card,0,No,,,,,,,,,,,,
CUST04421,80,Male,Monthly,66.81,2152.72,36,Direct Debit,1,No,,,,,,,,,,,,
CUST04422,38,Male,Monthly,95.9,1143.67,17,Direct Debit,0,No,,,,,,,,,,,,
CUST04423,22,Male,One Year,87.87,103.29,1,Debit Card,3,No,,,,,,,,,,,,
CUST04424,65,Female,Two Year,20,6350.32,67,Credit Card,2,No,,,,,,,,,,,,
CUST04425,37,Male,One Year,60.74,1008.09,49,Debit Card,1,No,,,,,,,,,,,,
CUST04426,54,Female,Monthly,69.04,2933.02,51,Direct Debit,1,No,,,,,,,,,,,,
CUST04427,20,Female,Monthly,102.99,4598.26,71,Credit Card,0,No,,,,,,,,,,,,
CUST04428,61,Female,Two Year,57.54,4727.9,43,Direct Debit,7,Yes,,,,,,,,,,,,
CUST04429,50,Female,Two Year,63.2,1892.38,31,Bank Transfer,3,No,,,,,,,,,,,,
CUST04430,70,Male,Monthly,66.87,1472,24,Credit Card,2,No,,,,,,,,,,,,
CUST04431,78,Male,Monthly,61.73,2645.03,37,Bank Transfer,1,No,,,,,,,,,,,,
CUST04432,26,Male,One Year,75.94,3775.25,65,Debit Card,1,No,,,,,,,,,,,,
CUST04433,78,Female,Monthly,76.36,4626.91,63,Credit Card,1,No,,,,,,,,,,,,
CUST04434,26,Male,Monthly,64.92,4374.77,56,Debit Card,3,No,,,,,,,,,,,,
CUST04435,21,Female,Monthly,107.23,1106.99,18,Credit Card,2,Yes,,,,,,,,,,,,
CUST04436,52,Male,Monthly,70.11,7515.35,65,Direct Debit,0,No,,,,,,,,,,,,
CUST04437,34,Male,Monthly,93.45,1942.94,29,Direct Debit,3,No,,,,,,,,,,,,
CUST04438,51,Female,Monthly,71.31,358.57,4,Direct Debit,2,Yes,,,,,,,,,,,,
CUST04439,41,Male,Monthly,56.84,852.24,12,Bank Transfer,0,Yes,,,,,,,,,,,,
CUST04440,49,Male,One Year,73,3324.88,56,Credit Card,1,No,,,,,,,,,,,,
CUST04441,18,Female,One Year,20.91,3291.23,48,Debit Card,0,No,,,,,,,,,,,,
CUST04442,25,Male,Monthly,58.7,407.93,19,Direct Debit,0,No,,,,,,,,,,,,
CUST04443,62,Male,Two Year,20,1428.37,26,Debit Card,1,No,,,,,,,,,,,,
CUST04444,40,Male,Monthly,46.44,710.72,38,Debit Card,0,No,,,,,,,,,,,,
CUST04445,64,Female,Monthly,54.64,1075.81,25,Debit Card,0,No,,,,,,,,,,,,
CUST04446,57,Female,Monthly,63.72,3081.68,56,Credit Card,1,No,,,,,,,,,,,,
CUST04447,29,Female,One Year,78,1765.88,28,Credit Card,4,No,,,,,,,,,,,,
CUST04448,71,Male,Monthly,35.79,4611.34,61,Credit Card,2,No,,,,,,,,,,,,
CUST04449,29,Male,Monthly,55.94,1833.21,51,Debit Card,1,No,,,,,,,,,,,,
CUST04450,63,Male,One Year,63.96,671.48,12,Credit Card,1,No,,,,,,,,,,,,
CUST04451,64,Female,Monthly,105.42,509.54,8,Bank Transfer,0,No,,,,,,,,,,,,
CUST04452,32,Male,One Year,64.22,5793.92,58,Bank Transfer,4,No,,,,,,,,,,,,
CUST04453,58,Male,One Year,35.09,1570.87,23,Bank Transfer,0,No,,,,,,,,,,,,
CUST04454,36,Female,Two Year,87,1323.26,37,Credit Card,0,No,,,,,,,,,,,,
CUST04455,43,Female,Monthly,65.78,899.93,11,Bank Transfer,4,No,,,,,,,,,,,,
CUST04456,69,Male,Monthly,75.95,1074.51,17,Debit Card,1,No,,,,,,,,,,,,
CUST04457,46,Male,Two Year,84.81,4433.25,56,Direct Debit,3,No,,,,,,,,,,,,
CUST04458,39,Male,One Year,48.53,4693.72,53,Bank Transfer,2,No,,,,,,,,,,,,
CUST04459,57,Male,One Year,61.46,3368.95,67,Credit Card,2,No,,,,,,,,,,,,
CUST04460,38,Female,Monthly,63.55,128.63,2,Credit Card,1,No,,,,,,,,,,,,
CUST04461,68,Female,Monthly,88.13,1871.91,29,Direct Debit,3,No,,,,,,,,,,,,
CUST04462,55,Female,Monthly,102.05,4853.64,57,Debit Card,1,No,,,,,,,,,,,,
CUST04463,37,Male,Monthly,104.66,3390.68,34,Debit Card,2,No,,,,,,,,,,,,
CUST04464,74,Male,Monthly,65.82,209.64,2,Debit Card,6,Yes,,,,,,,,,,,,
CUST04465,46,Male,Monthly,96.86,1957.5,31,Credit Card,1,No,,,,,,,,,,,,
CUST04466,68,Male,One Year,76.26,4502.76,44,Debit Card,2,No,,,,,,,,,,,,
CUST04467,21,Female,Monthly,64.12,4439.3,56,Debit Card,1,No,,,,,,,,,,,,
CUST04468,72,Male,Monthly,53.22,3728.4,54,Direct Debit,3,No,,,,,,,,,,,,
CUST04469,24,Male,Monthly,79.51,2782.42,53,Credit Card,0,No,,,,,,,,,,,,
CUST04470,45,Male,Monthly,101.96,3874.43,46,Direct Debit,1,No,,,,,,,,,,,,
CUST04471,45,Male,Monthly,93.33,5751.73,54,Bank Transfer,3,No,,,,,,,,,,,,
CUST04472,21,Male,Monthly,53.79,3046.89,31,Credit Card,2,No,,,,,,,,,,,,
CUST04473,39,Female,Monthly,71.12,1329.82,24,Direct Debit,0,No,,,,,,,,,,,,
CUST04474,29,Male,One Year,53.76,1735.05,25,Direct Debit,1,No,,,,,,,,,,,,
CUST04475,62,Female,Monthly,67.95,1804.51,35,Credit Card,2,No,,,,,,,,,,,,
CUST04476,20,Male,One Year,70.02,3732.05,57,Bank Transfer,2,No,,,,,,,,,,,,
CUST04477,39,Male,Two Year,72.07,5095.47,72,Direct Debit,3,No,,,,,,,,,,,,
CUST04478,61,Female,One Year,88.55,5274.9,69,Direct Debit,0,No,,,,,,,,,,,,
CUST04479,19,Male,Monthly,55.43,2459.2,28,Direct Debit,2,Yes,,,,,,,,,,,,
CUST04480,41,Female,Monthly,92.05,1858.12,33,Unknown,1,No,,,,,,,,,,,,
CUST04481,51,Male,One Year,53.54,5061.15,53,Credit Card,6,No,,,,,,,,,,,,
CUST04482,44,Female,Two Year,39.62,905.33,16,Direct Debit,3,Yes,,,,,,,,,,,,
CUST04483,72,Female,Two Year,90.73,1054.59,26,Credit Card,0,No,,,,,,,,,,,,
CUST04484,58,Female,Monthly,72.81,1111.29,12,Credit Card,4,Yes,,,,,,,,,,,,
CUST04485,18,Female,One Year,79.42,2433.2,31,Direct Debit,1,No,,,,,,,,,,,,
CUST04486,25,Female,Two Year,63.78,2268.68,27,Credit Card,3,No,,,,,,,,,,,,
CUST04487,40,Male,Two Year,26.84,2381.83,36,Bank Transfer,2,No,,,,,,,,,,,,
CUST04488,55,Female,Monthly,52.13,1667.66,59,Debit Card,4,No,,,,,,,,,,,,
CUST04489,23,Female,Monthly,72.04,168.9,3,Direct Debit,1,Yes,,,,,,,,,,,,
CUST04490,39,Male,Monthly,68.68,2307.39,32,Debit Card,1,No,,,,,,,,,,,,
CUST04491,42,Male,Monthly,100.54,1064.08,15,Bank Transfer,2,No,,,,,,,,,,,,
CUST04492,35,Female,One Year,44.48,6968.39,66,Credit Card,3,No,,,,,,,,,,,,
CUST04493,34,Male,Two Year,80.01,2777.22,63,Credit Card,0,No,,,,,,,,,,,,
CUST04494,78,Male,Two Year,80.9,85.83,1,Direct Debit,2,No,,,,,,,,,,,,
CUST04495,29,Female,Monthly,20,396.88,5,Debit Card,4,No,,,,,,,,,,,,
CUST04496,23,Male,One Year,69.53,115.07,6,Credit Card,1,No,,,,,,,,,,,,
CUST04497,43,Male,Monthly,67.18,357.5,5,Debit Card,3,No,,,,,,,,,,,,
CUST04498,44,Female,One Year,90.27,1754.86,28,Debit Card,1,No,,,,,,,,,,,,
CUST04499,25,Male,One Year,35.15,5856.55,69,Bank Transfer,1,No,,,,,,,,,,,,
CUST04500,36,Female,Monthly,87.06,1663.02,44,Credit Card,1,No,,,,,,,,,,,,
CUST04501,77,Male,Monthly,78.62,1344.3,16,Credit Card,3,Yes,,,,,,,,,,,,
CUST04502,59,Male,Monthly,94.95,5165.06,71,Debit Card,2,No,,,,,,,,,,,,
CUST04503,18,Male,Monthly,49.83,2080.43,22,Direct Debit,5,Yes,,,,,,,,,,,,
CUST04504,74,Female,Two Year,85.48,1213.45,23,Bank Transfer,0,No,,,,,,,,,,,,
CUST04505,46,Male,Monthly,48.62,3577.61,43,Bank Transfer,3,No,,,,,,,,,,,,
CUST04506,62,Male,Monthly,112.3,3263.48,68,Credit Card,1,No,,,,,,,,,,,,
CUST04507,66,Male,Monthly,52.87,4563.77,43,Bank Transfer,1,No,,,,,,,,,,,,
CUST04508,52,Male,Two Year,40.86,1340.77,26,Direct Debit,1,No,,,,,,,,,,,,
CUST04509,57,Male,Monthly,51.92,1800.01,41,Bank Transfer,1,Yes,,,,,,,,,,,,
CUST04510,31,Male,Monthly,84.72,3853.75,70,Credit Card,0,No,,,,,,,,,,,,
CUST04511,52,Female,One Year,70.31,2727.11,31,Direct Debit,1,No,,,,,,,,,,,,
CUST04512,65,Male,Monthly,91.04,1250.01,17,Debit Card,0,No,,,,,,,,,,,,
CUST04513,49,Female,Monthly,96.22,841.56,9,Debit Card,5,No,,,,,,,,,,,,
CUST04514,37,Female,One Year,90.85,4968.61,55,Bank Transfer,0,No,,,,,,,,,,,,
CUST04515,73,Male,Monthly,80.71,511.74,6,Credit Card,4,No,,,,,,,,,,,,
CUST04516,66,Male,Two Year,44.32,5683.32,70,Credit Card,1,No,,,,,,,,,,,,
CUST04517,30,Female,One Year,56.35,2879.8,64,Direct Debit,1,No,,,,,,,,,,,,
CUST04518,78,Female,Monthly,46.84,242.42,4,Debit Card,5,Yes,,,,,,,,,,,,
CUST04519,55,Male,Monthly,62.66,3113.76,67,Direct Debit,0,No,,,,,,,,,,,,
CUST04520,66,Female,Two Year,104.42,3743.35,56,Direct Debit,1,No,,,,,,,,,,,,
CUST04521,63,Male,One Year,66.01,2027.02,18,Bank Transfer,2,Yes,,,,,,,,,,,,
CUST04522,66,Male,Monthly,106.82,2228.75,32,Bank Transfer,0,No,,,,,,,,,,,,
CUST04523,79,Male,Monthly,36.98,5044.49,48,Direct Debit,4,No,,,,,,,,,,,,
CUST04524,25,Female,Monthly,56.7,1115.91,29,Bank Transfer,2,No,,,,,,,,,,,,
CUST04525,60,Female,One Year,42.14,1827.6,32,Debit Card,1,No,,,,,,,,,,,,
CUST04526,37,Female,Two Year,75.4,1002.73,25,Direct Debit,1,No,,,,,,,,,,,,
CUST04527,77,Male,One Year,77.49,4468.76,63,Credit Card,3,No,,,,,,,,,,,,
CUST04528,50,Female,Monthly,36.72,649.44,9,Credit Card,3,No,,,,,,,,,,,,
CUST04529,43,Male,Monthly,48.92,2534.72,71,Debit Card,2,No,,,,,,,,,,,,
CUST04530,56,Female,One Year,83.78,705.56,14,Direct Debit,2,No,,,,,,,,,,,,
CUST04531,38,Male,Two Year,90.53,1786.55,20,Direct Debit,1,No,,,,,,,,,,,,
CUST04532,70,Male,Monthly,54.29,879.29,10,Debit Card,3,No,,,,,,,,,,,,
CUST04533,66,Male,Monthly,56.83,600.15,11,Debit Card,0,No,,,,,,,,,,,,
CUST04534,79,Female,Monthly,68.3,2205.31,39,Debit Card,3,No,,,,,,,,,,,,
CUST04535,59,Male,Monthly,48.2,1216.47,19,Bank Transfer,2,No,,,,,,,,,,,,
CUST04536,60,Male,One Year,70.41,953.94,19,Credit Card,1,No,,,,,,,,,,,,
CUST04537,71,Male,Two Year,67.66,3037.01,43,Bank Transfer,1,No,,,,,,,,,,,,
CUST04538,79,Female,Monthly,90.1,4402.83,61,Bank Transfer,3,No,,,,,,,,,,,,
CUST04539,58,Female,Monthly,64.09,6645.51,70,Direct Debit,2,No,,,,,,,,,,,,
CUST04540,26,Female,Monthly,78.58,4450.78,72,Bank Transfer,3,No,,,,,,,,,,,,
CUST04541,41,Male,Two Year,60.08,4954.57,65,Credit Card,1,No,,,,,,,,,,,,
CUST04542,54,Male,Monthly,61.12,1390.02,23,Bank Transfer,0,No,,,,,,,,,,,,
CUST04543,66,Female,Monthly,69.68,3447.25,60,Credit Card,1,No,,,,,,,,,,,,
CUST04544,58,Male,Monthly,38.42,669.05,10,Debit Card,2,No,,,,,,,,,,,,
CUST04545,34,Male,Monthly,63.32,2544.81,63,Debit Card,0,No,,,,,,,,,,,,
CUST04546,41,Male,One Year,91.59,119.61,2,Credit Card,1,Yes,,,,,,,,,,,,
CUST04547,38,Female,Monthly,48.24,3321.64,36,Credit Card,0,No,,,,,,,,,,,,
CUST04548,68,Male,Monthly,86.46,2703.03,57,Credit Card,1,No,,,,,,,,,,,,
CUST04549,76,Female,One Year,72.06,5433.3,66,Debit Card,2,No,,,,,,,,,,,,
CUST04550,56,Female,Monthly,74.91,1549.53,20,Credit Card,1,No,,,,,,,,,,,,
CUST04551,72,Male,Monthly,69.79,3309.89,42,Credit Card,4,No,,,,,,,,,,,,
CUST04552,58,Male,Two Year,59.67,1410.88,21,Credit Card,0,No,,,,,,,,,,,,
CUST04553,56,Female,One Year,71.26,4117.98,66,Bank Transfer,2,No,,,,,,,,,,,,
CUST04554,30,Female,One Year,59.5,2494.03,38,Direct Debit,3,No,,,,,,,,,,,,
CUST04555,28,Female,One Year,50.18,3959.39,69,Debit Card,1,No,,,,,,,,,,,,
CUST04556,63,Female,Two Year,93.11,1128.78,24,Bank Transfer,3,No,,,,,,,,,,,,
CUST04557,36,Male,Monthly,44.28,2391.45,26,Bank Transfer,2,No,,,,,,,,,,,,
CUST04558,28,Female,Monthly,59.37,90.51,2,Direct Debit,3,No,,,,,,,,,,,,
CUST04559,30,Male,Monthly,88.3,2587.39,46,Credit Card,1,Yes,,,,,,,,,,,,
CUST04560,80,Female,Monthly,52.56,2876.86,34,Debit Card,2,No,,,,,,,,,,,,
CUST04561,63,Female,Monthly,58.36,3202.78,62,Bank Transfer,0,No,,,,,,,,,,,,
CUST04562,62,Female,Two Year,32.19,2442.83,41,Bank Transfer,1,No,,,,,,,,,,,,
CUST04563,18,Female,Two Year,62.21,468.23,15,Debit Card,1,No,,,,,,,,,,,,
CUST04564,57,Female,Monthly,42.04,3477.12,55,Direct Debit,3,No,,,,,,,,,,,,
CUST04565,61,Male,Monthly,55.08,123.08,3,Direct Debit,2,No,,,,,,,,,,,,
CUST04566,36,Female,Monthly,63.51,2011.95,38,Bank Transfer,3,Yes,,,,,,,,,,,,
CUST04567,29,Male,Two Year,67.86,3423.01,51,Debit Card,1,No,,,,,,,,,,,,
CUST04568,25,Female,Monthly,85.88,1132.02,17,Direct Debit,4,No,,,,,,,,,,,,
CUST04569,25,Male,One Year,77.04,4489.81,49,Bank Transfer,2,No,,,,,,,,,,,,
CUST04570,78,Male,Two Year,63.94,1567.51,21,Direct Debit,4,No,,,,,,,,,,,,
CUST04571,70,Female,Monthly,84.9,1545.09,24,Bank Transfer,1,Yes,,,,,,,,,,,,
CUST04572,62,Female,One Year,66.4,3153.44,40,Credit Card,3,No,,,,,,,,,,,,
CUST04573,29,Male,Monthly,53.04,1366.3,20,Debit Card,2,No,,,,,,,,,,,,
CUST04574,78,Female,One Year,46.27,1944.16,35,Direct Debit,1,No,,,,,,,,,,,,
CUST04575,65,Female,Monthly,99.48,2388.48,48,Direct Debit,0,No,,,,,,,,,,,,
CUST04576,50,Female,Monthly,87.35,3459.65,33,Direct Debit,1,No,,,,,,,,,,,,
CUST04577,62,Male,Two Year,60.85,4744.87,56,Direct Debit,3,No,,,,,,,,,,,,
CUST04578,43,Female,One Year,68.88,2517.44,41,Debit Card,3,No,,,,,,,,,,,,
CUST04579,56,Female,Monthly,65.32,3774.2,54,Credit Card,1,No,,,,,,,,,,,,
CUST04580,45,Male,Monthly,33.39,2670.27,44,Bank Transfer,1,No,,,,,,,,,,,,
CUST04581,75,Female,Monthly,61.65,2239.7,72,Credit Card,0,No,,,,,,,,,,,,
CUST04582,22,Female,One Year,26.18,659.25,11,Direct Debit,3,Yes,,,,,,,,,,,,
CUST04583,25,Female,Monthly,37.24,380.85,14,Direct Debit,1,No,,,,,,,,,,,,
CUST04584,42,Male,Two Year,69.69,1510.41,42,Direct Debit,1,No,,,,,,,,,,,,
CUST04585,44,Male,Monthly,87.14,886.34,12,Debit Card,0,No,,,,,,,,,,,,
CUST04586,63,Female,Monthly,31.28,1515.75,17,Credit Card,0,No,,,,,,,,,,,,
CUST04587,40,Male,One Year,66.87,778.01,25,Bank Transfer,0,No,,,,,,,,,,,,
CUST04588,47,Female,Monthly,60.4,1749.9,26,Credit Card,1,No,,,,,,,,,,,,
CUST04589,62,Male,Two Year,62.68,2762.23,47,Bank Transfer,1,No,,,,,,,,,,,,
CUST04590,64,Male,One Year,76.33,1685.82,25,Debit Card,2,No,,,,,,,,,,,,
CUST04591,40,Male,Monthly,81.46,4342.35,60,Direct Debit,3,No,,,,,,,,,,,,
CUST04592,66,Female,One Year,71.83,5169.44,60,Debit Card,1,No,,,,,,,,,,,,
CUST04593,64,Male,Monthly,100.38,1994.69,27,Direct Debit,1,Yes,,,,,,,,,,,,
CUST04594,37,Female,Monthly,65.13,4462.45,43,Bank Transfer,2,No,,,,,,,,,,,,
CUST04595,35,Female,Monthly,44.16,1372.59,20,Direct Debit,0,No,,,,,,,,,,,,
CUST04596,35,Female,One Year,104.93,2620.15,63,Credit Card,3,No,,,,,,,,,,,,
CUST04597,19,Female,Monthly,117.69,2705.16,25,Credit Card,2,Yes,,,,,,,,,,,,
CUST04598,21,Male,Monthly,82.08,3318.09,27,Direct Debit,2,Yes,,,,,,,,,,,,
CUST04599,47,Male,Monthly,24.64,4599.11,52,Debit Card,0,No,,,,,,,,,,,,
CUST04600,50,Male,Monthly,77.04,256.16,10,Debit Card,0,No,,,,,,,,,,,,
CUST04601,80,Female,Monthly,56.52,4130.42,50,Direct Debit,1,No,,,,,,,,,,,,
CUST04602,53,Female,Monthly,99.24,1790.48,30,Debit Card,1,No,,,,,,,,,,,,
CUST04603,35,Male,Monthly,70.22,105.21,1,Debit Card,2,Yes,,,,,,,,,,,,
CUST04604,54,Male,Monthly,55.96,4044.83,54,Credit Card,2,No,,,,,,,,,,,,
CUST04605,36,Female,Monthly,68.74,224.96,4,Debit Card,2,No,,,,,,,,,,,,
CUST04606,64,Male,Two Year,90.79,497.43,7,Bank Transfer,5,No,,,,,,,,,,,,
CUST04607,45,Female,One Year,54.3,2559.82,30,Credit Card,1,No,,,,,,,,,,,,
CUST04608,57,Male,Monthly,76.1,3448.43,65,Direct Debit,1,No,,,,,,,,,,,,
CUST04609,37,Female,Two Year,33.27,2340.87,29,Debit Card,3,No,,,,,,,,,,,,
CUST04610,66,Male,Monthly,68.52,895.32,25,Direct Debit,1,No,,,,,,,,,,,,
CUST04611,50,Male,Monthly,32.63,2570.51,40,Credit Card,1,No,,,,,,,,,,,,
CUST04612,29,Male,Two Year,49.52,860.07,26,Direct Debit,0,No,,,,,,,,,,,,
CUST04613,75,Male,One Year,85.98,873.44,17,Direct Debit,3,No,,,,,,,,,,,,
CUST04614,68,Male,Two Year,53.33,2672.24,31,Direct Debit,3,No,,,,,,,,,,,,
CUST04615,32,Male,Two Year,56.08,3114.14,61,Debit Card,0,No,,,,,,,,,,,,
CUST04616,58,Female,Monthly,84.99,415.74,8,Credit Card,2,Yes,,,,,,,,,,,,
CUST04617,56,Male,Two Year,71.27,6287.95,69,Credit Card,2,No,,,,,,,,,,,,
CUST04618,19,Female,Two Year,34.27,68.27,1,Bank Transfer,4,No,,,,,,,,,,,,
CUST04619,80,Male,Monthly,59.65,2354.96,71,Credit Card,1,No,,,,,,,,,,,,
CUST04620,46,Female,Two Year,71.9,2806.59,46,Direct Debit,0,No,,,,,,,,,,,,
CUST04621,58,Female,Monthly,79.72,1421.58,20,Direct Debit,2,No,,,,,,,,,,,,
CUST04622,27,Male,One Year,63.03,3149.75,40,Credit Card,3,No,,,,,,,,,,,,
CUST04623,19,Male,Monthly,110,117.64,2,Debit Card,2,Yes,,,,,,,,,,,,
CUST04624,68,Male,Monthly,69.91,7238.08,61,Direct Debit,1,No,,,,,,,,,,,,
CUST04625,28,Male,One Year,37.63,4792.39,71,Debit Card,2,No,,,,,,,,,,,,
CUST04626,30,Female,Monthly,56.64,1058.46,30,Bank Transfer,1,No,,,,,,,,,,,,
CUST04627,27,Female,One Year,91.04,1748.56,30,Direct Debit,4,No,,,,,,,,,,,,
CUST04628,31,Female,Monthly,63.59,4262.12,45,Credit Card,0,No,,,,,,,,,,,,
CUST04629,35,Female,Monthly,73.33,1410.26,24,Direct Debit,1,No,,,,,,,,,,,,
CUST04630,68,Female,Monthly,65.61,3954.87,56,Direct Debit,3,Yes,,,,,,,,,,,,
CUST04631,71,Female,One Year,20,3806.5,61,Credit Card,6,No,,,,,,,,,,,,
CUST04632,26,Female,Two Year,58.31,272.01,13,Credit Card,0,No,,,,,,,,,,,,
CUST04633,74,Female,One Year,56.45,3100.13,56,Direct Debit,4,No,,,,,,,,,,,,
CUST04634,56,Male,One Year,103.02,810.88,15,Bank Transfer,3,No,,,,,,,,,,,,
CUST04635,45,Male,Monthly,95.28,1221.49,11,Credit Card,2,Yes,,,,,,,,,,,,
CUST04636,20,Female,Monthly,45.92,1180.33,12,Credit Card,2,No,,,,,,,,,,,,
CUST04637,37,Male,Monthly,30.13,135.28,3,Credit Card,3,No,,,,,,,,,,,,
CUST04638,23,Male,Two Year,79.27,752.49,24,Direct Debit,3,No,,,,,,,,,,,,
CUST04639,44,Male,One Year,71.45,709.6,9,Debit Card,2,No,,,,,,,,,,,,
CUST04640,70,Male,Monthly,72.12,3135.6,46,Debit Card,3,No,,,,,,,,,,,,
CUST04641,19,Female,Monthly,46.81,5110.67,71,Direct Debit,1,No,,,,,,,,,,,,
CUST04642,46,Male,Monthly,64.2,2930.84,60,Bank Transfer,1,No,,,,,,,,,,,,
CUST04643,55,Female,One Year,55,669.85,11,Bank Transfer,0,No,,,,,,,,,,,,
CUST04644,20,Female,Monthly,41.67,548.73,10,Direct Debit,1,No,,,,,,,,,,,,
CUST04645,33,Male,One Year,63.14,117.4,3,Credit Card,2,Yes,,,,,,,,,,,,
CUST04646,47,Female,Monthly,66.95,1265.44,19,Direct Debit,2,No,,,,,,,,,,,,
CUST04647,57,Female,Monthly,35.1,140.73,2,Credit Card,1,No,,,,,,,,,,,,
CUST04648,19,Male,Two Year,61.74,613.26,17,Debit Card,0,No,,,,,,,,,,,,
CUST04649,34,Male,Monthly,47.63,131.78,2,Debit Card,0,No,,,,,,,,,,,,
CUST04650,58,Male,Two Year,67.77,2483.98,53,Direct Debit,2,No,,,,,,,,,,,,
CUST04651,79,Female,Monthly,60.89,1020.47,16,Unknown,1,No,,,,,,,,,,,,
CUST04652,29,Female,Monthly,103.7,655.24,10,Credit Card,2,Yes,,,,,,,,,,,,
CUST04653,52,Male,Monthly,70.36,7066.35,68,Credit Card,5,No,,,,,,,,,,,,
CUST04654,60,Male,One Year,53.9,3013.63,43,Debit Card,3,No,,,,,,,,,,,,
CUST04655,18,Male,One Year,91.23,2907.98,58,Bank Transfer,2,No,,,,,,,,,,,,
CUST04656,72,Female,Monthly,28.9,5535.44,60,Bank Transfer,0,No,,,,,,,,,,,,
CUST04657,62,Male,Monthly,75.59,709.66,24,Direct Debit,0,No,,,,,,,,,,,,
CUST04658,32,Female,One Year,73.97,1204.25,16,Direct Debit,0,No,,,,,,,,,,,,
CUST04659,43,Male,Monthly,76.33,709.45,9,Bank Transfer,3,Yes,,,,,,,,,,,,
CUST04660,54,Female,Monthly,59.19,475.74,6,Bank Transfer,2,No,,,,,,,,,,,,
CUST04661,38,Female,Monthly,83.44,3563.34,65,Credit Card,2,No,,,,,,,,,,,,
CUST04662,79,Female,One Year,77.99,2016.2,24,Direct Debit,2,No,,,,,,,,,,,,
CUST04663,66,Male,Monthly,89.05,841.5,10,Credit Card,0,No,,,,,,,,,,,,
CUST04664,80,Female,Monthly,52.63,2288.84,27,Debit Card,1,No,,,,,,,,,,,,
CUST04665,48,Male,Monthly,92.08,160.85,3,Bank Transfer,2,No,,,,,,,,,,,,
CUST04666,42,Male,Monthly,59.14,3372.23,38,Direct Debit,3,No,,,,,,,,,,,,
CUST04667,40,Female,Monthly,31.35,984.71,17,Bank Transfer,4,No,,,,,,,,,,,,
CUST04668,41,Female,Two Year,108.05,1392.51,48,Direct Debit,1,No,,,,,,,,,,,,
CUST04669,74,Female,Monthly,87.09,5453.64,49,Credit Card,0,No,,,,,,,,,,,,
CUST04670,55,Male,Monthly,108.4,3904.09,43,Bank Transfer,1,No,,,,,,,,,,,,
CUST04671,45,Female,Monthly,60.26,791.93,7,Debit Card,6,Yes,,,,,,,,,,,,
CUST04672,38,Female,Two Year,91.08,4406.18,68,Direct Debit,2,No,,,,,,,,,,,,
CUST04673,71,Female,Monthly,86.57,2016.08,21,Debit Card,1,No,,,,,,,,,,,,
CUST04674,60,Female,Two Year,62.57,2063,25,Debit Card,1,No,,,,,,,,,,,,
CUST04675,35,Female,Monthly,38.28,3652.23,61,Credit Card,2,No,,,,,,,,,,,,
CUST04676,53,Male,Monthly,78.63,1117.8,28,Debit Card,0,No,,,,,,,,,,,,
CUST04677,52,Female,Monthly,71.54,4269.91,52,Credit Card,2,No,,,,,,,,,,,,
CUST04678,62,Female,One Year,72.89,873.93,13,Debit Card,0,No,,,,,,,,,,,,
CUST04679,72,Female,One Year,69.07,2282.63,34,Credit Card,2,No,,,,,,,,,,,,
CUST04680,26,Male,Monthly,60.93,4554.67,67,Debit Card,3,No,,,,,,,,,,,,
CUST04681,70,Male,Monthly,58.32,251.31,4,Credit Card,3,No,,,,,,,,,,,,
CUST04682,55,Male,Monthly,85.3,2716.62,44,Debit Card,2,No,,,,,,,,,,,,
CUST04683,75,Female,Monthly,20,1210.99,15,Credit Card,4,No,,,,,,,,,,,,
CUST04684,47,Female,Monthly,37.5,168.07,8,Debit Card,3,No,,,,,,,,,,,,
CUST04685,77,Male,Monthly,28.8,193.03,5,Debit Card,0,No,,,,,,,,,,,,
CUST04686,61,Female,One Year,30,1799.21,66,Direct Debit,0,No,,,,,,,,,,,,
CUST04687,51,Female,Monthly,67.34,1462.42,46,Bank Transfer,1,No,,,,,,,,,,,,
CUST04688,49,Female,Monthly,79.96,4680.34,65,Credit Card,4,No,,,,,,,,,,,,
CUST04689,20,Male,Monthly,79.25,5079.61,66,Direct Debit,6,No,,,,,,,,,,,,
CUST04690,20,Female,Monthly,45.63,1944.68,26,Debit Card,0,No,,,,,,,,,,,,
CUST04691,45,Male,Monthly,36.56,1520.37,31,Direct Debit,1,No,,,,,,,,,,,,
CUST04692,61,Female,Monthly,72.65,1722.22,51,Debit Card,1,No,,,,,,,,,,,,
CUST04693,32,Male,Monthly,71.9,3192.35,41,Bank Transfer,1,No,,,,,,,,,,,,
CUST04694,58,Male,Two Year,83.33,3500.41,51,Bank Transfer,5,No,,,,,,,,,,,,
CUST04695,80,Female,Monthly,41.36,1567.6,19,Direct Debit,0,No,,,,,,,,,,,,
CUST04696,40,Male,Monthly,67.4125,120.28,3,Credit Card,1,Yes,,,,,,,,,,,,
CUST04697,57,Male,Two Year,72.76,2805.52,38,Direct Debit,5,No,,,,,,,,,,,,
CUST04698,28,Female,Monthly,42.08,4972.98,70,Bank Transfer,2,No,,,,,,,,,,,,
CUST04699,65,Female,Two Year,57.66,1905.49,45,Direct Debit,1,No,,,,,,,,,,,,
CUST04700,49,Female,Monthly,48.68,3827.81,71,Bank Transfer,4,Yes,,,,,,,,,,,,
CUST04701,75,Male,One Year,50.3,2094.61,41,Bank Transfer,1,No,,,,,,,,,,,,
CUST04702,76,Male,One Year,84.38,1317.94,25,Direct Debit,1,No,,,,,,,,,,,,
CUST04703,74,Male,Two Year,76.72,4419.81,50,Direct Debit,2,No,,,,,,,,,,,,
CUST04704,71,Male,One Year,48.23,79.01,1,Debit Card,2,No,,,,,,,,,,,,
CUST04705,53,Female,Monthly,57.56,2585.78,54,Bank Transfer,1,No,,,,,,,,,,,,
CUST04706,77,Male,One Year,82.27,788.24,13,Bank Transfer,1,No,,,,,,,,,,,,
CUST04707,50,Male,Monthly,24.28,3476.06,40,Debit Card,3,No,,,,,,,,,,,,
CUST04708,41,Male,One Year,82.53,492.38,21,Direct Debit,0,No,,,,,,,,,,,,
CUST04709,56,Male,Monthly,104.86,3373.42,41,Credit Card,3,No,,,,,,,,,,,,
CUST04710,51,Female,One Year,72.7,6092.46,61,Credit Card,2,No,,,,,,,,,,,,
CUST04711,73,Female,One Year,57.33,2305.36,33,Direct Debit,2,No,,,,,,,,,,,,
CUST04712,45,Male,Two Year,40.06,1593.13,29,Bank Transfer,0,No,,,,,,,,,,,,
CUST04713,54,Male,Monthly,20,2318.56,55,Debit Card,2,No,,,,,,,,,,,,
CUST04714,24,Male,One Year,58.6,614.48,32,Bank Transfer,0,No,,,,,,,,,,,,
CUST04715,21,Female,Monthly,80.29,649.38,11,Direct Debit,5,Yes,,,,,,,,,,,,
CUST04716,49,Female,Monthly,68.16,4260.75,52,Credit Card,7,No,,,,,,,,,,,,
CUST04717,73,Male,Monthly,88.18,2549.82,36,Bank Transfer,0,Yes,,,,,,,,,,,,
CUST04718,18,Male,One Year,71.03,2527.58,31,Direct Debit,0,No,,,,,,,,,,,,
CUST04719,18,Female,One Year,50,990.56,14,Debit Card,2,No,,,,,,,,,,,,
CUST04720,49,Female,One Year,94.76,3045.47,63,Bank Transfer,0,No,,,,,,,,,,,,
CUST04721,37,Female,Monthly,76.38,5190.83,52,Credit Card,1,No,,,,,,,,,,,,
CUST04722,36,Male,One Year,38.48,3818.81,54,Direct Debit,0,No,,,,,,,,,,,,
CUST04723,46,Male,Monthly,49.25,1833.8,50,Direct Debit,0,No,,,,,,,,,,,,
CUST04724,27,Male,Monthly,61.78,2581.1,54,Debit Card,2,Yes,,,,,,,,,,,,
CUST04725,77,Female,Monthly,99.82,2016.25,35,Credit Card,1,No,,,,,,,,,,,,
CUST04726,35,Female,One Year,84.8,2944.49,30,Bank Transfer,4,Yes,,,,,,,,,,,,
CUST04727,45,Male,Monthly,49.74,4845.91,55,Bank Transfer,1,No,,,,,,,,,,,,
CUST04728,52,Male,Monthly,120,47.45,1,Direct Debit,0,No,,,,,,,,,,,,
CUST04729,60,Male,One Year,86.67,1873.29,15,Credit Card,3,No,,,,,,,,,,,,
CUST04730,64,Male,Monthly,37.41,2176.81,25,Credit Card,1,No,,,,,,,,,,,,
CUST04731,48,Male,Two Year,64,729.61,20,Credit Card,1,No,,,,,,,,,,,,
CUST04732,44,Female,Monthly,61.35,4448.62,71,Debit Card,1,No,,,,,,,,,,,,
CUST04733,79,Male,Monthly,43.35,921.34,16,Credit Card,2,No,,,,,,,,,,,,
CUST04734,28,Male,Two Year,97.12,2163.95,52,Direct Debit,1,No,,,,,,,,,,,,
CUST04735,66,Female,Monthly,63.5,6546.35,65,Credit Card,2,Yes,,,,,,,,,,,,
CUST04736,66,Male,One Year,89.09,4702.98,70,Bank Transfer,1,No,,,,,,,,,,,,
CUST04737,55,Male,Monthly,66.37,85.75,1,Debit Card,3,No,,,,,,,,,,,,
CUST04738,22,Male,Monthly,56.82,1076.99,16,Bank Transfer,5,Yes,,,,,,,,,,,,
CUST04739,25,Female,One Year,58.36,1419.93,27,Direct Debit,3,No,,,,,,,,,,,,
CUST04740,51,Female,Monthly,62.36,979.45,18,Bank Transfer,2,No,,,,,,,,,,,,
CUST04741,65,Male,Two Year,55.62,2947.7,44,Unknown,4,No,,,,,,,,,,,,
CUST04742,69,Female,Monthly,70.79,2957.43,50,Credit Card,1,No,,,,,,,,,,,,
CUST04743,73,Male,Monthly,52.8,924.66,14,Direct Debit,0,No,,,,,,,,,,,,
CUST04744,29,Female,One Year,43.61,2887.2,52,Direct Debit,1,No,,,,,,,,,,,,
CUST04745,55,Female,Monthly,61.48,2041.82,50,Credit Card,1,No,,,,,,,,,,,,
CUST04746,18,Female,Monthly,25.59,1100.09,17,Direct Debit,2,No,,,,,,,,,,,,
CUST04747,48,Male,Two Year,90.92,81.85,3,Bank Transfer,1,No,,,,,,,,,,,,
CUST04748,21,Female,One Year,81.09,5324.15,62,Bank Transfer,1,No,,,,,,,,,,,,
CUST04749,66,Female,Monthly,56.56,1606.77,21,Direct Debit,3,Yes,,,,,,,,,,,,
CUST04750,62,Female,One Year,26.72,1993.87,33,Credit Card,1,No,,,,,,,,,,,,
CUST04751,67,Female,Two Year,69.14,25.87,1,Direct Debit,2,No,,,,,,,,,,,,
CUST04752,22,Male,Monthly,74.65,4818.63,70,Debit Card,1,No,,,,,,,,,,,,
CUST04753,47,Male,Monthly,79.77,4049.6,56,Bank Transfer,0,No,,,,,,,,,,,,
CUST04754,73,Male,Monthly,45.33,331.81,4,Debit Card,0,No,,,,,,,,,,,,
CUST04755,41,Male,Two Year,70.75,951.16,22,Direct Debit,0,No,,,,,,,,,,,,
CUST04756,76,Female,One Year,101.96,4099.64,58,Debit Card,1,No,,,,,,,,,,,,
CUST04757,20,Female,One Year,49.75,4737.8,44,Debit Card,2,No,,,,,,,,,,,,
CUST04758,28,Female,Two Year,91.55,3036.59,57,Direct Debit,1,No,,,,,,,,,,,,
CUST04759,62,Male,Monthly,68.52,3575.71,40,Credit Card,2,No,,,,,,,,,,,,
CUST04760,21,Male,Monthly,67.07,3600.12,56,Debit Card,4,No,,,,,,,,,,,,
CUST04761,43,Female,Monthly,72.56,4434.78,63,Bank Transfer,1,No,,,,,,,,,,,,
CUST04762,44,Male,Monthly,55.17,2653.6,39,Credit Card,0,No,,,,,,,,,,,,
CUST04763,63,Male,One Year,69.12,403.45,7,Direct Debit,1,No,,,,,,,,,,,,
CUST04764,71,Female,One Year,90.06,996.94,14,Direct Debit,1,No,,,,,,,,,,,,
CUST04765,60,Female,Monthly,88,1641.2,18,Credit Card,2,No,,,,,,,,,,,,
CUST04766,44,Male,Monthly,88.69,5180.34,55,Direct Debit,2,No,,,,,,,,,,,,
CUST04767,59,Female,One Year,58.68,4825.5,56,Bank Transfer,2,No,,,,,,,,,,,,
CUST04768,68,Female,Monthly,72.26,3127.13,57,Debit Card,4,No,,,,,,,,,,,,
CUST04769,67,Female,Monthly,107.44,4514.03,58,Credit Card,2,No,,,,,,,,,,,,
CUST04770,23,Female,One Year,52.09,2660.71,25,Direct Debit,1,No,,,,,,,,,,,,
CUST04771,76,Male,Monthly,60.42,3607.44,70,Debit Card,1,No,,,,,,,,,,,,
CUST04772,78,Female,Two Year,45.11,169.36,3,Credit Card,1,Yes,,,,,,,,,,,,
CUST04773,32,Male,Monthly,68.44,984.23,21,Direct Debit,1,Yes,,,,,,,,,,,,
CUST04774,70,Male,One Year,85.94,2267.21,32,Bank Transfer,2,No,,,,,,,,,,,,
CUST04775,47,Female,One Year,105.02,162.13,2,Direct Debit,5,Yes,,,,,,,,,,,,
CUST04776,59,Female,Monthly,50.48,2010.94,20,Direct Debit,5,No,,,,,,,,,,,,
CUST04777,54,Female,Monthly,54.96,838.34,18,Credit Card,3,No,,,,,,,,,,,,
CUST04778,75,Female,Monthly,103.26,3152.9,54,Direct Debit,3,No,,,,,,,,,,,,
CUST04779,78,Female,Monthly,20,3565.41,36,Direct Debit,1,No,,,,,,,,,,,,
CUST04780,54,Female,Monthly,52.92,1303.36,61,Bank Transfer,0,No,,,,,,,,,,,,
CUST04781,59,Male,One Year,86.02,3211.36,60,Direct Debit,2,No,,,,,,,,,,,,
CUST04782,77,Male,One Year,31.41,3059.76,36,Debit Card,4,No,,,,,,,,,,,,
CUST04783,54,Male,One Year,49.37,1273.21,44,Debit Card,9,No,,,,,,,,,,,,
CUST04784,52,Male,Monthly,89.93,3138.15,68,Bank Transfer,1,No,,,,,,,,,,,,
CUST04785,40,Male,One Year,29.16,5611.25,66,Direct Debit,3,No,,,,,,,,,,,,
CUST04786,23,Female,Monthly,20,1202.09,44,Credit Card,1,No,,,,,,,,,,,,
CUST04787,21,Female,Two Year,77.3,557.38,29,Debit Card,0,No,,,,,,,,,,,,
CUST04788,35,Female,Two Year,99.07,3505.34,48,Direct Debit,2,No,,,,,,,,,,,,
CUST04789,77,Female,One Year,92.71,3660.01,36,Credit Card,1,No,,,,,,,,,,,,
CUST04790,26,Female,One Year,20,717.59,8,Bank Transfer,7,Yes,,,,,,,,,,,,
CUST04791,66,Male,Monthly,99.3,103.49,5,Debit Card,0,Yes,,,,,,,,,,,,
CUST04792,46,Male,Monthly,61.83,4394.91,47,Debit Card,1,No,,,,,,,,,,,,
CUST04793,30,Male,Two Year,55.39,2534.95,43,Credit Card,1,No,,,,,,,,,,,,
CUST04794,76,Female,Monthly,52.23,579.37,10,Credit Card,4,Yes,,,,,,,,,,,,
CUST04795,64,Male,Monthly,76.69,533.5,10,Bank Transfer,2,No,,,,,,,,,,,,
CUST04796,79,Female,Two Year,74.94,430.43,6,Debit Card,3,No,,,,,,,,,,,,
CUST04797,69,Female,One Year,97.55,1287.18,16,Debit Card,2,No,,,,,,,,,,,,
CUST04798,34,Male,Monthly,58.33,6098.86,60,Credit Card,4,Yes,,,,,,,,,,,,
CUST04799,62,Male,Monthly,60.45,1529.35,26,Debit Card,3,No,,,,,,,,,,,,
CUST04800,49,Female,Monthly,82.13,1237.54,21,Direct Debit,1,No,,,,,,,,,,,,
CUST04801,65,Male,One Year,53.85,4454.06,58,Debit Card,1,No,,,,,,,,,,,,
CUST04802,39,Female,Monthly,67.4125,2157.76,41,Debit Card,2,No,,,,,,,,,,,,
CUST04803,21,Female,Two Year,41.52,2221.27,30,Credit Card,1,No,,,,,,,,,,,,
CUST04804,22,Female,One Year,111.22,193.6,5,Debit Card,5,No,,,,,,,,,,,,
CUST04805,54,Female,Monthly,110.52,1162.7,10,Direct Debit,5,Yes,,,,,,,,,,,,
CUST04806,58,Female,Monthly,56.33,1199.25,11,Bank Transfer,2,No,,,,,,,,,,,,
CUST04807,66,Female,Monthly,61.5,3769.96,63,Bank Transfer,2,No,,,,,,,,,,,,
CUST04808,30,Male,Two Year,72.76,406.94,7,Bank Transfer,2,No,,,,,,,,,,,,
CUST04809,51,Female,Monthly,59.18,4167.54,59,Credit Card,4,No,,,,,,,,,,,,
CUST04810,62,Male,Two Year,49.68,685.05,12,Debit Card,2,No,,,,,,,,,,,,
CUST04811,39,Male,Monthly,73.35,3365.29,64,Bank Transfer,1,No,,,,,,,,,,,,
CUST04812,70,Male,Monthly,32.94,3011.07,41,Bank Transfer,2,No,,,,,,,,,,,,
CUST04813,76,Female,Two Year,100.48,1863.14,60,Bank Transfer,0,No,,,,,,,,,,,,
CUST04814,40,Male,Monthly,98.2,7069.55,72,Debit Card,1,No,,,,,,,,,,,,
CUST04815,68,Male,One Year,95.72,2944.57,28,Credit Card,3,No,,,,,,,,,,,,
CUST04816,20,Female,Monthly,94.07,6080.04,63,Direct Debit,4,No,,,,,,,,,,,,
CUST04817,59,Female,One Year,76.15,261.29,3,Debit Card,4,No,,,,,,,,,,,,
CUST04818,51,Female,Two Year,43.02,2264.41,32,Bank Transfer,0,Yes,,,,,,,,,,,,
CUST04819,49,Female,Two Year,44.58,865.21,21,Debit Card,0,No,,,,,,,,,,,,
CUST04820,62,Female,Monthly,49.66,2499.5,55,Direct Debit,3,No,,,,,,,,,,,,
CUST04821,68,Female,Monthly,80.54,857.45,18,Direct Debit,3,No,,,,,,,,,,,,
CUST04822,75,Male,Monthly,44.3,4507.74,53,Bank Transfer,3,No,,,,,,,,,,,,
CUST04823,66,Female,Monthly,68.14,2758.26,61,Bank Transfer,1,No,,,,,,,,,,,,
CUST04824,38,Female,One Year,82.03,3298.37,50,Direct Debit,1,No,,,,,,,,,,,,
CUST04825,63,Male,Monthly,68.06,645.1,8,Bank Transfer,2,No,,,,,,,,,,,,
CUST04826,80,Male,Monthly,66.54,800.42,12,Direct Debit,2,No,,,,,,,,,,,,
CUST04827,61,Male,One Year,116.78,3292.65,51,Debit Card,3,No,,,,,,,,,,,,
CUST04828,38,Female,One Year,61.17,7867.66,66,Credit Card,1,No,,,,,,,,,,,,
CUST04829,61,Male,Two Year,77.22,2388.26,41,Direct Debit,2,No,,,,,,,,,,,,
CUST04830,28,Female,Monthly,94.08,1642.33,22,Direct Debit,0,Yes,,,,,,,,,,,,
CUST04831,56,Female,Monthly,86.9,790.53,9,Bank Transfer,3,Yes,,,,,,,,,,,,
CUST04832,21,Female,Monthly,87.85,936.94,11,Direct Debit,4,Yes,,,,,,,,,,,,
CUST04833,49,Female,Monthly,74.15,1062.45,13,Direct Debit,0,No,,,,,,,,,,,,
CUST04834,18,Male,Monthly,66.55,3832.1,56,Credit Card,4,No,,,,,,,,,,,,
CUST04835,45,Male,Two Year,35.35,1906.92,28,Bank Transfer,0,Yes,,,,,,,,,,,,
CUST04836,80,Male,Monthly,104.51,2140.21,64,Bank Transfer,0,No,,,,,,,,,,,,
CUST04837,41,Female,Monthly,59.8,6191.22,64,Direct Debit,2,No,,,,,,,,,,,,
CUST04838,78,Male,Monthly,87.92,3896.89,70,Debit Card,2,No,,,,,,,,,,,,
CUST04839,52,Male,Monthly,64.56,4602.88,55,Credit Card,1,No,,,,,,,,,,,,
CUST04840,30,Male,Monthly,120,2473.14,37,Credit Card,1,No,,,,,,,,,,,,
CUST04841,64,Female,Monthly,53.74,3650.72,33,Credit Card,2,Yes,,,,,,,,,,,,
CUST04842,51,Male,Monthly,116.48,1392.19,25,Debit Card,2,Yes,,,,,,,,,,,,
CUST04843,28,Female,Monthly,67.85,2720.64,23,Debit Card,3,Yes,,,,,,,,,,,,
CUST04844,53,Male,Monthly,80.76,4080.06,60,Direct Debit,1,No,,,,,,,,,,,,
CUST04845,68,Female,One Year,72,4818.72,56,Credit Card,1,No,,,,,,,,,,,,
CUST04846,78,Male,Monthly,101.16,4775.2,63,Debit Card,1,No,,,,,,,,,,,,
CUST04847,34,Female,Monthly,63.96,798.76,8,Debit Card,1,No,,,,,,,,,,,,
CUST04848,52,Female,Two Year,78.05,1001.5,17,Bank Transfer,0,No,,,,,,,,,,,,
CUST04849,77,Male,Monthly,66.56,4598.74,57,Debit Card,1,No,,,,,,,,,,,,
CUST04850,35,Female,One Year,72.92,3828.09,62,Credit Card,2,Yes,,,,,,,,,,,,
CUST04851,57,Female,Two Year,51.16,773.64,11,Debit Card,4,No,,,,,,,,,,,,
CUST04852,39,Female,Monthly,20,3423.9,67,Bank Transfer,4,No,,,,,,,,,,,,
CUST04853,74,Female,Two Year,70.02,748.72,40,Credit Card,0,No,,,,,,,,,,,,
CUST04854,41,Male,Two Year,114.13,2881.14,40,Debit Card,3,No,,,,,,,,,,,,
CUST04855,75,Female,Monthly,52.33,6208.61,56,Direct Debit,1,No,,,,,,,,,,,,
CUST04856,36,Female,Two Year,85.81,2712.1,53,Debit Card,2,No,,,,,,,,,,,,
CUST04857,54,Female,Monthly,40.94,2459.7,28,Direct Debit,3,Yes,,,,,,,,,,,,
CUST04858,56,Female,Monthly,53.52,1691.48,42,Direct Debit,0,No,,,,,,,,,,,,
CUST04859,38,Male,One Year,60.97,2353.43,46,Debit Card,0,No,,,,,,,,,,,,
CUST04860,25,Female,Two Year,64.4,1040.7,18,Direct Debit,1,No,,,,,,,,,,,,
CUST04861,45,Female,One Year,91.2,1534.3,23,Credit Card,0,No,,,,,,,,,,,,
CUST04862,22,Male,Monthly,33.12,2466.27,26,Credit Card,1,No,,,,,,,,,,,,
CUST04863,34,Female,Monthly,62.05,913.72,29,Direct Debit,1,No,,,,,,,,,,,,
CUST04864,54,Female,One Year,57.88,3133.16,52,Debit Card,3,No,,,,,,,,,,,,
CUST04865,53,Male,Monthly,44.08,2856.99,46,Credit Card,2,No,,,,,,,,,,,,
CUST04866,71,Male,Two Year,54.93,47.5,1,Direct Debit,2,No,,,,,,,,,,,,
CUST04867,36,Female,Monthly,77.2,3507.82,63,Credit Card,2,No,,,,,,,,,,,,
CUST04868,80,Male,Monthly,72.88,1285.98,16,Debit Card,3,Yes,,,,,,,,,,,,
CUST04869,44,Male,Monthly,67.32,1894.37,25,Credit Card,4,Yes,,,,,,,,,,,,
CUST04870,70,Male,Monthly,38.27,4104.09,62,Bank Transfer,1,No,,,,,,,,,,,,
CUST04871,51,Male,One Year,63.81,568.08,16,Debit Card,0,No,,,,,,,,,,,,
CUST04872,28,Female,Monthly,88.84,4572.46,69,Direct Debit,1,No,,,,,,,,,,,,
CUST04873,71,Male,One Year,37.99,5856.39,70,Direct Debit,6,No,,,,,,,,,,,,
CUST04874,62,Female,Monthly,56.68,1248.36,34,Bank Transfer,1,No,,,,,,,,,,,,
CUST04875,64,Female,Monthly,41.27,2915.38,53,Debit Card,2,No,,,,,,,,,,,,
CUST04876,29,Female,One Year,49.21,926.29,23,Direct Debit,0,No,,,,,,,,,,,,
CUST04877,71,Male,Monthly,59.8,2104.41,43,Bank Transfer,2,No,,,,,,,,,,,,
CUST04878,38,Female,One Year,53.5,2631.88,44,Bank Transfer,2,No,,,,,,,,,,,,
CUST04879,71,Male,One Year,47.01,1707.49,32,Credit Card,0,No,,,,,,,,,,,,
CUST04880,28,Male,One Year,70.93,1022.9,23,Credit Card,1,No,,,,,,,,,,,,
CUST04881,56,Female,Monthly,29.66,1452.37,20,Debit Card,4,No,,,,,,,,,,,,
CUST04882,45,Female,Two Year,99.77,589.71,19,Bank Transfer,0,No,,,,,,,,,,,,
CUST04883,22,Female,Two Year,58.11,7139.47,72,Credit Card,3,No,,,,,,,,,,,,
CUST04884,34,Female,Monthly,58.9,1776.41,29,Credit Card,4,No,,,,,,,,,,,,
CUST04885,73,Female,One Year,62.74,1050.74,18,Credit Card,4,No,,,,,,,,,,,,
CUST04886,37,Female,Monthly,51.26,4376.38,69,Credit Card,1,No,,,,,,,,,,,,
CUST04887,58,Female,Monthly,95.93,572.76,12,Credit Card,0,Yes,,,,,,,,,,,,
CUST04888,63,Male,Monthly,67.65,905.1,10,Debit Card,3,Yes,,,,,,,,,,,,
CUST04889,75,Male,Two Year,20,2610.11,37,Direct Debit,2,Yes,,,,,,,,,,,,
CUST04890,29,Female,One Year,44.14,1055.86,55,Bank Transfer,0,No,,,,,,,,,,,,
CUST04891,23,Female,Monthly,56.55,165.08,4,Bank Transfer,7,No,,,,,,,,,,,,
CUST04892,34,Male,Monthly,74.83,3601.55,63,Credit Card,1,No,,,,,,,,,,,,
CUST04893,68,Male,Two Year,93.37,839.68,12,Credit Card,3,No,,,,,,,,,,,,
CUST04894,36,Male,Monthly,67.17,1730.16,18,Debit Card,0,No,,,,,,,,,,,,
CUST04895,43,Female,Monthly,93.79,553.62,8,Debit Card,3,Yes,,,,,,,,,,,,
CUST04896,65,Female,Two Year,81.27,2978.74,32,Direct Debit,1,No,,,,,,,,,,,,
CUST04897,61,Female,One Year,113.67,4100.59,49,Credit Card,4,No,,,,,,,,,,,,
CUST04898,61,Female,Monthly,60,7504.23,63,Direct Debit,3,No,,,,,,,,,,,,
CUST04899,69,Female,Monthly,53.13,3368.76,59,Debit Card,1,No,,,,,,,,,,,,
CUST04900,49,Male,Two Year,64.18,3644.88,67,Direct Debit,1,No,,,,,,,,,,,,
CUST04901,23,Male,Two Year,56.98,2580.05,39,Debit Card,4,No,,,,,,,,,,,,
CUST04902,80,Male,Monthly,87,2709.72,50,Direct Debit,1,Yes,,,,,,,,,,,,
CUST04903,72,Female,Monthly,46.78,6401.23,71,Debit Card,1,Yes,,,,,,,,,,,,
CUST04904,75,Male,Monthly,40.8,1259,26,Debit Card,1,No,,,,,,,,,,,,
CUST04905,53,Female,Monthly,64.38,886.94,23,Direct Debit,1,No,,,,,,,,,,,,
CUST04906,55,Female,One Year,98.75,3937.46,63,Debit Card,1,No,,,,,,,,,,,,
CUST04907,28,Male,Monthly,75.09,6977.53,66,Direct Debit,4,No,,,,,,,,,,,,
CUST04908,50,Female,One Year,83.03,2727.56,39,Credit Card,3,No,,,,,,,,,,,,
CUST04909,79,Female,One Year,98.15,5242.32,66,Credit Card,2,No,,,,,,,,,,,,
CUST04910,41,Male,One Year,69.4,4571.82,46,Debit Card,3,No,,,,,,,,,,,,
CUST04911,40,Male,Two Year,62.44,1119.07,15,Bank Transfer,3,No,,,,,,,,,,,,
CUST04912,32,Female,Monthly,99.07,960.22,16,Bank Transfer,3,Yes,,,,,,,,,,,,
CUST04913,44,Male,Monthly,83.47,7494.58,72,Credit Card,4,No,,,,,,,,,,,,
CUST04914,28,Male,One Year,51.78,1307.18,16,Bank Transfer,3,No,,,,,,,,,,,,
CUST04915,74,Female,One Year,54.16,1971.76,39,Credit Card,1,No,,,,,,,,,,,,
CUST04916,68,Female,Monthly,61.04,643.04,11,Direct Debit,1,No,,,,,,,,,,,,
CUST04917,67,Male,Two Year,87.43,2308.97,36,Debit Card,1,No,,,,,,,,,,,,
CUST04918,34,Female,Monthly,51.7,1510.42,18,Credit Card,1,No,,,,,,,,,,,,
CUST04919,68,Female,Monthly,73.94,1129.29,23,Debit Card,4,No,,,,,,,,,,,,
CUST04920,70,Male,Monthly,78.41,3381.96,49,Direct Debit,0,No,,,,,,,,,,,,
CUST04921,31,Female,Two Year,65.02,3284.11,42,Debit Card,2,No,,,,,,,,,,,,
CUST04922,44,Male,Monthly,75.14,2785.13,44,Debit Card,1,No,,,,,,,,,,,,
CUST04923,35,Male,Monthly,70.8,73.71,1,Bank Transfer,0,No,,,,,,,,,,,,
CUST04924,45,Female,Two Year,81.21,490.16,7,Direct Debit,0,No,,,,,,,,,,,,
CUST04925,68,Female,One Year,63.55,4204.34,48,Debit Card,4,No,,,,,,,,,,,,
CUST04926,64,Male,Two Year,69.26,935.92,16,Credit Card,0,No,,,,,,,,,,,,
CUST04927,80,Female,Monthly,91.28,3285.15,48,Bank Transfer,2,No,,,,,,,,,,,,
CUST04928,64,Female,Monthly,20,3651.84,43,Debit Card,4,No,,,,,,,,,,,,
CUST04929,21,Female,Monthly,81.16,1048.24,51,Credit Card,1,Yes,,,,,,,,,,,,
CUST04930,24,Male,One Year,77.52,4971.26,66,Bank Transfer,1,No,,,,,,,,,,,,
CUST04931,62,Female,One Year,95.82,2505.72,31,Bank Transfer,5,No,,,,,,,,,,,,
CUST04932,52,Male,One Year,77.5,3956.88,39,Bank Transfer,2,No,,,,,,,,,,,,
CUST04933,65,Male,One Year,51.01,750.04,9,Direct Debit,4,No,,,,,,,,,,,,
CUST04934,80,Female,Monthly,66.1,1964.54,41,Debit Card,1,No,,,,,,,,,,,,
CUST04935,26,Female,One Year,49.41,4483.38,63,Bank Transfer,1,No,,,,,,,,,,,,
CUST04936,25,Female,Monthly,94.13,682.04,14,Credit Card,0,No,,,,,,,,,,,,
CUST04937,69,Male,Monthly,21.63,5575.35,58,Direct Debit,4,No,,,,,,,,,,,,
CUST04938,62,Male,Monthly,32.42,1273.58,64,Credit Card,0,No,,,,,,,,,,,,
CUST04939,34,Female,One Year,36.44,888.92,28,Direct Debit,0,No,,,,,,,,,,,,
CUST04940,34,Male,Two Year,38.49,142.33,4,Debit Card,3,No,,,,,,,,,,,,
CUST04941,66,Female,Monthly,63.75,1309.46,34,Debit Card,1,No,,,,,,,,,,,,
CUST04942,50,Male,Monthly,61.82,240.01,4,Debit Card,3,Yes,,,,,,,,,,,,
CUST04943,49,Female,Monthly,76.58,4459.08,70,Direct Debit,0,No,,,,,,,,,,,,
CUST04944,25,Female,Two Year,26.36,4509.65,58,Direct Debit,3,No,,,,,,,,,,,,
CUST04945,36,Female,One Year,52.03,100.59,4,Direct Debit,3,Yes,,,,,,,,,,,,
CUST04946,80,Female,Two Year,66.71,2802.81,50,Direct Debit,1,No,,,,,,,,,,,,
CUST04947,55,Female,Two Year,50.12,307.16,5,Credit Card,6,No,,,,,,,,,,,,
CUST04948,20,Male,Monthly,38.5,2196.19,45,Debit Card,1,No,,,,,,,,,,,,
CUST04949,76,Male,Monthly,82.97,1296.13,35,Debit Card,0,No,,,,,,,,,,,,
CUST04950,22,Female,Monthly,80.64,2261.71,27,Direct Debit,1,No,,,,,,,,,,,,
CUST04951,30,Male,Monthly,28.51,171.3,2,Debit Card,4,No,,,,,,,,,,,,
CUST04952,64,Female,Monthly,62.32,1578.4,54,Bank Transfer,1,No,,,,,,,,,,,,
CUST04953,63,Male,Monthly,54.37,4162.25,72,Credit Card,0,No,,,,,,,,,,,,
CUST04954,78,Male,One Year,106.47,2761.5,48,Direct Debit,0,No,,,,,,,,,,,,
CUST04955,48,Female,Monthly,33.57,5020.94,49,Direct Debit,3,No,,,,,,,,,,,,
CUST04956,72,Female,Monthly,55.4,31.48,1,Bank Transfer,5,No,,,,,,,,,,,,
CUST04957,33,Female,One Year,86.3,1808.47,33,Direct Debit,3,No,,,,,,,,,,,,
CUST04958,67,Female,Monthly,62.81,3213.19,35,Debit Card,0,No,,,,,,,,,,,,
CUST04959,49,Female,One Year,86.11,3139.17,54,Credit Card,0,No,,,,,,,,,,,,
CUST04960,39,Male,One Year,30.39,4919.11,56,Direct Debit,2,No,,,,,,,,,,,,
CUST04961,46,Male,Monthly,38.93,443.63,15,Credit Card,0,No,,,,,,,,,,,,
CUST04962,39,Female,One Year,64.45,2738.85,69,Credit Card,0,No,,,,,,,,,,,,
CUST04963,60,Female,Monthly,78.52,248.16,4,Credit Card,5,Yes,,,,,,,,,,,,
CUST04964,20,Female,Monthly,71.38,5400.85,64,Bank Transfer,4,Yes,,,,,,,,,,,,
CUST04965,71,Female,Monthly,72.34,1473.33,22,Bank Transfer,3,No,,,,,,,,,,,,
CUST04966,27,Male,Two Year,63.96,1641.16,24,Credit Card,1,No,,,,,,,,,,,,
CUST04967,59,Male,Monthly,45.51,2787.6,47,Direct Debit,1,No,,,,,,,,,,,,
CUST04968,79,Female,Monthly,71.7,285.95,6,Direct Debit,2,Yes,,,,,,,,,,,,
CUST04969,38,Male,Two Year,38.79,1810.13,27,Credit Card,1,No,,,,,,,,,,,,
CUST04970,33,Male,Monthly,49.83,374.04,10,Bank Transfer,4,No,,,,,,,,,,,,
CUST04971,29,Male,Monthly,32.33,1851.83,39,Direct Debit,1,No,,,,,,,,,,,,
CUST04972,19,Male,Two Year,74.3,1168.18,37,Debit Card,2,No,,,,,,,,,,,,
CUST04973,58,Female,Monthly,63.19,4182.82,54,Credit Card,2,Yes,,,,,,,,,,,,
CUST04974,41,Female,One Year,42.59,3454.82,51,Credit Card,0,No,,,,,,,,,,,,
CUST04975,52,Female,One Year,50.53,2710.31,60,Direct Debit,2,No,,,,,,,,,,,,
CUST04976,73,Female,One Year,54.06,3836.75,72,Debit Card,1,No,,,,,,,,,,,,
CUST04977,47,Male,Two Year,79.12,2720.65,51,Direct Debit,0,No,,,,,,,,,,,,
CUST04978,74,Female,One Year,65.66,5142.33,62,Bank Transfer,3,No,,,,,,,,,,,,
CUST04979,47,Male,One Year,67.65,3360.01,49,Debit Card,4,No,,,,,,,,,,,,
CUST04980,64,Male,Two Year,70.01,3310.78,51,Credit Card,1,No,,,,,,,,,,,,
CUST04981,52,Male,Two Year,60.12,1885.76,28,Credit Card,0,No,,,,,,,,,,,,
CUST04982,36,Female,Two Year,70.36,2163.97,36,Credit Card,0,No,,,,,,,,,,,,
CUST04983,67,Female,One Year,66.15,1889.44,25,Credit Card,2,No,,,,,,,,,,,,
CUST04984,25,Female,Monthly,94.37,2232,36,Credit Card,4,No,,,,,,,,,,,,
CUST04985,43,Female,One Year,81.63,6104.67,60,Direct Debit,2,No,,,,,,,,,,,,
CUST04986,66,Male,Monthly,107.28,540.23,7,Credit Card,2,No,,,,,,,,,,,,
CUST04987,57,Female,Monthly,94.31,6957.15,65,Bank Transfer,1,No,,,,,,,,,,,,
CUST04988,24,Female,Monthly,57.13,3288.67,36,Credit Card,7,Yes,,,,,,,,,,,,
CUST04989,47,Male,Two Year,65.01,1691.89,30,Bank Transfer,2,No,,,,,,,,,,,,
CUST04990,24,Male,Monthly,30.59,3279.29,47,Direct Debit,3,Yes,,,,,,,,,,,,
CUST04991,20,Female,One Year,41.45,905.82,29,Credit Card,0,No,,,,,,,,,,,,
CUST04992,18,Female,One Year,90.6,200.54,5,Debit Card,1,No,,,,,,,,,,,,
CUST04993,53,Female,Monthly,84.08,6010.01,65,Direct Debit,4,Yes,,,,,,,,,,,,
CUST04994,42,Female,One Year,25.04,5757.11,69,Bank Transfer,1,No,,,,,,,,,,,,
CUST04995,54,Female,One Year,85.96,1689.43,63,Credit Card,1,No,,,,,,,,,,,,
CUST04996,18,Male,Two Year,93.04,4700.42,56,Direct Debit,4,No,,,,,,,,,,,,
CUST04997,32,Male,Monthly,92.81,1603.06,17,Credit Card,1,No,,,,,,,,,,,,
CUST04998,54,Male,Monthly,74.5,4997.94,51,Debit Card,4,No,,,,,,,,,,,,
CUST04999,30,Male,One Year,80.76,2958.87,37,Credit Card,2,No,,,,,,,,,,,,
CUST05000,57,Female,Monthly,65.3,761.63,9,Bank Transfer,3,No,,,,,,,,,,,,
CUST05001,25,Female,Monthly,56.19,2654.32,38,Direct Debit,0,No,,,,,,,,,,,,
CUST05002,49,Female,Monthly,89.31,2960.81,53,Direct Debit,2,No,,,,,,,,,,,,
CUST05003,77,Male,One Year,63.81,1210.16,13,Direct Debit,7,Yes,,,,,,,,,,,,
CUST05004,26,Female,Monthly,20,3162.59,53,Debit Card,0,No,,,,,,,,,,,,
CUST05005,80,Male,One Year,72.06,994.71,49,Direct Debit,1,No,,,,,,,,,,,,
CUST05006,18,Male,Two Year,44.33,4651.56,70,Bank Transfer,0,No,,,,,,,,,,,,
CUST05007,53,Female,One Year,73.39,1491.98,35,Debit Card,1,No,,,,,,,,,,,,
CUST05008,52,Female,Monthly,101.89,1205.35,16,Direct Debit,2,No,,,,,,,,,,,,
CUST05009,19,Male,Monthly,113.8,1254.96,13,Bank Transfer,3,No,,,,,,,,,,,,
CUST05010,80,Male,Monthly,84.47,1191.74,11,Debit Card,2,Yes,,,,,,,,,,,,
CUST05011,57,Female,Monthly,96.06,157.09,2,Credit Card,2,No,,,,,,,,,,,,
CUST05012,40,Male,Monthly,83.95,1897.38,19,Direct Debit,1,No,,,,,,,,,,,,
CUST05013,26,Male,Monthly,81.39,3746.29,45,Credit Card,0,No,,,,,,,,,,,,
CUST05014,51,Female,One Year,80.29,3976.33,46,Debit Card,2,No,,,,,,,,,,,,
CUST05015,63,Male,Two Year,38.94,3690.46,47,Direct Debit,3,No,,,,,,,,,,,,
CUST05016,31,Male,Two Year,43.19,1888.29,49,Credit Card,3,No,,,,,,,,,,,,
CUST05017,21,Male,Monthly,85.37,1812.51,42,Debit Card,2,No,,,,,,,,,,,,
CUST05018,47,Female,One Year,76.28,2979.89,33,Direct Debit,0,No,,,,,,,,,,,,
CUST05019,48,Female,Monthly,68.68,3023.49,41,Debit Card,1,No,,,,,,,,,,,,
CUST05020,55,Male,One Year,59.66,4398.92,69,Debit Card,0,No,,,,,,,,,,,,
CUST05021,28,Male,Monthly,54.19,1156.61,19,Bank Transfer,0,No,,,,,,,,,,,,
CUST05022,52,Male,Two Year,85.13,2223.54,39,Credit Card,2,No,,,,,,,,,,,,
CUST05023,25,Male,Two Year,51.77,601.27,7,Direct Debit,3,No,,,,,,,,,,,,
CUST05024,20,Female,Monthly,64.57,1961.04,39,Credit Card,1,No,,,,,,,,,,,,
CUST05025,31,Female,One Year,50.84,2241.21,34,Direct Debit,3,No,,,,,,,,,,,,
CUST05026,77,Male,One Year,38.18,2412.7,44,Debit Card,1,No,,,,,,,,,,,,
CUST05027,30,Male,Monthly,67.99,2665.63,69,Credit Card,2,No,,,,,,,,,,,,
CUST05028,62,Male,One Year,80.02,4486.63,68,Credit Card,1,No,,,,,,,,,,,,
CUST05029,49,Male,One Year,40.05,4834.46,63,Credit Card,0,No,,,,,,,,,,,,
CUST05030,51,Male,Two Year,51.64,3070.23,71,Bank Transfer,0,No,,,,,,,,,,,,
CUST05031,62,Female,One Year,42.97,2617.7,48,Bank Transfer,1,No,,,,,,,,,,,,
CUST05032,78,Female,One Year,63.21,124.36,3,Direct Debit,3,No,,,,,,,,,,,,
CUST05033,36,Female,Two Year,52.83,2067.45,34,Credit Card,3,No,,,,,,,,,,,,
CUST05034,76,Male,Two Year,28.06,498.57,9,Debit Card,4,No,,,,,,,,,,,,
CUST05035,55,Female,Monthly,62.32,1846.48,61,Credit Card,4,No,,,,,,,,,,,,
CUST05036,33,Male,Monthly,84.51,1239.54,20,Debit Card,2,No,,,,,,,,,,,,
CUST05037,19,Male,One Year,84.78,3232.89,40,Debit Card,0,Yes,,,,,,,,,,,,
CUST05038,57,Female,Two Year,93.63,973.47,12,Debit Card,3,No,,,,,,,,,,,,
CUST05039,34,Male,Monthly,51.48,2746.37,28,Debit Card,0,No,,,,,,,,,,,,
CUST05040,72,Female,Monthly,46.58,2512.56,48,Direct Debit,1,No,,,,,,,,,,,,
CUST05041,51,Female,Monthly,52.75,333.04,7,Bank Transfer,3,Yes,,,,,,,,,,,,
CUST05042,59,Female,One Year,82.06,702.38,14,Debit Card,1,No,,,,,,,,,,,,
CUST05043,77,Female,Two Year,88.16,1466.96,19,Credit Card,2,No,,,,,,,,,,,,
CUST05044,33,Male,Monthly,70.56,4387.89,54,Bank Transfer,2,No,,,,,,,,,,,,
CUST05045,55,Female,Monthly,84.96,4514.85,60,Direct Debit,1,No,,,,,,,,,,,,
CUST05046,77,Female,Two Year,80.84,5560.25,67,Credit Card,1,No,,,,,,,,,,,,
CUST05047,19,Female,Monthly,50.06,2862.01,34,Direct Debit,4,No,,,,,,,,,,,,
CUST05048,19,Male,Two Year,63,2178.71,41,Bank Transfer,1,No,,,,,,,,,,,,
CUST05049,43,Female,Monthly,38.88,1983.8,31,Bank Transfer,4,No,,,,,,,,,,,,
CUST05050,30,Male,One Year,68.92,1497.94,39,Direct Debit,0,No,,,,,,,,,,,,
CUST05051,73,Female,Monthly,53.76,3319.31,52,Direct Debit,2,Yes,,,,,,,,,,,,
CUST05052,64,Male,One Year,41.1,2460.87,47,Credit Card,0,No,,,,,,,,,,,,
CUST05053,48,Female,Two Year,47.87,798.54,20,Direct Debit,1,No,,,,,,,,,,,,
CUST05054,77,Male,Two Year,91.19,2515.66,52,Bank Transfer,2,No,,,,,,,,,,,,
CUST05055,51,Male,Two Year,61.29,6748.04,71,Debit Card,1,No,,,,,,,,,,,,
CUST05056,56,Male,Monthly,100.29,3928.33,62,Bank Transfer,0,No,,,,,,,,,,,,
CUST05057,20,Male,Monthly,70.15,531.13,5,Direct Debit,3,No,,,,,,,,,,,,
CUST05058,25,Male,Monthly,56.17,3708.64,57,Bank Transfer,2,No,,,,,,,,,,,,
CUST05059,40,Male,Two Year,79.73,228.45,4,Direct Debit,0,No,,,,,,,,,,,,
CUST05060,31,Female,Monthly,20,833.39,11,Bank Transfer,1,No,,,,,,,,,,,,
CUST05061,73,Female,Two Year,104.33,408.73,19,Debit Card,1,No,,,,,,,,,,,,
CUST05062,79,Female,Two Year,85.45,2775.95,27,Bank Transfer,4,No,,,,,,,,,,,,
CUST05063,72,Male,One Year,65.07,2527.16,29,Bank Transfer,1,No,,,,,,,,,,,,
CUST05064,44,Male,Two Year,78.57,1143.45,18,Debit Card,1,No,,,,,,,,,,,,
CUST05065,71,Male,Two Year,62.14,2776.93,37,Bank Transfer,2,No,,,,,,,,,,,,
CUST05066,46,Female,Two Year,53.41,3904.48,61,Direct Debit,1,No,,,,,,,,,,,,
CUST05067,56,Female,One Year,61.78,2686.7,47,Direct Debit,1,No,,,,,,,,,,,,
CUST05068,70,Male,Two Year,62.12,1148.51,20,Debit Card,3,Yes,,,,,,,,,,,,
CUST05069,56,Male,Monthly,45.68,4574.68,70,Credit Card,2,No,,,,,,,,,,,,
CUST05070,18,Female,One Year,61.55,2181.59,49,Bank Transfer,2,No,,,,,,,,,,,,
CUST05071,34,Female,Monthly,74.9,867.25,15,Debit Card,3,Yes,,,,,,,,,,,,
CUST05072,58,Female,Monthly,68.21,1394.21,18,Credit Card,1,Yes,,,,,,,,,,,,
CUST05073,47,Female,Two Year,94.46,2418.82,38,Bank Transfer,1,No,,,,,,,,,,,,
CUST05074,70,Male,One Year,63.06,2153.84,22,Direct Debit,3,No,,,,,,,,,,,,
CUST05075,30,Male,Monthly,55.52,3744.73,60,Debit Card,0,No,,,,,,,,,,,,
CUST05076,38,Male,Monthly,35.4,3467.76,66,Direct Debit,1,No,,,,,,,,,,,,
CUST05077,36,Female,Two Year,71.09,869.92,26,Direct Debit,1,No,,,,,,,,,,,,
CUST05078,70,Male,Two Year,98.72,4730.44,64,Credit Card,2,No,,,,,,,,,,,,
CUST05079,36,Female,Monthly,54.63,6026.5,58,Direct Debit,3,No,,,,,,,,,,,,
CUST05080,74,Male,Two Year,58.59,168.76,3,Bank Transfer,2,No,,,,,,,,,,,,
CUST05081,42,Male,Monthly,82,1819.81,30,Direct Debit,0,No,,,,,,,,,,,,
CUST05082,39,Male,One Year,43.88,1644.79,19,Credit Card,3,No,,,,,,,,,,,,
CUST05083,48,Male,One Year,92.85,433.78,10,Credit Card,4,No,,,,,,,,,,,,
CUST05084,34,Male,Two Year,60.84,4044,46,Credit Card,2,No,,,,,,,,,,,,
CUST05085,72,Female,Two Year,77.26,1133.26,19,Credit Card,2,No,,,,,,,,,,,,
CUST05086,40,Female,Monthly,65.95,4824.71,58,Debit Card,1,Yes,,,,,,,,,,,,
CUST05087,49,Male,One Year,21.6,392.44,6,Debit Card,1,No,,,,,,,,,,,,
CUST05088,79,Female,Monthly,67.78,1176.31,51,Debit Card,0,No,,,,,,,,,,,,
CUST05089,27,Male,Monthly,56.46,979.7,14,Debit Card,1,No,,,,,,,,,,,,
CUST05090,27,Female,One Year,78.19,3399.25,58,Credit Card,1,No,,,,,,,,,,,,
CUST05091,53,Male,Monthly,91.86,594.52,8,Bank Transfer,2,No,,,,,,,,,,,,
CUST05092,25,Male,Monthly,81.16,179.86,2,Credit Card,5,Yes,,,,,,,,,,,,
CUST05093,71,Female,Monthly,52.88,1515.2,18,Credit Card,0,No,,,,,,,,,,,,
CUST05094,69,Male,One Year,97.54,3089.18,57,Direct Debit,3,No,,,,,,,,,,,,
CUST05095,37,Male,One Year,71.1,3611.96,35,Credit Card,4,No,,,,,,,,,,,,
CUST05096,49,Male,Monthly,87.71,4474.86,66,Debit Card,1,No,,,,,,,,,,,,
CUST05097,67,Male,Two Year,86.94,5106.9,56,Credit Card,1,No,,,,,,,,,,,,
CUST05098,31,Male,Monthly,46.17,3462.94,43,Direct Debit,0,No,,,,,,,,,,,,
CUST05099,67,Female,One Year,86.21,3217.76,72,Direct Debit,0,No,,,,,,,,,,,,
CUST05100,45,Female,One Year,88.25,704.08,8,Credit Card,4,No,,,,,,,,,,,,
CUST05101,63,Female,Monthly,72.75,475.14,5,Bank Transfer,1,No,,,,,,,,,,,,
CUST05102,69,Male,Monthly,53.32,1019.8,13,Debit Card,0,No,,,,,,,,,,,,
CUST05103,70,Male,Two Year,86.09,369.61,7,Credit Card,0,No,,,,,,,,,,,,
CUST05104,41,Male,Monthly,89.22,1884.45,21,Debit Card,0,No,,,,,,,,,,,,
CUST05105,32,Male,Monthly,61.51,3354.22,37,Direct Debit,2,Yes,,,,,,,,,,,,
CUST05106,39,Female,Monthly,73.22,2860.55,45,Credit Card,0,No,,,,,,,,,,,,
CUST05107,47,Male,Two Year,65.02,3948.74,52,Bank Transfer,2,No,,,,,,,,,,,,
CUST05108,80,Female,Monthly,48.82,3144.59,48,Direct Debit,1,No,,,,,,,,,,,,
CUST05109,21,Male,Two Year,77.9,3178.88,62,Debit Card,1,No,,,,,,,,,,,,
CUST05110,30,Male,Monthly,87.33,4026.61,51,Direct Debit,3,No,,,,,,,,,,,,
CUST05111,76,Male,Monthly,80.12,327,4,Direct Debit,2,Yes,,,,,,,,,,,,
CUST05112,40,Male,Monthly,57.25,4837.91,56,Bank Transfer,2,No,,,,,,,,,,,,
CUST05113,25,Male,Two Year,41.56,1885.41,34,Debit Card,3,No,,,,,,,,,,,,
CUST05114,35,Male,One Year,63.01,2009.1,45,Direct Debit,0,No,,,,,,,,,,,,
CUST05115,29,Male,Monthly,78.8,974.71,16,Direct Debit,1,No,,,,,,,,,,,,
CUST05116,72,Female,Monthly,113.23,749.27,9,Bank Transfer,0,No,,,,,,,,,,,,
CUST05117,48,Female,Monthly,49.85,1866.64,16,Credit Card,3,Yes,,,,,,,,,,,,
CUST05118,31,Male,Monthly,67.99,1509.96,31,Direct Debit,0,No,,,,,,,,,,,,
CUST05119,51,Male,Monthly,57.27,945.81,13,Direct Debit,3,Yes,,,,,,,,,,,,
CUST05120,35,Female,Two Year,21.59,290.16,5,Debit Card,2,No,,,,,,,,,,,,
CUST05121,73,Female,One Year,58.5,1068.27,47,Bank Transfer,0,No,,,,,,,,,,,,
CUST05122,51,Female,Monthly,38.87,2389.9,39,Bank Transfer,3,Yes,,,,,,,,,,,,
CUST05123,80,Male,Two Year,52.1,648.88,18,Credit Card,1,Yes,,,,,,,,,,,,
CUST05124,28,Female,Two Year,100.72,1003.46,20,Debit Card,2,No,,,,,,,,,,,,
CUST05125,58,Female,Monthly,82.31,200.54,2,Credit Card,4,Yes,,,,,,,,,,,,
CUST05126,29,Male,Monthly,65.52,3520.51,40,Bank Transfer,2,Yes,,,,,,,,,,,,
CUST05127,66,Female,Two Year,103.35,1828,30,Bank Transfer,4,No,,,,,,,,,,,,
CUST05128,32,Male,One Year,99.64,981.52,10,Credit Card,3,No,,,,,,,,,,,,
CUST05129,74,Female,Monthly,49.09,6504.01,64,Credit Card,3,No,,,,,,,,,,,,
CUST05130,48,Female,One Year,34.51,2112.15,42,Unknown,1,No,,,,,,,,,,,,
CUST05131,66,Female,Monthly,20,1730.7,53,Direct Debit,1,No,,,,,,,,,,,,
CUST05132,75,Female,Two Year,52.45,1136.03,53,Credit Card,2,No,,,,,,,,,,,,
CUST05133,46,Male,Monthly,53.55,1989.52,40,Credit Card,1,No,,,,,,,,,,,,
CUST05134,43,Female,One Year,100.45,813.25,16,Direct Debit,1,No,,,,,,,,,,,,
CUST05135,35,Female,Monthly,94.24,4926.17,48,Bank Transfer,4,Yes,,,,,,,,,,,,
CUST05136,49,Female,Monthly,88.09,5676.4,61,Bank Transfer,1,No,,,,,,,,,,,,
CUST05137,39,Female,Monthly,60.43,3093.56,38,Debit Card,2,No,,,,,,,,,,,,
CUST05138,55,Female,Monthly,60.68,2837.82,44,Debit Card,4,No,,,,,,,,,,,,
CUST05139,34,Female,One Year,61.59,848.33,15,Credit Card,1,No,,,,,,,,,,,,
CUST05140,40,Female,Monthly,113.89,3550.4,61,Bank Transfer,5,No,,,,,,,,,,,,
CUST05141,41,Female,Monthly,53.57,847.88,7,Debit Card,5,Yes,,,,,,,,,,,,
CUST05142,67,Male,One Year,48.13,1549.32,30,Debit Card,1,No,,,,,,,,,,,,
CUST05143,25,Female,One Year,81.95,1820.75,36,Bank Transfer,1,No,,,,,,,,,,,,
CUST05144,58,Male,Monthly,49.64,853.96,11,Debit Card,4,Yes,,,,,,,,,,,,
CUST05145,23,Male,Monthly,71.01,3223.6,70,Credit Card,0,No,,,,,,,,,,,,
CUST05146,22,Male,Two Year,76.59,1971.89,29,Direct Debit,1,No,,,,,,,,,,,,
CUST05147,61,Female,Monthly,47.62,477.33,6,Debit Card,3,No,,,,,,,,,,,,
CUST05148,74,Female,Two Year,63.17,2491.8,51,Direct Debit,1,No,,,,,,,,,,,,
CUST05149,46,Female,Monthly,48.09,2327.72,38,Direct Debit,0,No,,,,,,,,,,,,
CUST05150,45,Male,One Year,89.43,1080.58,22,Credit Card,2,No,,,,,,,,,,,,
CUST05151,28,Female,Monthly,59.5,4956.7,54,Direct Debit,2,No,,,,,,,,,,,,
CUST05152,74,Female,Two Year,64.37,2404.63,40,Direct Debit,2,No,,,,,,,,,,,,
CUST05153,18,Male,Monthly,86.94,481.99,7,Direct Debit,1,No,,,,,,,,,,,,
CUST05154,60,Male,Monthly,83.05,3640.98,40,Bank Transfer,1,Yes,,,,,,,,,,,,
CUST05155,36,Male,Monthly,64.73,2093.97,24,Direct Debit,3,No,,,,,,,,,,,,
CUST05156,26,Female,Two Year,81.83,2622.46,41,Bank Transfer,0,No,,,,,,,,,,,,
CUST05157,44,Female,Two Year,67.19,4296.13,51,Direct Debit,1,No,,,,,,,,,,,,
CUST05158,51,Male,Monthly,52.95,2487.65,39,Bank Transfer,1,No,,,,,,,,,,,,
CUST05159,61,Female,Monthly,66.76,2202.52,43,Direct Debit,2,No,,,,,,,,,,,,
CUST05160,21,Male,One Year,60.69,4608.22,69,Bank Transfer,1,No,,,,,,,,,,,,
CUST05161,53,Male,Two Year,93.23,3761.89,59,Direct Debit,0,No,,,,,,,,,,,,
CUST05162,35,Male,One Year,55.08,2269.94,25,Direct Debit,5,No,,,,,,,,,,,,
CUST05163,32,Male,Two Year,102.95,1363.74,25,Debit Card,1,Yes,,,,,,,,,,,,
CUST05164,68,Male,Monthly,44.95,2651.6,24,Credit Card,1,No,,,,,,,,,,,,
CUST05165,30,Male,Monthly,64.83,2690.63,62,Credit Card,1,No,,,,,,,,,,,,
CUST05166,36,Female,Monthly,59.74,2840.35,43,Direct Debit,2,No,,,,,,,,,,,,
CUST05167,66,Male,One Year,62.47,3299.39,59,Direct Debit,2,No,,,,,,,,,,,,
CUST05168,23,Female,Monthly,93.75,3325.71,54,Debit Card,1,No,,,,,,,,,,,,
CUST05169,65,Female,Monthly,62.13,2371.24,26,Direct Debit,3,Yes,,,,,,,,,,,,
CUST05170,73,Male,Monthly,89.03,3093.64,54,Credit Card,3,No,,,,,,,,,,,,
CUST05171,29,Female,Monthly,69.45,5504.87,61,Credit Card,1,No,,,,,,,,,,,,
CUST05172,68,Male,Monthly,68.49,2973.38,44,Bank Transfer,1,No,,,,,,,,,,,,
CUST05173,54,Female,Monthly,33.67,591.92,9,Debit Card,3,No,,,,,,,,,,,,
CUST05174,34,Female,Two Year,96.59,1502.97,42,Debit Card,0,No,,,,,,,,,,,,
CUST05175,75,Male,Monthly,100.42,2679.93,29,Direct Debit,3,No,,,,,,,,,,,,
CUST05176,40,Female,Monthly,39.9,5736.28,58,Credit Card,0,No,,,,,,,,,,,,
CUST05177,43,Female,One Year,93.37,2694.46,63,Direct Debit,3,No,,,,,,,,,,,,
CUST05178,46,Female,Two Year,36.38,4267.91,49,Debit Card,3,No,,,,,,,,,,,,
CUST05179,50,Female,One Year,68.23,428.25,11,Direct Debit,3,No,,,,,,,,,,,,
CUST05180,77,Male,Monthly,58.93,3619.7,54,Direct Debit,3,No,,,,,,,,,,,,
CUST05181,44,Female,Two Year,63.81,1850.19,30,Bank Transfer,2,No,,,,,,,,,,,,
CUST05182,42,Male,Monthly,93.18,4114.36,66,Credit Card,0,No,,,,,,,,,,,,
CUST05183,73,Male,Monthly,81.3,5974.86,65,Direct Debit,5,No,,,,,,,,,,,,
CUST05184,72,Male,One Year,30.12,4668.46,58,Credit Card,2,No,,,,,,,,,,,,
CUST05185,27,Male,One Year,95.39,1839.58,57,Credit Card,0,No,,,,,,,,,,,,
CUST05186,64,Female,One Year,94.22,3557.81,37,Credit Card,4,No,,,,,,,,,,,,
CUST05187,40,Female,Two Year,78.23,4857.4,54,Direct Debit,3,No,,,,,,,,,,,,
CUST05188,38,Female,One Year,53.67,5494.18,69,Direct Debit,4,No,,,,,,,,,,,,
CUST05189,38,Male,Two Year,70.15,1368.35,24,Direct Debit,0,No,,,,,,,,,,,,
CUST05190,60,Female,One Year,63.56,4217.49,63,Direct Debit,3,No,,,,,,,,,,,,
CUST05191,30,Female,Monthly,90.01,3157.31,51,Credit Card,2,Yes,,,,,,,,,,,,
CUST05192,54,Male,Monthly,34.41,1365.59,15,Direct Debit,2,No,,,,,,,,,,,,
CUST05193,50,Male,Monthly,77.81,1743.35,47,Debit Card,1,No,,,,,,,,,,,,
CUST05194,41,Female,Monthly,88.9,3559.42,46,Debit Card,2,Yes,,,,,,,,,,,,
CUST05195,61,Female,One Year,59.24,2702.99,30,Debit Card,1,No,,,,,,,,,,,,
CUST05196,28,Female,One Year,80.49,1115.67,20,Debit Card,4,No,,,,,,,,,,,,
CUST05197,34,Female,Monthly,33.66,4777.43,57,Direct Debit,3,No,,,,,,,,,,,,
CUST05198,21,Female,Monthly,51.88,1575.42,49,Credit Card,2,No,,,,,,,,,,,,
CUST05199,64,Male,Monthly,68.78,2825.29,56,Credit Card,2,No,,,,,,,,,,,,
CUST05200,42,Female,Two Year,79.12,3980.83,56,Bank Transfer,0,No,,,,,,,,,,,,
CUST05201,47,Male,Monthly,52.43,2045.3,25,Debit Card,2,No,,,,,,,,,,,,
CUST05202,26,Female,One Year,70.75,458.19,9,Credit Card,3,No,,,,,,,,,,,,
CUST05203,38,Female,One Year,68.47,1643.74,22,Direct Debit,0,No,,,,,,,,,,,,
CUST05204,37,Female,Monthly,32.81,2652.85,37,Debit Card,1,No,,,,,,,,,,,,
CUST05205,36,Female,Monthly,64.9,935.7,28,Direct Debit,1,No,,,,,,,,,,,,
CUST05206,36,Male,Monthly,78.69,861.89,14,Debit Card,1,Yes,,,,,,,,,,,,
CUST05207,29,Female,One Year,91.98,2513.63,30,Credit Card,1,No,,,,,,,,,,,,
CUST05208,54,Female,One Year,60.89,3602.96,39,Bank Transfer,2,No,,,,,,,,,,,,
CUST05209,59,Female,One Year,72.17,3402.1,57,Credit Card,2,No,,,,,,,,,,,,
CUST05210,34,Female,One Year,73.9,385.52,5,Debit Card,1,No,,,,,,,,,,,,
CUST05211,54,Male,Monthly,81.99,953.72,12,Credit Card,3,No,,,,,,,,,,,,
CUST05212,71,Female,Monthly,49.04,2969.37,35,Credit Card,1,No,,,,,,,,,,,,
CUST05213,65,Female,Two Year,60.11,2104.38,41,Bank Transfer,1,No,,,,,,,,,,,,
CUST05214,56,Male,Two Year,75.89,3633.49,63,Credit Card,1,No,,,,,,,,,,,,
CUST05215,45,Female,One Year,73.71,3064.37,42,Credit Card,0,No,,,,,,,,,,,,
CUST05216,58,Female,One Year,82.48,4844.2,65,Direct Debit,0,No,,,,,,,,,,,,
CUST05217,52,Female,Monthly,86.89,5775.69,65,Credit Card,2,No,,,,,,,,,,,,
CUST05218,64,Male,Monthly,69.2,3881.67,43,Debit Card,4,No,,,,,,,,,,,,
CUST05219,65,Female,One Year,66.43,4315.42,60,Direct Debit,0,No,,,,,,,,,,,,
CUST05220,35,Female,Two Year,57.96,1277.07,20,Direct Debit,2,Yes,,,,,,,,,,,,
CUST05221,31,Female,Monthly,87.57,3604.61,63,Credit Card,2,No,,,,,,,,,,,,
CUST05222,52,Male,Monthly,49.21,2048.73,24,Credit Card,1,Yes,,,,,,,,,,,,
CUST05223,61,Male,Monthly,83.03,3431.02,72,Debit Card,1,No,,,,,,,,,,,,
CUST05224,58,Female,Monthly,74.23,3013.5,35,Debit Card,1,No,,,,,,,,,,,,
CUST05225,77,Female,Monthly,45.63,2848.58,41,Debit Card,1,No,,,,,,,,,,,,
CUST05226,24,Male,Two Year,52.19,691,16,Credit Card,0,No,,,,,,,,,,,,
CUST05227,58,Male,One Year,64.54,308.75,6,Credit Card,3,No,,,,,,,,,,,,
CUST05228,30,Male,Two Year,59.52,1250.06,20,Credit Card,1,No,,,,,,,,,,,,
CUST05229,35,Female,One Year,61.86,3548.24,56,Credit Card,0,No,,,,,,,,,,,,
CUST05230,54,Male,Monthly,68.64,471.16,8,Bank Transfer,3,Yes,,,,,,,,,,,,
CUST05231,30,Male,Two Year,36.86,395.29,6,Debit Card,5,No,,,,,,,,,,,,
CUST05232,53,Male,Monthly,62.99,279.69,8,Debit Card,0,No,,,,,,,,,,,,
CUST05233,48,Female,Two Year,56.23,4129.3,62,Debit Card,3,No,,,,,,,,,,,,
CUST05234,19,Male,One Year,44.83,749.69,14,Credit Card,4,No,,,,,,,,,,,,
CUST05235,33,Male,Monthly,62.3,131.31,3,Direct Debit,3,No,,,,,,,,,,,,
CUST05236,26,Female,Monthly,42.79,127.98,2,Direct Debit,1,No,,,,,,,,,,,,
CUST05237,26,Male,Monthly,94.14,877.76,22,Credit Card,1,No,,,,,,,,,,,,
CUST05238,55,Male,Monthly,83.56,6923.66,70,Debit Card,2,No,,,,,,,,,,,,
CUST05239,28,Female,Monthly,78.85,6128.54,71,Bank Transfer,0,No,,,,,,,,,,,,
CUST05240,71,Male,Two Year,76.63,455.01,6,Credit Card,4,No,,,,,,,,,,,,
CUST05241,73,Female,One Year,26.88,3765.17,50,Direct Debit,2,No,,,,,,,,,,,,
CUST05242,39,Male,Monthly,46.7,1205.44,44,Credit Card,0,No,,,,,,,,,,,,
CUST05243,50,Female,Monthly,83.27,400.29,8,Direct Debit,2,No,,,,,,,,,,,,
CUST05244,53,Male,One Year,110.29,2039.81,24,Debit Card,3,No,,,,,,,,,,,,
CUST05245,62,Female,Monthly,77.26,2860.17,27,Debit Card,3,No,,,,,,,,,,,,
CUST05246,40,Male,Monthly,93.64,4083.31,53,Credit Card,2,No,,,,,,,,,,,,
CUST05247,62,Male,One Year,54.57,4737.14,51,Bank Transfer,3,No,,,,,,,,,,,,
CUST05248,62,Female,Monthly,57.82,1535.93,28,Direct Debit,3,No,,,,,,,,,,,,
CUST05249,51,Female,Monthly,82.44,3421.78,59,Direct Debit,4,No,,,,,,,,,,,,
CUST05250,26,Male,Monthly,53.79,5564.63,69,Debit Card,5,No,,,,,,,,,,,,
CUST05251,41,Female,Monthly,36.68,1424.75,25,Bank Transfer,0,No,,,,,,,,,,,,
CUST05252,25,Male,Monthly,83.94,1570.05,44,Debit Card,1,No,,,,,,,,,,,,
CUST05253,24,Female,Monthly,56.03,3964.09,47,Unknown,5,Yes,,,,,,,,,,,,
CUST05254,53,Male,Monthly,21.76,700.52,13,Credit Card,0,No,,,,,,,,,,,,
CUST05255,35,Female,Two Year,86.96,1141.25,53,Bank Transfer,1,No,,,,,,,,,,,,
CUST05256,20,Male,One Year,75.1,4742.64,53,Direct Debit,2,No,,,,,,,,,,,,
CUST05257,45,Male,One Year,82.85,2893.34,37,Direct Debit,2,No,,,,,,,,,,,,
CUST05258,23,Male,Monthly,85.98,5475.28,63,Debit Card,1,No,,,,,,,,,,,,
CUST05259,61,Male,Monthly,90.21,5889.7,66,Credit Card,0,No,,,,,,,,,,,,
CUST05260,61,Female,Monthly,74.71,3589.21,40,Direct Debit,1,No,,,,,,,,,,,,
CUST05261,38,Female,One Year,40.23,4220.05,61,Direct Debit,3,No,,,,,,,,,,,,
CUST05262,45,Female,Monthly,43.88,242.33,6,Debit Card,1,No,,,,,,,,,,,,
CUST05263,57,Male,One Year,91.44,1018.92,25,Direct Debit,2,No,,,,,,,,,,,,
CUST05264,71,Male,Monthly,73.79,4520.16,46,Direct Debit,5,No,,,,,,,,,,,,
CUST05265,71,Female,Two Year,57.04,2242.82,31,Debit Card,2,No,,,,,,,,,,,,
CUST05266,18,Female,Two Year,36.72,3595.63,63,Direct Debit,1,No,,,,,,,,,,,,
CUST05267,53,Male,Monthly,47.86,2348.96,68,Bank Transfer,0,No,,,,,,,,,,,,
CUST05268,38,Female,One Year,65.5,2014.59,39,Direct Debit,3,No,,,,,,,,,,,,
CUST05269,77,Female,Monthly,50.65,2355.06,36,Credit Card,4,Yes,,,,,,,,,,,,
CUST05270,60,Female,One Year,49.41,343.11,7,Debit Card,4,No,,,,,,,,,,,,
CUST05271,52,Male,Monthly,75.92,3100.9,66,Credit Card,0,No,,,,,,,,,,,,
CUST05272,30,Male,Monthly,100.82,4275.77,55,Bank Transfer,0,No,,,,,,,,,,,,
CUST05273,74,Female,Monthly,74.87,7185.05,72,Direct Debit,1,No,,,,,,,,,,,,
CUST05274,66,Female,Two Year,52.81,3052.63,42,Bank Transfer,0,No,,,,,,,,,,,,
CUST05275,71,Male,Two Year,69.97,1314,27,Credit Card,1,No,,,,,,,,,,,,
CUST05276,71,Male,Monthly,76.4,129.56,2,Direct Debit,3,Yes,,,,,,,,,,,,
CUST05277,27,Female,One Year,59.32,5513.67,70,Credit Card,3,No,,,,,,,,,,,,
CUST05278,70,Male,Monthly,75.07,236.54,4,Direct Debit,3,No,,,,,,,,,,,,
CUST05279,61,Male,Monthly,54.83,1664.47,21,Direct Debit,0,No,,,,,,,,,,,,
CUST05280,64,Female,Two Year,63.68,57.05,1,Bank Transfer,3,Yes,,,,,,,,,,,,
CUST05281,70,Female,Monthly,32.35,2448.27,38,Bank Transfer,2,No,,,,,,,,,,,,
CUST05282,27,Female,One Year,71.79,1959.94,60,Credit Card,0,No,,,,,,,,,,,,
CUST05283,63,Male,Monthly,77.43,1044.51,14,Bank Transfer,4,No,,,,,,,,,,,,
CUST05284,30,Female,Monthly,87.32,1367.1,17,Credit Card,2,No,,,,,,,,,,,,
CUST05285,54,Female,Monthly,26.65,3995.38,47,Bank Transfer,3,No,,,,,,,,,,,,
CUST05286,55,Male,Two Year,83.86,1398.16,56,Debit Card,1,No,,,,,,,,,,,,
CUST05287,41,Female,One Year,83.25,4637.89,53,Bank Transfer,2,No,,,,,,,,,,,,
CUST05288,19,Male,Monthly,90.15,1432.11,18,Direct Debit,3,No,,,,,,,,,,,,
CUST05289,39,Male,Two Year,53.17,6510.23,69,Debit Card,2,No,,,,,,,,,,,,
CUST05290,34,Male,Two Year,71.77,2600.38,48,Bank Transfer,2,No,,,,,,,,,,,,
CUST05291,53,Male,Monthly,48.79,631.25,9,Direct Debit,1,No,,,,,,,,,,,,
CUST05292,31,Male,Monthly,67.86,2783.16,54,Credit Card,1,Yes,,,,,,,,,,,,
CUST05293,27,Female,Monthly,64.03,2447.75,35,Direct Debit,1,No,,,,,,,,,,,,
CUST05294,52,Male,Monthly,67.89,2966.64,46,Credit Card,1,Yes,,,,,,,,,,,,
CUST05295,42,Female,One Year,67.89,65.73,1,Bank Transfer,2,No,,,,,,,,,,,,
CUST05296,20,Female,Monthly,87.18,3000.06,41,Direct Debit,1,No,,,,,,,,,,,,
CUST05297,64,Male,Monthly,66.43,2940.87,32,Direct Debit,1,No,,,,,,,,,,,,
CUST05298,55,Male,Monthly,94.91,2502.69,40,Debit Card,0,No,,,,,,,,,,,,
CUST05299,34,Female,Monthly,20,1095.16,11,Credit Card,5,No,,,,,,,,,,,,
CUST05300,29,Female,One Year,92.16,1164.65,62,Direct Debit,1,No,,,,,,,,,,,,
CUST05301,71,Male,One Year,43.63,4068.26,46,Direct Debit,0,No,,,,,,,,,,,,
CUST05302,69,Male,Monthly,86.25,2247.56,48,Bank Transfer,1,No,,,,,,,,,,,,
CUST05303,41,Female,Monthly,83.56,3928.25,43,Credit Card,4,No,,,,,,,,,,,,
CUST05304,46,Male,Monthly,40.29,4333.84,51,Direct Debit,3,No,,,,,,,,,,,,
CUST05305,60,Female,Two Year,94.32,2535.99,61,Credit Card,1,No,,,,,,,,,,,,
CUST05306,42,Female,Monthly,46.7,3701.32,42,Direct Debit,2,No,,,,,,,,,,,,
CUST05307,53,Male,Monthly,45.1,1181.63,26,Debit Card,0,Yes,,,,,,,,,,,,
CUST05308,75,Male,Monthly,62.64,482,11,Bank Transfer,1,No,,,,,,,,,,,,
CUST05309,77,Male,Monthly,61.9,1448.91,25,Debit Card,1,Yes,,,,,,,,,,,,
CUST05310,43,Female,Monthly,53.38,2556.86,40,Debit Card,2,No,,,,,,,,,,,,
CUST05311,55,Male,One Year,61.05,1293.41,25,Direct Debit,0,Yes,,,,,,,,,,,,
CUST05312,18,Male,Two Year,77.01,3242.2,52,Debit Card,0,No,,,,,,,,,,,,
CUST05313,37,Female,Monthly,64.74,213.55,3,Direct Debit,2,Yes,,,,,,,,,,,,
CUST05314,72,Male,One Year,41.74,2323.54,39,Direct Debit,0,No,,,,,,,,,,,,
CUST05315,45,Female,One Year,52.35,1383.77,35,Credit Card,2,No,,,,,,,,,,,,
CUST05316,33,Female,Monthly,113.1,2161.98,40,Bank Transfer,0,No,,,,,,,,,,,,
CUST05317,64,Male,Monthly,48.44,2529.67,22,Bank Transfer,2,No,,,,,,,,,,,,
CUST05318,34,Female,Monthly,41.35,2859.56,62,Debit Card,1,No,,,,,,,,,,,,
CUST05319,57,Female,Two Year,29.96,788.59,19,Debit Card,0,No,,,,,,,,,,,,
CUST05320,45,Male,Two Year,90.9,427.44,14,Credit Card,0,No,,,,,,,,,,,,
CUST05321,75,Male,Monthly,88.41,4864.2,50,Debit Card,3,No,,,,,,,,,,,,
CUST05322,29,Male,Monthly,72.89,5711.57,62,Debit Card,2,No,,,,,,,,,,,,
CUST05323,44,Female,One Year,97.03,2951.65,43,Direct Debit,4,No,,,,,,,,,,,,
CUST05324,71,Male,Monthly,51.79,5140.46,55,Bank Transfer,1,No,,,,,,,,,,,,
CUST05325,70,Female,One Year,47.61,2039.61,40,Debit Card,2,No,,,,,,,,,,,,
CUST05326,59,Female,Monthly,68.07,535.24,12,Direct Debit,2,No,,,,,,,,,,,,
CUST05327,76,Male,Two Year,75.41,4463.74,65,Direct Debit,1,No,,,,,,,,,,,,
CUST05328,64,Female,One Year,73.91,2730.94,34,Debit Card,2,No,,,,,,,,,,,,
CUST05329,47,Male,Monthly,59.46,1647.27,23,Credit Card,2,No,,,,,,,,,,,,
CUST05330,58,Female,One Year,90.86,4549.02,71,Direct Debit,4,No,,,,,,,,,,,,
CUST05331,51,Female,Monthly,69.58,610.51,7,Credit Card,3,No,,,,,,,,,,,,
CUST05332,54,Male,Monthly,68.96,4502.63,65,Direct Debit,0,No,,,,,,,,,,,,
CUST05333,23,Male,One Year,68.37,1210.11,18,Debit Card,2,No,,,,,,,,,,,,
CUST05334,24,Female,Monthly,55.35,530.17,8,Bank Transfer,3,No,,,,,,,,,,,,
CUST05335,49,Female,One Year,48.94,2279.27,42,Direct Debit,3,No,,,,,,,,,,,,
CUST05336,49,Female,Monthly,74.68,45.28,1,Credit Card,3,Yes,,,,,,,,,,,,
CUST05337,70,Male,One Year,26.58,1125.94,15,Unknown,2,No,,,,,,,,,,,,
CUST05338,42,Male,Monthly,52.56,772.99,28,Bank Transfer,1,No,,,,,,,,,,,,
CUST05339,50,Male,One Year,61.35,2002.3,36,Direct Debit,0,No,,,,,,,,,,,,
CUST05340,72,Female,Monthly,47.23,2742.79,46,Direct Debit,1,No,,,,,,,,,,,,
CUST05341,75,Male,Monthly,63.1,999.83,21,Direct Debit,0,No,,,,,,,,,,,,
CUST05342,24,Male,Monthly,80.13,3286.22,49,Credit Card,3,No,,,,,,,,,,,,
CUST05343,69,Female,Monthly,74.02,3275.01,39,Credit Card,2,No,,,,,,,,,,,,
CUST05344,74,Female,Monthly,60.21,2796.59,38,Direct Debit,0,No,,,,,,,,,,,,
CUST05345,79,Male,Monthly,72.57,512.83,9,Debit Card,0,Yes,,,,,,,,,,,,
CUST05346,29,Male,Two Year,74.67,1464.94,20,Debit Card,3,Yes,,,,,,,,,,,,
CUST05347,33,Female,Monthly,41.5,644.16,8,Bank Transfer,1,No,,,,,,,,,,,,
CUST05348,33,Male,One Year,50.23,604.94,14,Direct Debit,2,No,,,,,,,,,,,,
CUST05349,60,Male,One Year,43.02,3287.67,62,Credit Card,0,No,,,,,,,,,,,,
CUST05350,70,Male,Monthly,58.41,1430.72,35,Credit Card,1,No,,,,,,,,,,,,
CUST05351,53,Female,One Year,46.87,3420.15,55,Direct Debit,1,No,,,,,,,,,,,,
CUST05352,30,Female,Two Year,64.37,1945.18,45,Credit Card,3,No,,,,,,,,,,,,
CUST05353,24,Male,Monthly,100.09,1430.11,21,Debit Card,2,No,,,,,,,,,,,,
CUST05354,53,Male,Two Year,38.24,5083.35,53,Direct Debit,2,No,,,,,,,,,,,,
CUST05355,64,Female,Monthly,28.22,2105.5,54,Credit Card,2,No,,,,,,,,,,,,
CUST05356,68,Female,One Year,98.96,1173.28,43,Credit Card,2,No,,,,,,,,,,,,
CUST05357,26,Female,Monthly,80.74,559.11,6,Debit Card,3,Yes,,,,,,,,,,,,
CUST05358,49,Female,Monthly,83.67,4261.01,55,Credit Card,1,No,,,,,,,,,,,,
CUST05359,28,Female,One Year,62.1,3665.53,44,Bank Transfer,3,No,,,,,,,,,,,,
CUST05360,25,Female,Monthly,84.02,4506.34,68,Credit Card,0,No,,,,,,,,,,,,
CUST05361,50,Male,Monthly,67.23,330.11,4,Credit Card,1,No,,,,,,,,,,,,
CUST05362,40,Male,Monthly,82.19,3934.51,63,Bank Transfer,3,No,,,,,,,,,,,,
CUST05363,42,Male,One Year,91.75,4403.79,58,Direct Debit,1,No,,,,,,,,,,,,
CUST05364,73,Female,Monthly,87.47,4724.51,54,Direct Debit,0,No,,,,,,,,,,,,
CUST05365,25,Female,Monthly,57.76,3085.62,38,Direct Debit,3,Yes,,,,,,,,,,,,
CUST05366,62,Female,Monthly,66.55,3394.14,60,Bank Transfer,2,No,,,,,,,,,,,,
CUST05367,39,Male,One Year,47.38,3396.51,52,Debit Card,0,No,,,,,,,,,,,,
CUST05368,76,Male,One Year,79.86,1477.82,29,Direct Debit,3,No,,,,,,,,,,,,
CUST05369,21,Male,Monthly,77.39,3095.37,40,Debit Card,2,Yes,,,,,,,,,,,,
CUST05370,57,Male,Monthly,36.89,5581.67,71,Direct Debit,3,No,,,,,,,,,,,,
CUST05371,20,Female,Monthly,70.23,310.17,8,Credit Card,1,No,,,,,,,,,,,,
CUST05372,46,Female,Two Year,74.37,2463.17,35,Bank Transfer,1,Yes,,,,,,,,,,,,
CUST05373,58,Male,One Year,81.4,1227.34,16,Debit Card,2,No,,,,,,,,,,,,
CUST05374,46,Male,Monthly,62.23,1576.41,18,Credit Card,0,No,,,,,,,,,,,,
CUST05375,51,Female,Two Year,81.6,3568.27,59,Bank Transfer,2,No,,,,,,,,,,,,
CUST05376,51,Male,Monthly,76.29,2585.39,34,Bank Transfer,3,No,,,,,,,,,,,,
CUST05377,45,Female,Monthly,42.44,301.76,4,Credit Card,1,No,,,,,,,,,,,,
CUST05378,30,Male,Two Year,72.97,2947.4,69,Direct Debit,1,No,,,,,,,,,,,,
CUST05379,32,Male,Two Year,47.54,4803.75,65,Debit Card,2,No,,,,,,,,,,,,
CUST05380,77,Male,One Year,48.38,3010.63,61,Direct Debit,0,No,,,,,,,,,,,,
CUST05381,40,Male,Monthly,75.03,2367.23,46,Bank Transfer,2,No,,,,,,,,,,,,
CUST05382,61,Female,Monthly,20,1575.67,21,Bank Transfer,3,No,,,,,,,,,,,,
CUST05383,43,Male,Two Year,50.45,716.64,38,Direct Debit,0,No,,,,,,,,,,,,
CUST05384,21,Male,One Year,63.63,2980.22,60,Direct Debit,1,No,,,,,,,,,,,,
CUST05385,43,Male,Monthly,97.09,2164.37,36,Credit Card,1,No,,,,,,,,,,,,
CUST05386,57,Male,Monthly,55.74,552.93,6,Credit Card,0,No,,,,,,,,,,,,
CUST05387,26,Male,Two Year,100.87,2000.54,39,Debit Card,1,No,,,,,,,,,,,,
CUST05388,72,Female,Two Year,34.06,3126.35,29,Debit Card,2,No,,,,,,,,,,,,
CUST05389,22,Female,One Year,75.83,955.71,27,Direct Debit,1,No,,,,,,,,,,,,
CUST05390,73,Female,One Year,83.18,4897.64,69,Bank Transfer,4,No,,,,,,,,,,,,
CUST05391,49,Male,Monthly,46.2,798.94,9,Debit Card,4,No,,,,,,,,,,,,
CUST05392,37,Male,One Year,64.3,1174.5,24,Bank Transfer,3,Yes,,,,,,,,,,,,
CUST05393,67,Male,One Year,67.05,4316.57,63,Bank Transfer,1,No,,,,,,,,,,,,
CUST05394,28,Male,Monthly,82.09,1191.87,19,Bank Transfer,2,No,,,,,,,,,,,,
CUST05395,32,Female,Two Year,32.36,2297.16,30,Bank Transfer,1,No,,,,,,,,,,,,
CUST05396,49,Female,Two Year,107.58,1747.07,58,Debit Card,1,No,,,,,,,,,,,,
CUST05397,45,Female,Monthly,22.71,4624.68,40,Bank Transfer,2,Yes,,,,,,,,,,,,
CUST05398,39,Male,Two Year,74.13,1583.93,68,Direct Debit,0,No,,,,,,,,,,,,
CUST05399,58,Male,One Year,46.98,2249.94,32,Debit Card,2,No,,,,,,,,,,,,
CUST05400,34,Female,One Year,72.09,3263.38,65,Direct Debit,0,No,,,,,,,,,,,,
CUST05401,76,Male,Two Year,56.68,2428.77,34,Debit Card,2,No,,,,,,,,,,,,
CUST05402,43,Female,Monthly,92.72,1837.33,31,Debit Card,0,No,,,,,,,,,,,,
CUST05403,61,Female,One Year,70.96,5589.68,59,Direct Debit,2,No,,,,,,,,,,,,
CUST05404,24,Female,Monthly,57.31,1889.14,26,Bank Transfer,5,No,,,,,,,,,,,,
CUST05405,59,Female,One Year,49.03,1248.66,22,Direct Debit,2,No,,,,,,,,,,,,
CUST05406,74,Male,Monthly,77.66,1639,34,Direct Debit,0,No,,,,,,,,,,,,
CUST05407,43,Male,Monthly,78.86,954.97,13,Credit Card,2,Yes,,,,,,,,,,,,
CUST05408,42,Male,Monthly,61.84,4039.44,55,Direct Debit,4,No,,,,,,,,,,,,
CUST05409,27,Female,Monthly,72.14,528.6,8,Credit Card,1,No,,,,,,,,,,,,
CUST05410,76,Male,Monthly,76.5,4785.14,62,Credit Card,1,No,,,,,,,,,,,,
CUST05411,62,Female,Monthly,77.37,1721.05,22,Direct Debit,4,No,,,,,,,,,,,,
CUST05412,36,Female,One Year,40.18,4255.12,56,Debit Card,1,No,,,,,,,,,,,,
CUST05413,28,Female,Two Year,51.04,779.66,21,Direct Debit,1,No,,,,,,,,,,,,
CUST05414,30,Male,Two Year,74.47,2480.01,49,Bank Transfer,0,No,,,,,,,,,,,,
CUST05415,70,Male,Two Year,57.88,458.19,6,Debit Card,3,No,,,,,,,,,,,,
CUST05416,25,Female,Two Year,33.07,1961.07,35,Credit Card,1,No,,,,,,,,,,,,
CUST05417,57,Female,Monthly,95.64,870.38,27,Debit Card,1,No,,,,,,,,,,,,
CUST05418,21,Female,One Year,82.88,3808.66,40,Credit Card,4,No,,,,,,,,,,,,
CUST05419,64,Male,One Year,35.17,1159.38,14,Credit Card,4,No,,,,,,,,,,,,
CUST05420,48,Female,Monthly,51.87,1899.91,52,Bank Transfer,0,No,,,,,,,,,,,,
CUST05421,45,Female,One Year,100.6,2074.72,40,Direct Debit,0,No,,,,,,,,,,,,
CUST05422,28,Male,Monthly,70.86,4564.77,43,Debit Card,2,No,,,,,,,,,,,,
CUST05423,60,Female,Two Year,34.8,4098.55,58,Debit Card,2,No,,,,,,,,,,,,
CUST05424,18,Female,One Year,22.88,96.58,3,Credit Card,3,No,,,,,,,,,,,,
CUST05425,66,Male,Two Year,35.7,323.51,15,Credit Card,2,No,,,,,,,,,,,,
CUST05426,64,Male,Monthly,61.39,1662.58,45,Debit Card,0,No,,,,,,,,,,,,
CUST05427,69,Female,Monthly,74.88,670.09,11,Debit Card,2,No,,,,,,,,,,,,
CUST05428,55,Male,Two Year,39.1,2902.2,39,Bank Transfer,1,No,,,,,,,,,,,,
CUST05429,41,Female,Monthly,82.7,799.72,19,Credit Card,0,No,,,,,,,,,,,,
CUST05430,71,Female,Monthly,49.03,1672.91,20,Credit Card,2,No,,,,,,,,,,,,
CUST05431,77,Female,One Year,25.29,3267.76,71,Direct Debit,0,No,,,,,,,,,,,,
CUST05432,74,Female,Two Year,63.99,1401.23,56,Direct Debit,1,No,,,,,,,,,,,,
CUST05433,64,Male,Monthly,109.62,258.47,4,Credit Card,1,No,,,,,,,,,,,,
CUST05434,48,Male,Monthly,97.52,913.57,9,Bank Transfer,5,Yes,,,,,,,,,,,,
CUST05435,58,Female,Monthly,60.92,2385.19,25,Bank Transfer,8,Yes,,,,,,,,,,,,
CUST05436,63,Male,Monthly,75.25,3077.56,47,Direct Debit,0,No,,,,,,,,,,,,
CUST05437,67,Female,Monthly,49.26,3835.51,49,Direct Debit,5,No,,,,,,,,,,,,
CUST05438,43,Female,Two Year,26.67,1302.81,27,Debit Card,1,Yes,,,,,,,,,,,,
CUST05439,66,Male,One Year,49.92,718.34,28,Bank Transfer,1,No,,,,,,,,,,,,
CUST05440,67,Male,Two Year,81.62,2987.66,62,Direct Debit,1,No,,,,,,,,,,,,
CUST05441,22,Female,Monthly,41.06,1374.54,16,Bank Transfer,1,No,,,,,,,,,,,,
CUST05442,37,Female,One Year,83.62,1859.03,46,Direct Debit,1,No,,,,,,,,,,,,
CUST05443,69,Male,Two Year,87.94,4057.72,46,Debit Card,1,No,,,,,,,,,,,,
CUST05444,58,Female,One Year,60.13,3747.65,40,Direct Debit,5,Yes,,,,,,,,,,,,
CUST05445,28,Female,Monthly,64.62,2032.71,34,Direct Debit,1,No,,,,,,,,,,,,
CUST05446,73,Female,Two Year,97.34,692.24,10,Bank Transfer,0,No,,,,,,,,,,,,
CUST05447,71,Male,Monthly,68.51,94.22,1,Credit Card,1,Yes,,,,,,,,,,,,
CUST05448,50,Male,Two Year,100.28,4348.04,66,Direct Debit,4,No,,,,,,,,,,,,
CUST05449,67,Female,Monthly,30.41,1597.65,17,Direct Debit,1,Yes,,,,,,,,,,,,
CUST05450,55,Female,One Year,49.31,1371.14,47,Debit Card,0,No,,,,,,,,,,,,
CUST05451,44,Male,Two Year,63.75,1235.07,24,Credit Card,2,No,,,,,,,,,,,,
CUST05452,51,Female,Monthly,94.22,3138.43,50,Direct Debit,1,No,,,,,,,,,,,,
CUST05453,32,Female,Monthly,70.22,2578.56,29,Bank Transfer,2,No,,,,,,,,,,,,
CUST05454,49,Male,Monthly,56.89,4737.95,72,Bank Transfer,1,No,,,,,,,,,,,,
CUST05455,78,Female,Monthly,69.28,738.42,13,Direct Debit,0,No,,,,,,,,,,,,
CUST05456,75,Female,Monthly,75.05,4461.84,64,Debit Card,2,No,,,,,,,,,,,,
CUST05457,38,Male,One Year,64.59,2200.44,28,Direct Debit,1,No,,,,,,,,,,,,
CUST05458,63,Male,Monthly,85.61,334.05,5,Direct Debit,1,No,,,,,,,,,,,,
CUST05459,22,Female,Monthly,71.23,729.45,9,Direct Debit,3,Yes,,,,,,,,,,,,
CUST05460,23,Male,Monthly,64.46,961.62,14,Debit Card,2,Yes,,,,,,,,,,,,
CUST05461,55,Male,Monthly,90.28,664.58,10,Direct Debit,4,No,,,,,,,,,,,,
CUST05462,79,Female,One Year,93.47,2826.98,33,Bank Transfer,0,No,,,,,,,,,,,,
CUST05463,39,Female,One Year,86.07,3920.19,40,Debit Card,2,No,,,,,,,,,,,,
CUST05464,79,Female,Two Year,53.37,529.42,6,Debit Card,4,No,,,,,,,,,,,,
CUST05465,35,Female,Monthly,93.13,912.57,17,Bank Transfer,3,No,,,,,,,,,,,,
CUST05466,31,Male,Monthly,89.13,3430.06,36,Bank Transfer,1,No,,,,,,,,,,,,
CUST05467,27,Male,Monthly,48,5839.51,70,Direct Debit,3,No,,,,,,,,,,,,
CUST05468,63,Male,Monthly,57.55,2950.5,61,Direct Debit,1,No,,,,,,,,,,,,
CUST05469,30,Male,One Year,90.04,2797.98,49,Direct Debit,1,No,,,,,,,,,,,,
CUST05470,48,Female,One Year,89.21,6225.65,69,Direct Debit,0,No,,,,,,,,,,,,
CUST05471,47,Female,Monthly,58.25,6169.4,71,Credit Card,5,No,,,,,,,,,,,,
CUST05472,20,Female,Monthly,43.34,1390.88,24,Credit Card,2,No,,,,,,,,,,,,
CUST05473,47,Male,One Year,89.9,2345.88,51,Credit Card,0,No,,,,,,,,,,,,
CUST05474,23,Male,One Year,81.3,3682.07,42,Credit Card,0,No,,,,,,,,,,,,
CUST05475,46,Female,Monthly,64.72,1432.23,19,Debit Card,1,No,,,,,,,,,,,,
CUST05476,25,Male,One Year,45.76,3856.3,62,Bank Transfer,1,No,,,,,,,,,,,,
CUST05477,61,Male,Two Year,85.25,3043.53,67,Bank Transfer,1,No,,,,,,,,,,,,
CUST05478,62,Female,Monthly,50.03,2571.2,30,Bank Transfer,4,No,,,,,,,,,,,,
CUST05479,60,Male,Monthly,52.71,1878.98,38,Debit Card,2,No,,,,,,,,,,,,
CUST05480,61,Male,Monthly,73.28,332.79,6,Credit Card,1,No,,,,,,,,,,,,
CUST05481,50,Female,One Year,89.24,1719.25,22,Credit Card,1,No,,,,,,,,,,,,
CUST05482,34,Male,Monthly,64.85,979.57,11,Bank Transfer,6,Yes,,,,,,,,,,,,
CUST05483,65,Female,Two Year,56.9,4352.35,72,Credit Card,1,No,,,,,,,,,,,,
CUST05484,28,Male,One Year,86.99,1629.24,29,Debit Card,0,No,,,,,,,,,,,,
CUST05485,30,Male,Monthly,48,660.43,8,Credit Card,7,Yes,,,,,,,,,,,,
CUST05486,67,Male,Monthly,45.14,1621.8,35,Bank Transfer,0,No,,,,,,,,,,,,
CUST05487,28,Female,One Year,91.88,3423.19,72,Bank Transfer,0,No,,,,,,,,,,,,
CUST05488,48,Female,Monthly,37.36,6652.71,72,Debit Card,2,No,,,,,,,,,,,,
CUST05489,45,Female,Two Year,35.12,1769.59,45,Credit Card,1,No,,,,,,,,,,,,
CUST05490,61,Female,Monthly,49.15,1249.01,33,Credit Card,2,No,,,,,,,,,,,,
CUST05491,23,Female,Monthly,87.4,247.53,5,Debit Card,1,No,,,,,,,,,,,,
CUST05492,58,Male,One Year,87.27,5776.23,62,Direct Debit,3,No,,,,,,,,,,,,
CUST05493,33,Male,Monthly,34.53,3323.78,37,Credit Card,2,No,,,,,,,,,,,,
CUST05494,21,Male,One Year,53.94,549.61,17,Credit Card,0,No,,,,,,,,,,,,
CUST05495,52,Male,Monthly,36.84,1171.09,22,Credit Card,2,No,,,,,,,,,,,,
CUST05496,77,Male,One Year,83.73,1208.86,32,Direct Debit,1,No,,,,,,,,,,,,
CUST05497,65,Male,Monthly,46.94,1210.72,14,Direct Debit,1,Yes,,,,,,,,,,,,
CUST05498,73,Male,Monthly,75.57,992.97,20,Credit Card,1,No,,,,,,,,,,,,
CUST05499,76,Male,One Year,65.76,1699.06,22,Direct Debit,1,No,,,,,,,,,,,,
CUST05500,43,Male,Monthly,73.58,1843.41,30,Debit Card,4,No,,,,,,,,,,,,
CUST05501,79,Female,Monthly,37.9,3746.01,54,Direct Debit,3,No,,,,,,,,,,,,
CUST05502,74,Female,Monthly,87.05,1216.35,33,Debit Card,1,No,,,,,,,,,,,,
CUST05503,29,Male,Monthly,91.08,420.91,5,Credit Card,4,No,,,,,,,,,,,,
CUST05504,28,Male,Two Year,100.06,1566.41,18,Bank Transfer,3,No,,,,,,,,,,,,
CUST05505,54,Male,Monthly,66.13,6422.09,63,Direct Debit,4,No,,,,,,,,,,,,
CUST05506,42,Female,One Year,28.52,3007.77,46,Direct Debit,0,No,,,,,,,,,,,,
CUST05507,35,Male,Monthly,62.3,205.55,7,Bank Transfer,3,No,,,,,,,,,,,,
CUST05508,36,Female,Monthly,70.12,1774.03,29,Credit Card,1,No,,,,,,,,,,,,
CUST05509,40,Male,One Year,74.03,3852.37,57,Debit Card,2,No,,,,,,,,,,,,
CUST05510,72,Male,Monthly,34.59,3507.51,47,Direct Debit,1,No,,,,,,,,,,,,
CUST05511,55,Male,One Year,85.53,291.22,9,Debit Card,2,No,,,,,,,,,,,,
CUST05512,71,Male,Monthly,84.92,5440.81,59,Bank Transfer,1,Yes,,,,,,,,,,,,
CUST05513,35,Female,Monthly,80.37,6179.45,71,Credit Card,1,No,,,,,,,,,,,,
CUST05514,43,Male,One Year,54.56,5361.3,71,Credit Card,0,No,,,,,,,,,,,,
CUST05515,23,Female,Monthly,34.82,2392.03,43,Bank Transfer,2,No,,,,,,,,,,,,
CUST05516,21,Female,One Year,61.02,1914.5,59,Debit Card,2,No,,,,,,,,,,,,
CUST05517,61,Female,Monthly,89.73,366.48,6,Debit Card,2,Yes,,,,,,,,,,,,
CUST05518,68,Female,One Year,50.68,4596.56,53,Bank Transfer,6,No,,,,,,,,,,,,
CUST05519,46,Male,Monthly,49.19,3347.71,64,Credit Card,1,No,,,,,,,,,,,,
CUST05520,76,Male,One Year,41.44,196.35,4,Direct Debit,1,No,,,,,,,,,,,,
CUST05521,78,Male,Two Year,61.9,43.34,1,Credit Card,1,No,,,,,,,,,,,,
CUST05522,51,Female,Monthly,77.75,4145.65,70,Direct Debit,2,No,,,,,,,,,,,,
CUST05523,34,Male,Monthly,75.29,2470.48,31,Debit Card,3,No,,,,,,,,,,,,
CUST05524,60,Female,Two Year,45.51,5040.93,65,Credit Card,0,No,,,,,,,,,,,,
CUST05525,60,Male,Monthly,86.49,3128.89,69,Direct Debit,2,No,,,,,,,,,,,,
CUST05526,70,Female,One Year,83.46,1737.52,19,Bank Transfer,3,No,,,,,,,,,,,,
CUST05527,33,Male,Two Year,57.99,5433.16,69,Credit Card,0,No,,,,,,,,,,,,
CUST05528,19,Male,One Year,42.57,4166.75,69,Credit Card,1,No,,,,,,,,,,,,
CUST05529,51,Female,Monthly,96.49,1963.11,49,Direct Debit,0,No,,,,,,,,,,,,
CUST05530,72,Male,Monthly,76.5,2826.99,31,Debit Card,4,No,,,,,,,,,,,,
CUST05531,25,Female,Monthly,107.33,4370.77,60,Debit Card,3,No,,,,,,,,,,,,
CUST05532,30,Male,Monthly,41.92,7816.83,71,Credit Card,1,No,,,,,,,,,,,,
CUST05533,59,Male,Monthly,69.82,2356.88,55,Direct Debit,0,No,,,,,,,,,,,,
CUST05534,25,Female,One Year,99.45,2630.19,38,Credit Card,0,No,,,,,,,,,,,,
CUST05535,47,Female,Monthly,70.5,3184.43,33,Debit Card,3,Yes,,,,,,,,,,,,
CUST05536,49,Male,Two Year,20,430.63,6,Debit Card,6,No,,,,,,,,,,,,
CUST05537,53,Female,Two Year,20.19,245.2,13,Direct Debit,0,No,,,,,,,,,,,,
CUST05538,64,Female,Two Year,106.05,412.11,20,Debit Card,1,No,,,,,,,,,,,,
CUST05539,47,Female,Monthly,51.34,3617.45,37,Bank Transfer,0,No,,,,,,,,,,,,
CUST05540,18,Male,One Year,80.3,2178.88,45,Debit Card,0,No,,,,,,,,,,,,
CUST05541,60,Male,Monthly,44.54,4895.31,59,Debit Card,2,No,,,,,,,,,,,,
CUST05542,56,Female,Monthly,53.07,2454.66,52,Direct Debit,1,No,,,,,,,,,,,,
CUST05543,34,Female,One Year,85.63,890.39,18,Direct Debit,3,No,,,,,,,,,,,,
CUST05544,76,Female,One Year,75.25,2188.28,25,Credit Card,3,No,,,,,,,,,,,,
CUST05545,37,Male,Monthly,60.8,69.98,1,Bank Transfer,4,No,,,,,,,,,,,,
CUST05546,41,Male,Monthly,87.07,2643.95,41,Direct Debit,1,No,,,,,,,,,,,,
CUST05547,67,Female,Monthly,63.58,1540.09,18,Bank Transfer,4,Yes,,,,,,,,,,,,
CUST05548,39,Male,One Year,81.08,66.03,1,Debit Card,1,No,,,,,,,,,,,,
CUST05549,46,Male,Two Year,61.11,2996.55,39,Credit Card,3,No,,,,,,,,,,,,
CUST05550,39,Male,Monthly,76.69,2003.94,31,Credit Card,2,No,,,,,,,,,,,,
CUST05551,61,Female,Monthly,100.03,5383.28,71,Credit Card,2,No,,,,,,,,,,,,
CUST05552,26,Male,Two Year,73.6,3624.07,38,Bank Transfer,1,No,,,,,,,,,,,,
CUST05553,54,Male,Monthly,77.96,595.63,8,Direct Debit,2,Yes,,,,,,,,,,,,
CUST05554,27,Female,One Year,35.46,2560.8,34,Direct Debit,1,No,,,,,,,,,,,,
CUST05555,53,Female,Monthly,73.38,924.8,27,Credit Card,3,No,,,,,,,,,,,,
CUST05556,54,Male,Monthly,74.1,2823.03,41,Direct Debit,0,No,,,,,,,,,,,,
CUST05557,45,Male,Monthly,40.76,494.96,7,Direct Debit,2,No,,,,,,,,,,,,
CUST05558,45,Female,One Year,65.29,1366.48,32,Debit Card,1,No,,,,,,,,,,,,
CUST05559,59,Female,Monthly,65.95,1048.58,16,Debit Card,2,No,,,,,,,,,,,,
CUST05560,80,Female,Monthly,48.54,128.84,2,Bank Transfer,2,Yes,,,,,,,,,,,,
CUST05561,60,Female,Monthly,54.49,2230.61,43,Bank Transfer,2,No,,,,,,,,,,,,
CUST05562,38,Female,One Year,103.06,1769.57,31,Credit Card,4,No,,,,,,,,,,,,
CUST05563,41,Female,Two Year,62.15,4696.78,47,Debit Card,3,No,,,,,,,,,,,,
CUST05564,59,Male,Two Year,77.85,1923.21,33,Bank Transfer,1,No,,,,,,,,,,,,
CUST05565,77,Male,Monthly,99.31,1256.61,17,Bank Transfer,0,No,,,,,,,,,,,,
CUST05566,57,Male,Two Year,20,5513.04,54,Bank Transfer,3,No,,,,,,,,,,,,
CUST05567,19,Male,Monthly,114.43,1090.9,54,Direct Debit,2,No,,,,,,,,,,,,
CUST05568,72,Female,Monthly,78.91,6284.86,51,Credit Card,5,No,,,,,,,,,,,,
CUST05569,25,Male,One Year,46.37,3783.91,52,Debit Card,1,No,,,,,,,,,,,,
CUST05570,65,Female,Monthly,45.14,344.16,7,Direct Debit,1,No,,,,,,,,,,,,
CUST05571,44,Male,Monthly,85.65,2248.12,54,Bank Transfer,1,No,,,,,,,,,,,,
CUST05572,39,Male,Monthly,80.96,930.81,11,Direct Debit,3,No,,,,,,,,,,,,
CUST05573,54,Female,One Year,78.64,5354.09,62,Bank Transfer,2,No,,,,,,,,,,,,
CUST05574,44,Male,Monthly,52.5,2419,30,Bank Transfer,4,No,,,,,,,,,,,,
CUST05575,74,Male,Monthly,69.74,3032.38,57,Direct Debit,2,Yes,,,,,,,,,,,,
CUST05576,46,Male,One Year,50.86,3112.31,46,Credit Card,1,No,,,,,,,,,,,,
CUST05577,20,Female,One Year,60.33,3825.72,70,Direct Debit,2,No,,,,,,,,,,,,
CUST05578,61,Female,One Year,49.52,3770.41,66,Debit Card,3,No,,,,,,,,,,,,
CUST05579,30,Female,Monthly,57.29,2623.32,55,Debit Card,0,No,,,,,,,,,,,,
CUST05580,62,Male,Monthly,27.02,3297.81,58,Credit Card,1,No,,,,,,,,,,,,
CUST05581,27,Female,Monthly,95.47,254.04,10,Direct Debit,0,No,,,,,,,,,,,,
CUST05582,53,Male,One Year,47.18,377.21,4,Direct Debit,6,Yes,,,,,,,,,,,,
CUST05583,26,Female,One Year,89.74,2709.56,62,Credit Card,2,No,,,,,,,,,,,,
CUST05584,71,Female,Two Year,62.31,4120.68,43,Bank Transfer,3,No,,,,,,,,,,,,
CUST05585,73,Female,Monthly,59.46,2542.55,42,Direct Debit,4,No,,,,,,,,,,,,
CUST05586,72,Female,Monthly,67.4125,1457.59,24,Bank Transfer,4,No,,,,,,,,,,,,
CUST05587,44,Female,Monthly,108.41,149.41,5,Direct Debit,3,No,,,,,,,,,,,,
CUST05588,51,Female,Monthly,92.14,7747.35,68,Credit Card,4,No,,,,,,,,,,,,
CUST05589,68,Male,Monthly,40.72,4394.01,45,Credit Card,2,No,,,,,,,,,,,,
CUST05590,18,Female,Two Year,83.6,2487.17,59,Debit Card,1,No,,,,,,,,,,,,
CUST05591,49,Male,One Year,91.27,5167.73,65,Direct Debit,4,No,,,,,,,,,,,,
CUST05592,42,Male,Monthly,69.13,5627.23,63,Direct Debit,5,No,,,,,,,,,,,,
CUST05593,46,Male,One Year,72.42,4640.63,67,Direct Debit,3,No,,,,,,,,,,,,
CUST05594,24,Male,Monthly,65.8,3456,49,Debit Card,2,No,,,,,,,,,,,,
CUST05595,66,Male,One Year,48.09,2258.97,32,Direct Debit,1,No,,,,,,,,,,,,
CUST05596,20,Female,One Year,61.56,2522.55,50,Direct Debit,1,No,,,,,,,,,,,,
CUST05597,37,Male,Monthly,45.27,3741.26,58,Bank Transfer,2,No,,,,,,,,,,,,
CUST05598,37,Male,One Year,86.93,2301.73,52,Direct Debit,0,No,,,,,,,,,,,,
CUST05599,70,Female,One Year,103.29,2080.91,23,Credit Card,2,No,,,,,,,,,,,,
CUST05600,47,Male,Monthly,77.6,3155.25,30,Credit Card,7,Yes,,,,,,,,,,,,
CUST05601,52,Female,Monthly,59.87,5323.55,70,Debit Card,2,No,,,,,,,,,,,,
CUST05602,52,Female,Monthly,62.14,4120.38,71,Credit Card,0,No,,,,,,,,,,,,
CUST05603,66,Female,Monthly,77.64,1950.35,30,Credit Card,1,Yes,,,,,,,,,,,,
CUST05604,56,Female,Monthly,76.13,2917.17,37,Debit Card,3,No,,,,,,,,,,,,
CUST05605,44,Male,One Year,72.8,3383.53,48,Credit Card,0,Yes,,,,,,,,,,,,
CUST05606,43,Male,Monthly,49.9,2151.32,32,Direct Debit,1,No,,,,,,,,,,,,
CUST05607,31,Male,One Year,83.89,3684.12,70,Bank Transfer,2,No,,,,,,,,,,,,
CUST05608,34,Female,Two Year,67.02,2743.45,35,Debit Card,4,No,,,,,,,,,,,,
CUST05609,35,Male,One Year,75.07,4571.48,68,Debit Card,2,No,,,,,,,,,,,,
CUST05610,62,Male,One Year,20.1,2444.01,32,Bank Transfer,0,No,,,,,,,,,,,,
CUST05611,69,Male,Two Year,60.69,1264.83,59,Debit Card,0,No,,,,,,,,,,,,
CUST05612,46,Female,One Year,83.81,2129.09,35,Credit Card,2,No,,,,,,,,,,,,
CUST05613,37,Male,Monthly,46.54,1275.31,16,Bank Transfer,1,Yes,,,,,,,,,,,,
CUST05614,70,Female,Monthly,30.01,2327.41,52,Debit Card,1,No,,,,,,,,,,,,
CUST05615,44,Male,One Year,87.13,1837.69,66,Credit Card,0,No,,,,,,,,,,,,
CUST05616,35,Male,One Year,62.32,499.53,6,Debit Card,7,Yes,,,,,,,,,,,,
CUST05617,21,Male,Two Year,67.67,916.47,14,Debit Card,3,No,,,,,,,,,,,,
CUST05618,18,Female,One Year,70.14,2043.09,29,Direct Debit,0,No,,,,,,,,,,,,
CUST05619,67,Female,Two Year,73.82,1701.66,26,Debit Card,1,No,,,,,,,,,,,,
CUST05620,18,Male,Monthly,20,1324.42,18,Direct Debit,2,No,,,,,,,,,,,,
CUST05621,75,Male,One Year,52.77,77.46,4,Debit Card,1,No,,,,,,,,,,,,
CUST05622,43,Female,Two Year,67.99,3080.05,57,Direct Debit,2,No,,,,,,,,,,,,
CUST05623,62,Male,Monthly,72.83,3869.46,53,Direct Debit,1,No,,,,,,,,,,,,
CUST05624,37,Male,Monthly,71.73,1858.82,25,Credit Card,1,No,,,,,,,,,,,,
CUST05625,69,Male,Monthly,56.15,3503.84,47,Credit Card,2,Yes,,,,,,,,,,,,
CUST05626,40,Male,One Year,86.72,2872.21,52,Credit Card,2,No,,,,,,,,,,,,
CUST05627,27,Male,Monthly,60.85,2728.02,34,Credit Card,1,No,,,,,,,,,,,,
CUST05628,76,Male,One Year,72.84,960.84,16,Debit Card,0,No,,,,,,,,,,,,
CUST05629,28,Male,Monthly,102.56,2626.77,36,Direct Debit,4,Yes,,,,,,,,,,,,
CUST05630,58,Female,Monthly,32.88,2868.32,28,Direct Debit,7,Yes,,,,,,,,,,,,
CUST05631,58,Male,Two Year,23.51,2046.08,65,Debit Card,0,No,,,,,,,,,,,,
CUST05632,22,Female,Monthly,78.36,1685.95,72,Bank Transfer,1,No,,,,,,,,,,,,
CUST05633,75,Male,Monthly,80.39,4297.93,53,Bank Transfer,2,No,,,,,,,,,,,,
CUST05634,18,Female,Monthly,108,3274.54,42,Debit Card,4,No,,,,,,,,,,,,
CUST05635,49,Male,One Year,70.34,2096,19,Direct Debit,5,No,,,,,,,,,,,,
CUST05636,39,Female,Monthly,66.78,2923.24,44,Bank Transfer,0,No,,,,,,,,,,,,
CUST05637,51,Male,Monthly,51.88,1932.25,30,Direct Debit,0,Yes,,,,,,,,,,,,
CUST05638,73,Female,Two Year,92.55,2422.94,44,Credit Card,0,No,,,,,,,,,,,,
CUST05639,62,Male,Monthly,80.83,2549.48,27,Debit Card,6,Yes,,,,,,,,,,,,
CUST05640,58,Male,Monthly,86.46,2566.11,34,Bank Transfer,4,No,,,,,,,,,,,,
CUST05641,46,Female,Monthly,74.33,1996.9,24,Credit Card,2,No,,,,,,,,,,,,
CUST05642,21,Female,Monthly,85.99,4491.46,56,Direct Debit,1,No,,,,,,,,,,,,
CUST05643,22,Male,Monthly,92.24,579.79,7,Credit Card,8,Yes,,,,,,,,,,,,
CUST05644,28,Female,One Year,74.32,6353.12,68,Debit Card,1,No,,,,,,,,,,,,
CUST05645,73,Male,Two Year,60.36,3820.85,51,Credit Card,0,No,,,,,,,,,,,,
CUST05646,68,Male,Monthly,45.33,475.34,8,Credit Card,1,No,,,,,,,,,,,,
CUST05647,38,Female,One Year,73.46,2349.12,56,Credit Card,2,No,,,,,,,,,,,,
CUST05648,52,Male,Monthly,94.47,4113.66,58,Direct Debit,1,No,,,,,,,,,,,,
CUST05649,29,Female,One Year,74.02,6991.25,69,Credit Card,1,No,,,,,,,,,,,,
CUST05650,43,Male,Monthly,37.96,546.61,8,Credit Card,1,No,,,,,,,,,,,,
CUST05651,68,Female,Monthly,105.1,2591.82,66,Direct Debit,1,No,,,,,,,,,,,,
CUST05652,36,Female,Monthly,80.08,2680.91,24,Debit Card,0,No,,,,,,,,,,,,
CUST05653,62,Female,Monthly,64.79,3504.56,42,Credit Card,2,No,,,,,,,,,,,,
CUST05654,77,Female,One Year,60.6,3399.72,54,Bank Transfer,2,No,,,,,,,,,,,,
CUST05655,24,Male,One Year,24.85,972.78,16,Credit Card,0,No,,,,,,,,,,,,
CUST05656,64,Female,Monthly,45.78,105.25,4,Debit Card,1,Yes,,,,,,,,,,,,
CUST05657,72,Male,Two Year,52.05,2906.5,59,Direct Debit,1,No,,,,,,,,,,,,
CUST05658,24,Female,Monthly,77.4,2239.93,46,Credit Card,0,No,,,,,,,,,,,,
CUST05659,43,Female,One Year,66.37,945.72,13,Direct Debit,1,No,,,,,,,,,,,,
CUST05660,57,Male,Monthly,90.66,2634.78,37,Credit Card,4,No,,,,,,,,,,,,
CUST05661,22,Female,Monthly,26.49,5187.52,54,Direct Debit,1,No,,,,,,,,,,,,
CUST05662,38,Male,Monthly,114.48,1238.01,49,Direct Debit,1,No,,,,,,,,,,,,
CUST05663,31,Female,Monthly,93.66,7139.27,58,Debit Card,4,Yes,,,,,,,,,,,,
CUST05664,21,Male,Monthly,73.33,1696.69,19,Credit Card,5,No,,,,,,,,,,,,
CUST05665,40,Female,One Year,58.77,1233.04,18,Direct Debit,1,No,,,,,,,,,,,,
CUST05666,59,Male,One Year,80.37,3628.82,60,Bank Transfer,4,No,,,,,,,,,,,,
CUST05667,37,Female,One Year,62.12,1374.99,17,Debit Card,4,No,,,,,,,,,,,,
CUST05668,32,Male,Two Year,58.13,654.86,11,Credit Card,1,No,,,,,,,,,,,,
CUST05669,67,Female,Two Year,81.14,931.7,15,Direct Debit,0,No,,,,,,,,,,,,
CUST05670,69,Male,One Year,83.22,5752.57,72,Debit Card,3,No,,,,,,,,,,,,
CUST05671,62,Female,One Year,77.15,1392.76,17,Credit Card,2,No,,,,,,,,,,,,
CUST05672,46,Male,Monthly,50.44,393.89,5,Direct Debit,1,No,,,,,,,,,,,,
CUST05673,25,Female,Two Year,63.23,2944.31,61,Debit Card,0,No,,,,,,,,,,,,
CUST05674,58,Male,One Year,44.07,256.43,4,Debit Card,3,Yes,,,,,,,,,,,,
CUST05675,65,Female,Monthly,41.5,2414.21,56,Bank Transfer,0,No,,,,,,,,,,,,
CUST05676,36,Male,Monthly,49.96,2054.15,48,Direct Debit,0,No,,,,,,,,,,,,
CUST05677,65,Female,Two Year,89.95,2301.28,48,Credit Card,0,No,,,,,,,,,,,,
CUST05678,56,Male,Monthly,73.25,2989.81,35,Direct Debit,2,No,,,,,,,,,,,,
CUST05679,63,Female,Monthly,89.07,2320.49,33,Direct Debit,1,No,,,,,,,,,,,,
CUST05680,45,Male,Monthly,96.73,2000.93,21,Credit Card,3,No,,,,,,,,,,,,
CUST05681,63,Male,Monthly,78.7,510.67,5,Debit Card,4,No,,,,,,,,,,,,
CUST05682,74,Female,Monthly,49.22,5301.86,64,Direct Debit,2,No,,,,,,,,,,,,
CUST05683,44,Male,Monthly,85.05,3548.71,69,Debit Card,0,No,,,,,,,,,,,,
CUST05684,21,Male,Monthly,39.81,1825.19,21,Debit Card,1,No,,,,,,,,,,,,
CUST05685,75,Female,Two Year,58.65,1192.06,32,Bank Transfer,0,No,,,,,,,,,,,,
CUST05686,32,Female,Monthly,97.46,1026.08,18,Direct Debit,3,Yes,,,,,,,,,,,,
CUST05687,52,Female,Monthly,70.35,5708.64,58,Bank Transfer,5,No,,,,,,,,,,,,
CUST05688,54,Male,Monthly,77.87,1581.9,24,Bank Transfer,1,No,,,,,,,,,,,,
CUST05689,18,Male,Monthly,20,360.08,5,Debit Card,4,Yes,,,,,,,,,,,,
CUST05690,20,Female,Two Year,55.6,991.05,53,Bank Transfer,0,No,,,,,,,,,,,,
CUST05691,64,Male,Two Year,75.44,2866.24,55,Credit Card,1,No,,,,,,,,,,,,
CUST05692,41,Female,Monthly,71.86,353.63,5,Debit Card,3,No,,,,,,,,,,,,
CUST05693,44,Male,Monthly,81.36,4712.54,69,Credit Card,1,No,,,,,,,,,,,,
CUST05694,57,Female,One Year,59.08,3335.28,41,Bank Transfer,2,No,,,,,,,,,,,,
CUST05695,80,Female,Monthly,94.6,399.36,7,Credit Card,1,Yes,,,,,,,,,,,,
CUST05696,78,Female,Monthly,61.15,100.05,1,Bank Transfer,1,No,,,,,,,,,,,,
CUST05697,53,Male,Monthly,61.76,3371.17,52,Direct Debit,0,No,,,,,,,,,,,,
CUST05698,51,Female,Two Year,50.3,1713.73,26,Debit Card,0,No,,,,,,,,,,,,
CUST05699,46,Male,Monthly,80.87,3154.28,63,Credit Card,0,No,,,,,,,,,,,,
CUST05700,41,Female,Monthly,54.63,1012.99,12,Credit Card,6,Yes,,,,,,,,,,,,
CUST05701,41,Female,Monthly,75.96,3879.77,70,Direct Debit,3,No,,,,,,,,,,,,
CUST05702,59,Male,Monthly,80.1,1361.12,19,Direct Debit,2,No,,,,,,,,,,,,
CUST05703,21,Male,One Year,87.22,327.36,4,Credit Card,4,No,,,,,,,,,,,,
CUST05704,20,Female,Monthly,113.66,459.62,5,Direct Debit,2,Yes,,,,,,,,,,,,
CUST05705,51,Male,Two Year,67.4125,5988.31,54,Credit Card,6,No,,,,,,,,,,,,
CUST05706,74,Male,Monthly,64.87,5209.09,70,Bank Transfer,2,No,,,,,,,,,,,,
CUST05707,66,Male,Monthly,57.18,3860,57,Bank Transfer,3,No,,,,,,,,,,,,
CUST05708,40,Male,Monthly,78.54,3041.67,52,Credit Card,0,No,,,,,,,,,,,,
CUST05709,70,Female,One Year,68.85,1500.41,18,Debit Card,4,No,,,,,,,,,,,,
CUST05710,73,Female,Monthly,54.31,4155.99,64,Direct Debit,4,No,,,,,,,,,,,,
CUST05711,69,Male,Monthly,47.22,572.94,10,Debit Card,1,Yes,,,,,,,,,,,,
CUST05712,40,Female,One Year,95.97,1105.3,23,Debit Card,2,No,,,,,,,,,,,,
CUST05713,62,Female,Monthly,77.48,6897.33,68,Bank Transfer,1,Yes,,,,,,,,,,,,
CUST05714,22,Female,Two Year,96.61,4050.03,52,Credit Card,1,No,,,,,,,,,,,,
CUST05715,48,Male,Monthly,43.17,4415.68,47,Direct Debit,2,No,,,,,,,,,,,,
CUST05716,79,Male,Monthly,59.1,3213.94,70,Credit Card,0,No,,,,,,,,,,,,
CUST05717,70,Female,One Year,53.4,1629.39,26,Credit Card,1,No,,,,,,,,,,,,
CUST05718,79,Female,Monthly,68.33,3599.05,70,Direct Debit,1,No,,,,,,,,,,,,
CUST05719,58,Male,One Year,55.64,3052.95,43,Direct Debit,2,No,,,,,,,,,,,,
CUST05720,74,Female,Monthly,99.59,3588.11,69,Direct Debit,2,No,,,,,,,,,,,,
CUST05721,78,Male,Monthly,55.31,5858.55,63,Credit Card,1,No,,,,,,,,,,,,
CUST05722,74,Male,Two Year,103.73,3657.12,66,Direct Debit,0,No,,,,,,,,,,,,
CUST05723,77,Female,One Year,88.54,6049.58,63,Debit Card,2,No,,,,,,,,,,,,
CUST05724,71,Female,Monthly,86.99,1138.82,13,Debit Card,2,No,,,,,,,,,,,,
CUST05725,23,Male,Monthly,105.01,4642.87,51,Direct Debit,4,No,,,,,,,,,,,,
CUST05726,54,Female,Monthly,67.84,557.77,5,Credit Card,6,Yes,,,,,,,,,,,,
CUST05727,74,Female,One Year,80.96,3063.38,47,Bank Transfer,5,No,,,,,,,,,,,,
CUST05728,27,Female,One Year,76.89,2717.29,36,Direct Debit,2,Yes,,,,,,,,,,,,
CUST05729,57,Female,Monthly,53.18,2825.91,36,Credit Card,1,No,,,,,,,,,,,,
CUST05730,24,Male,Monthly,57.92,2558.95,50,Bank Transfer,2,No,,,,,,,,,,,,
CUST05731,56,Male,Monthly,66.47,2996.21,56,Credit Card,3,No,,,,,,,,,,,,
CUST05732,55,Male,Monthly,73.64,1188.41,19,Direct Debit,1,No,,,,,,,,,,,,
CUST05733,38,Female,One Year,86.69,1576.1,20,Bank Transfer,5,Yes,,,,,,,,,,,,
CUST05734,78,Female,Monthly,80.84,2021.63,22,Credit Card,2,No,,,,,,,,,,,,
CUST05735,37,Male,Monthly,80.32,2638.21,31,Debit Card,2,No,,,,,,,,,,,,
CUST05736,20,Male,Monthly,65.61,4851.94,62,Bank Transfer,2,No,,,,,,,,,,,,
CUST05737,68,Male,Monthly,25.35,2985.93,44,Direct Debit,2,No,,,,,,,,,,,,
CUST05738,39,Male,Monthly,77.22,1849.85,68,Debit Card,2,No,,,,,,,,,,,,
CUST05739,64,Female,Two Year,47.85,5229.68,67,Credit Card,3,No,,,,,,,,,,,,
CUST05740,21,Female,One Year,113.11,2282.04,49,Direct Debit,1,No,,,,,,,,,,,,
CUST05741,45,Male,Monthly,71.09,6993.1,59,Credit Card,2,Yes,,,,,,,,,,,,
CUST05742,29,Female,One Year,93.06,281.19,4,Direct Debit,3,Yes,,,,,,,,,,,,
CUST05743,55,Female,One Year,67.4125,3674.25,39,Debit Card,3,No,,,,,,,,,,,,
CUST05744,68,Female,Monthly,94.33,345.97,7,Bank Transfer,1,No,,,,,,,,,,,,
CUST05745,80,Male,Monthly,84.71,6394.62,71,Debit Card,0,No,,,,,,,,,,,,
CUST05746,53,Male,Monthly,78.49,3819.17,49,Bank Transfer,2,No,,,,,,,,,,,,
CUST05747,64,Male,Monthly,44.63,1271.32,15,Direct Debit,1,No,,,,,,,,,,,,
CUST05748,58,Female,One Year,54.76,308.25,7,Direct Debit,3,No,,,,,,,,,,,,
CUST05749,22,Female,Monthly,73.35,2484.7,47,Bank Transfer,3,No,,,,,,,,,,,,
CUST05750,30,Female,Two Year,50.67,5199.99,68,Direct Debit,3,No,,,,,,,,,,,,
CUST05751,40,Male,One Year,54.91,2313.91,45,Bank Transfer,2,No,,,,,,,,,,,,
CUST05752,75,Male,Monthly,51.99,1106.8,19,Credit Card,1,No,,,,,,,,,,,,
CUST05753,67,Male,Two Year,80.15,2553.43,47,Direct Debit,0,No,,,,,,,,,,,,
CUST05754,47,Female,Monthly,100.13,4099.62,53,Bank Transfer,1,No,,,,,,,,,,,,
CUST05755,79,Male,Monthly,73.73,2743.41,27,Debit Card,0,Yes,,,,,,,,,,,,
CUST05756,54,Male,One Year,94.24,368.81,5,Credit Card,2,No,,,,,,,,,,,,
CUST05757,42,Female,Monthly,68.18,6066.12,60,Debit Card,2,No,,,,,,,,,,,,
CUST05758,65,Female,Monthly,105.72,4051.02,62,Credit Card,2,No,,,,,,,,,,,,
CUST05759,44,Female,One Year,88.77,6021.75,59,Direct Debit,3,No,,,,,,,,,,,,
CUST05760,68,Male,Two Year,87.19,5779.23,61,Direct Debit,1,No,,,,,,,,,,,,
CUST05761,31,Female,Monthly,80.59,4849.68,56,Debit Card,1,No,,,,,,,,,,,,
CUST05762,74,Male,Monthly,79.63,3761.82,47,Credit Card,2,No,,,,,,,,,,,,
CUST05763,79,Female,Monthly,36.19,4047.42,48,Credit Card,0,No,,,,,,,,,,,,
CUST05764,65,Male,One Year,40.79,350.09,10,Debit Card,0,No,,,,,,,,,,,,
CUST05765,76,Male,Monthly,75.02,1346.4,32,Credit Card,1,No,,,,,,,,,,,,
CUST05766,64,Female,Two Year,67.75,5049.13,65,Direct Debit,1,No,,,,,,,,,,,,
CUST05767,71,Female,One Year,76.64,1611.01,24,Debit Card,4,No,,,,,,,,,,,,
CUST05768,53,Female,One Year,38.95,2163.51,29,Debit Card,3,No,,,,,,,,,,,,
CUST05769,56,Male,Two Year,90.86,283.41,7,Credit Card,2,No,,,,,,,,,,,,
CUST05770,33,Male,Two Year,67.36,1484.3,17,Direct Debit,2,No,,,,,,,,,,,,
CUST05771,73,Female,Monthly,77.3,1770.03,25,Direct Debit,3,No,,,,,,,,,,,,
CUST05772,39,Female,Monthly,54.59,2745.58,36,Debit Card,2,Yes,,,,,,,,,,,,
CUST05773,38,Female,One Year,68.83,3073.38,61,Credit Card,1,No,,,,,,,,,,,,
CUST05774,71,Female,Two Year,112.31,4941.09,71,Direct Debit,1,No,,,,,,,,,,,,
CUST05775,38,Female,One Year,92.15,3738.66,35,Debit Card,3,No,,,,,,,,,,,,
CUST05776,25,Female,Monthly,54.67,4582.85,50,Direct Debit,1,No,,,,,,,,,,,,
CUST05777,66,Male,One Year,49.28,3212.56,56,Debit Card,1,No,,,,,,,,,,,,
CUST05778,49,Male,Monthly,69.65,3044.33,65,Direct Debit,2,No,,,,,,,,,,,,
CUST05779,76,Male,Two Year,64.74,2722.29,41,Debit Card,1,No,,,,,,,,,,,,
CUST05780,72,Male,Monthly,47.6,1611.73,25,Direct Debit,1,Yes,,,,,,,,,,,,
CUST05781,48,Female,Two Year,110.45,1612.32,34,Direct Debit,1,No,,,,,,,,,,,,
CUST05782,59,Female,Monthly,20.53,877.05,8,Credit Card,6,No,,,,,,,,,,,,
CUST05783,27,Female,Two Year,84.4,1185.46,56,Debit Card,0,No,,,,,,,,,,,,
CUST05784,49,Male,Monthly,105.41,2438.46,30,Credit Card,4,Yes,,,,,,,,,,,,
CUST05785,76,Male,One Year,38.1,6893.24,68,Direct Debit,0,No,,,,,,,,,,,,
CUST05786,51,Male,Two Year,58.41,738.95,21,Credit Card,2,Yes,,,,,,,,,,,,
CUST05787,80,Female,One Year,60.12,573.05,10,Credit Card,2,No,,,,,,,,,,,,
CUST05788,79,Male,One Year,101.24,1887.39,33,Debit Card,1,No,,,,,,,,,,,,
CUST05789,26,Female,Monthly,68.86,410.89,4,Bank Transfer,5,No,,,,,,,,,,,,
CUST05790,34,Male,Monthly,101.12,1502.99,23,Credit Card,1,No,,,,,,,,,,,,
CUST05791,28,Male,Two Year,87.24,7417.72,69,Bank Transfer,1,No,,,,,,,,,,,,
CUST05792,49,Female,Monthly,57.05,4881.92,53,Direct Debit,2,No,,,,,,,,,,,,
CUST05793,27,Female,One Year,42.13,297.35,5,Bank Transfer,5,No,,,,,,,,,,,,
CUST05794,39,Male,One Year,51.23,795.77,18,Debit Card,0,No,,,,,,,,,,,,
CUST05795,74,Female,Monthly,82.7,934.95,17,Credit Card,1,No,,,,,,,,,,,,
CUST05796,34,Female,Monthly,120,4658.31,58,Credit Card,3,No,,,,,,,,,,,,
CUST05797,21,Female,Monthly,61.53,8657.29,67,Debit Card,2,No,,,,,,,,,,,,
CUST05798,65,Female,Monthly,49.36,4706.97,72,Debit Card,1,No,,,,,,,,,,,,
CUST05799,69,Female,Two Year,79.05,2703.08,56,Bank Transfer,2,No,,,,,,,,,,,,
CUST05800,64,Male,One Year,65.92,3346.19,40,Bank Transfer,2,No,,,,,,,,,,,,
CUST05801,42,Female,Monthly,62.26,140.22,2,Debit Card,4,Yes,,,,,,,,,,,,
CUST05802,76,Male,Monthly,95.7,1210.41,21,Bank Transfer,0,No,,,,,,,,,,,,
CUST05803,38,Female,One Year,101.02,5275.75,52,Credit Card,0,No,,,,,,,,,,,,
CUST05804,54,Male,Monthly,76.22,2398.58,24,Direct Debit,4,No,,,,,,,,,,,,
CUST05805,55,Male,Monthly,58.02,4240.9,53,Credit Card,1,No,,,,,,,,,,,,
CUST05806,66,Female,Monthly,67.41,2067.59,38,Debit Card,1,No,,,,,,,,,,,,
CUST05807,18,Male,Two Year,92.24,1277.49,20,Credit Card,1,No,,,,,,,,,,,,
CUST05808,80,Male,Monthly,96.79,4965.3,50,Bank Transfer,3,No,,,,,,,,,,,,
CUST05809,42,Female,Monthly,84.64,3724.19,39,Debit Card,4,No,,,,,,,,,,,,
CUST05810,68,Female,Two Year,20,5320.91,60,Debit Card,0,No,,,,,,,,,,,,
CUST05811,53,Female,Monthly,70.29,811.23,39,Debit Card,1,No,,,,,,,,,,,,
CUST05812,34,Male,Two Year,86.06,5219,71,Debit Card,3,No,,,,,,,,,,,,
CUST05813,58,Female,Monthly,90.26,2960.22,33,Direct Debit,1,Yes,,,,,,,,,,,,
CUST05814,80,Male,Monthly,76.97,2790.91,29,Credit Card,1,No,,,,,,,,,,,,
CUST05815,41,Male,Monthly,69.57,781.1,10,Direct Debit,6,Yes,,,,,,,,,,,,
CUST05816,19,Female,Monthly,64.74,4605.59,67,Bank Transfer,4,No,,,,,,,,,,,,
CUST05817,57,Female,Monthly,53.48,207.43,3,Debit Card,1,No,,,,,,,,,,,,
CUST05818,32,Male,Monthly,57.54,1619.94,31,Direct Debit,1,No,,,,,,,,,,,,
CUST05819,49,Female,Monthly,98.18,1586.07,27,Credit Card,1,No,,,,,,,,,,,,
CUST05820,56,Male,Monthly,80.84,7263.2,70,Debit Card,1,No,,,,,,,,,,,,
CUST05821,76,Female,One Year,80.42,2327.97,27,Debit Card,2,No,,,,,,,,,,,,
CUST05822,23,Male,One Year,48.29,775.83,9,Bank Transfer,3,No,,,,,,,,,,,,
CUST05823,18,Female,Two Year,81.64,297.15,6,Direct Debit,1,No,,,,,,,,,,,,
CUST05824,64,Female,Monthly,97.57,507.1,6,Bank Transfer,2,No,,,,,,,,,,,,
CUST05825,40,Female,Two Year,74.28,2535.81,26,Direct Debit,1,No,,,,,,,,,,,,
CUST05826,75,Female,Monthly,86.38,3084.11,43,Direct Debit,2,No,,,,,,,,,,,,
CUST05827,56,Female,Monthly,61.54,1514.17,19,Debit Card,3,No,,,,,,,,,,,,
CUST05828,78,Female,Monthly,58.92,940.85,16,Debit Card,2,No,,,,,,,,,,,,
CUST05829,79,Male,One Year,68.17,1459.23,23,Credit Card,3,No,,,,,,,,,,,,
CUST05830,74,Male,Two Year,50.55,2073.84,29,Bank Transfer,2,No,,,,,,,,,,,,
CUST05831,34,Female,One Year,55.36,1914.46,38,Credit Card,3,No,,,,,,,,,,,,
CUST05832,51,Female,Monthly,63.17,3184.5,59,Bank Transfer,2,No,,,,,,,,,,,,
CUST05833,76,Male,One Year,74.73,2820.8,48,Direct Debit,1,No,,,,,,,,,,,,
CUST05834,58,Male,Monthly,57.8,1377.46,20,Direct Debit,0,No,,,,,,,,,,,,
CUST05835,46,Male,Monthly,72.49,1263.33,21,Bank Transfer,1,No,,,,,,,,,,,,
CUST05836,26,Female,Monthly,46.81,2187.41,28,Direct Debit,1,No,,,,,,,,,,,,
CUST05837,30,Male,Monthly,67.4125,2248.31,50,Direct Debit,1,No,,,,,,,,,,,,
CUST05838,23,Male,Monthly,26.02,2296.01,33,Bank Transfer,2,No,,,,,,,,,,,,
CUST05839,23,Female,One Year,91.23,1113.19,40,Bank Transfer,1,No,,,,,,,,,,,,
CUST05840,37,Female,Monthly,40.13,5006.87,54,Credit Card,2,No,,,,,,,,,,,,
CUST05841,69,Male,Monthly,102.36,380.36,10,Debit Card,1,No,,,,,,,,,,,,
CUST05842,70,Male,Monthly,68.32,3227.26,34,Bank Transfer,5,Yes,,,,,,,,,,,,
CUST05843,20,Female,Two Year,81.26,2484.54,36,Debit Card,5,No,,,,,,,,,,,,
CUST05844,34,Male,Monthly,63,564.5,7,Direct Debit,2,No,,,,,,,,,,,,
CUST05845,80,Female,Monthly,81.9,997.05,16,Credit Card,0,No,,,,,,,,,,,,
CUST05846,66,Female,Monthly,67.96,4490.51,51,Direct Debit,3,No,,,,,,,,,,,,
CUST05847,29,Male,One Year,47.98,3988.28,61,Direct Debit,2,No,,,,,,,,,,,,
CUST05848,65,Male,Monthly,86.35,1484.52,31,Direct Debit,3,No,,,,,,,,,,,,
CUST05849,64,Male,Monthly,54.19,2636.47,32,Debit Card,3,No,,,,,,,,,,,,
CUST05850,62,Male,Monthly,118.15,2369.02,45,Credit Card,4,No,,,,,,,,,,,,
CUST05851,72,Female,Monthly,52.98,3325.76,27,Direct Debit,2,No,,,,,,,,,,,,
CUST05852,18,Female,Monthly,32.1,1109.11,22,Bank Transfer,0,No,,,,,,,,,,,,
CUST05853,34,Male,One Year,93.62,495.1,15,Direct Debit,1,No,,,,,,,,,,,,
CUST05854,20,Male,Two Year,76.48,704.58,8,Direct Debit,8,No,,,,,,,,,,,,
CUST05855,43,Male,Two Year,73.45,4943.16,68,Credit Card,1,No,,,,,,,,,,,,
CUST05856,32,Male,One Year,59.34,542.76,8,Debit Card,3,Yes,,,,,,,,,,,,
CUST05857,53,Female,Monthly,62.49,969.26,16,Credit Card,2,No,,,,,,,,,,,,
CUST05858,49,Male,Two Year,58.05,3234.84,48,Direct Debit,1,No,,,,,,,,,,,,
CUST05859,49,Female,Two Year,77.66,2023.11,34,Credit Card,1,No,,,,,,,,,,,,
CUST05860,21,Male,Two Year,57.64,4726.44,57,Credit Card,1,No,,,,,,,,,,,,
CUST05861,35,Female,Monthly,61,289.42,5,Credit Card,3,No,,,,,,,,,,,,
CUST05862,66,Female,Monthly,74.99,2761.42,44,Direct Debit,1,No,,,,,,,,,,,,
CUST05863,36,Male,Two Year,88.33,5686.8,71,Bank Transfer,0,No,,,,,,,,,,,,
CUST05864,60,Male,Two Year,58.45,3051.84,37,Debit Card,1,No,,,,,,,,,,,,
CUST05865,69,Male,One Year,74.27,1662.11,28,Credit Card,2,No,,,,,,,,,,,,
CUST05866,52,Male,Two Year,86.39,5111.39,68,Debit Card,1,Yes,,,,,,,,,,,,
CUST05867,57,Female,One Year,50.93,3037.61,38,Direct Debit,1,No,,,,,,,,,,,,
CUST05868,31,Female,Monthly,65.94,2213.91,46,Debit Card,0,No,,,,,,,,,,,,
CUST05869,75,Female,Monthly,30.96,1728.8,26,Debit Card,2,No,,,,,,,,,,,,
CUST05870,50,Female,One Year,110.51,1640.27,53,Bank Transfer,0,No,,,,,,,,,,,,
CUST05871,31,Male,Monthly,66.21,6788.16,63,Direct Debit,2,No,,,,,,,,,,,,
CUST05872,51,Female,Two Year,89.88,4303.19,63,Credit Card,0,No,,,,,,,,,,,,
CUST05873,78,Female,Monthly,54.44,3339.06,38,Debit Card,0,No,,,,,,,,,,,,
CUST05874,72,Male,Two Year,53.89,851.73,15,Debit Card,1,No,,,,,,,,,,,,
CUST05875,21,Male,One Year,67.69,509.01,9,Debit Card,3,No,,,,,,,,,,,,
CUST05876,41,Female,Monthly,68.03,1523.63,22,Bank Transfer,3,Yes,,,,,,,,,,,,
CUST05877,76,Male,Monthly,112.37,4593.7,70,Debit Card,1,No,,,,,,,,,,,,
CUST05878,46,Male,One Year,77.49,6597.45,56,Direct Debit,0,No,,,,,,,,,,,,
CUST05879,36,Female,Monthly,77.44,2753.26,37,Bank Transfer,2,No,,,,,,,,,,,,
CUST05880,23,Female,One Year,71.88,4274.95,57,Debit Card,1,No,,,,,,,,,,,,
CUST05881,74,Male,Monthly,71.85,4387.88,60,Direct Debit,3,No,,,,,,,,,,,,
CUST05882,50,Male,Monthly,84.65,888.28,12,Debit Card,3,No,,,,,,,,,,,,
CUST05883,66,Female,Monthly,69.9,580.35,7,Bank Transfer,1,No,,,,,,,,,,,,
CUST05884,57,Female,Monthly,97.59,4680.86,66,Direct Debit,3,No,,,,,,,,,,,,
CUST05885,36,Male,Monthly,45.77,3839.85,41,Direct Debit,1,No,,,,,,,,,,,,
CUST05886,70,Female,Two Year,92.97,1150.3,24,Direct Debit,0,No,,,,,,,,,,,,
CUST05887,18,Female,Monthly,83.22,2507.26,25,Bank Transfer,0,Yes,,,,,,,,,,,,
CUST05888,22,Female,Two Year,102.62,5323.4,62,Debit Card,1,No,,,,,,,,,,,,
CUST05889,44,Male,Two Year,25.5,4384.78,44,Direct Debit,1,No,,,,,,,,,,,,
CUST05890,33,Male,Two Year,90.49,49.77,2,Credit Card,0,No,,,,,,,,,,,,
CUST05891,23,Female,Monthly,52.32,3515.1,42,Direct Debit,3,No,,,,,,,,,,,,
CUST05892,57,Male,One Year,87.16,1767.16,33,Direct Debit,1,No,,,,,,,,,,,,
CUST05893,30,Female,Monthly,88.76,1505.43,17,Direct Debit,2,Yes,,,,,,,,,,,,
CUST05894,65,Male,Monthly,45.59,5998.6,63,Credit Card,1,No,,,,,,,,,,,,
CUST05895,79,Male,Two Year,84.63,987.27,22,Direct Debit,0,No,,,,,,,,,,,,
CUST05896,52,Male,Monthly,53.8,90.49,1,Bank Transfer,0,No,,,,,,,,,,,,
CUST05897,36,Male,Two Year,50.37,3922.81,70,Bank Transfer,2,No,,,,,,,,,,,,
CUST05898,29,Female,One Year,31.79,2627.72,54,Direct Debit,3,No,,,,,,,,,,,,
CUST05899,33,Male,Monthly,99.76,410.63,14,Debit Card,2,No,,,,,,,,,,,,
CUST05900,76,Female,Monthly,63.92,5479.03,53,Credit Card,6,No,,,,,,,,,,,,
CUST05901,60,Female,One Year,43.09,383.3,6,Bank Transfer,2,Yes,,,,,,,,,,,,
CUST05902,27,Male,One Year,71.19,2961.55,64,Credit Card,2,No,,,,,,,,,,,,
CUST05903,42,Female,One Year,71.72,2169.64,33,Bank Transfer,3,No,,,,,,,,,,,,
CUST05904,37,Male,Monthly,51.74,5181.94,72,Debit Card,1,No,,,,,,,,,,,,
CUST05905,48,Female,Monthly,50.78,2381.76,44,Bank Transfer,0,No,,,,,,,,,,,,
CUST05906,21,Female,Monthly,92.95,1806.57,34,Credit Card,2,No,,,,,,,,,,,,
CUST05907,61,Male,Monthly,73.98,3247.3,34,Credit Card,2,Yes,,,,,,,,,,,,
CUST05908,40,Male,Monthly,55.76,1745.51,24,Bank Transfer,3,No,,,,,,,,,,,,
CUST05909,19,Female,Monthly,63.78,103.8,2,Bank Transfer,1,No,,,,,,,,,,,,
CUST05910,73,Female,Monthly,57.39,494.06,8,Debit Card,2,No,,,,,,,,,,,,
CUST05911,39,Male,One Year,32.6,1469.45,25,Direct Debit,2,No,,,,,,,,,,,,
CUST05912,68,Female,One Year,90.29,1088.44,32,Bank Transfer,2,No,,,,,,,,,,,,
CUST05913,74,Male,Monthly,58.15,5313,56,Direct Debit,4,No,,,,,,,,,,,,
CUST05914,54,Female,One Year,60.92,424.9,7,Debit Card,1,No,,,,,,,,,,,,
CUST05915,25,Male,One Year,80.19,2841.72,48,Credit Card,1,No,,,,,,,,,,,,
CUST05916,24,Female,Monthly,94.19,4464.73,54,Credit Card,0,No,,,,,,,,,,,,
CUST05917,31,Male,Monthly,75.43,6379.33,63,Credit Card,5,Yes,,,,,,,,,,,,
CUST05918,73,Female,Monthly,49.54,142.09,2,Direct Debit,5,Yes,,,,,,,,,,,,
CUST05919,72,Female,Monthly,63.77,1798.09,35,Direct Debit,1,No,,,,,,,,,,,,
CUST05920,20,Female,Monthly,69.73,1382.73,22,Direct Debit,2,No,,,,,,,,,,,,
CUST05921,67,Female,Monthly,27.79,4266.36,64,Debit Card,4,Yes,,,,,,,,,,,,
CUST05922,33,Female,One Year,71.87,1592.4,59,Debit Card,1,No,,,,,,,,,,,,
CUST05923,72,Female,Two Year,82.71,3333.7,49,Direct Debit,1,No,,,,,,,,,,,,
CUST05924,36,Female,Monthly,68,4517.92,52,Bank Transfer,1,Yes,,,,,,,,,,,,
CUST05925,68,Female,One Year,47.78,1402.29,21,Direct Debit,3,No,,,,,,,,,,,,
CUST05926,35,Female,One Year,75.44,613.51,12,Credit Card,1,No,,,,,,,,,,,,
CUST05927,69,Female,Monthly,80.89,891.76,11,Debit Card,3,Yes,,,,,,,,,,,,
CUST05928,33,Male,Two Year,64.66,4693.56,54,Direct Debit,2,No,,,,,,,,,,,,
CUST05929,25,Female,Monthly,78.54,4276.87,70,Direct Debit,0,No,,,,,,,,,,,,
CUST05930,77,Male,Two Year,78.9,1072.53,14,Direct Debit,3,No,,,,,,,,,,,,
CUST05931,50,Female,Monthly,33.18,2524.71,33,Debit Card,2,No,,,,,,,,,,,,
CUST05932,66,Female,Monthly,53.89,921.02,26,Direct Debit,3,No,,,,,,,,,,,,
CUST05933,49,Female,One Year,73.16,704.54,14,Debit Card,1,No,,,,,,,,,,,,
CUST05934,79,Male,Two Year,73.91,3561.47,48,Credit Card,3,No,,,,,,,,,,,,
CUST05935,70,Male,Monthly,82.95,4792.91,65,Bank Transfer,3,No,,,,,,,,,,,,
CUST05936,28,Female,One Year,68.58,4106.47,46,Direct Debit,0,No,,,,,,,,,,,,
CUST05937,22,Male,One Year,82.95,4051.5,55,Credit Card,2,No,,,,,,,,,,,,
CUST05938,44,Male,Monthly,62.51,5572.01,68,Bank Transfer,2,No,,,,,,,,,,,,
CUST05939,29,Female,Monthly,76.14,743.08,12,Bank Transfer,1,No,,,,,,,,,,,,
CUST05940,34,Female,Monthly,48.46,4035.6,54,Bank Transfer,1,No,,,,,,,,,,,,
CUST05941,23,Male,Monthly,82.64,3244.94,64,Credit Card,0,No,,,,,,,,,,,,
CUST05942,50,Female,One Year,65.28,3635.61,47,Credit Card,1,No,,,,,,,,,,,,
CUST05943,22,Male,Two Year,42.14,2267.02,37,Direct Debit,1,No,,,,,,,,,,,,
CUST05944,74,Female,One Year,56.43,1784.32,41,Bank Transfer,1,No,,,,,,,,,,,,
CUST05945,45,Male,Two Year,119.34,1405.79,27,Direct Debit,0,No,,,,,,,,,,,,
CUST05946,31,Female,Monthly,65.02,5149.44,42,Debit Card,3,Yes,,,,,,,,,,,,
CUST05947,22,Male,Monthly,56.13,4158.69,68,Credit Card,0,No,,,,,,,,,,,,
CUST05948,71,Female,Two Year,47.21,1702.31,29,Credit Card,0,No,,,,,,,,,,,,
CUST05949,73,Male,Two Year,49.97,1764.72,36,Credit Card,0,No,,,,,,,,,,,,
CUST05950,76,Female,Monthly,50.71,2703.49,57,Credit Card,2,No,,,,,,,,,,,,
CUST05951,50,Male,Monthly,103.06,633.54,12,Credit Card,1,No,,,,,,,,,,,,
CUST05952,79,Male,Two Year,78.41,4853.06,45,Bank Transfer,3,No,,,,,,,,,,,,
CUST05953,67,Female,Monthly,42.73,1674.98,20,Direct Debit,1,No,,,,,,,,,,,,
CUST05954,65,Male,Monthly,66.04,1991.9,45,Direct Debit,0,No,,,,,,,,,,,,
CUST05955,58,Male,One Year,81.13,1608.26,23,Direct Debit,2,No,,,,,,,,,,,,
CUST05956,36,Male,Two Year,73.2,5140.71,62,Bank Transfer,0,No,,,,,,,,,,,,
CUST05957,39,Male,One Year,36.34,2538.78,34,Credit Card,0,No,,,,,,,,,,,,
CUST05958,22,Male,One Year,84.52,784.55,21,Debit Card,0,No,,,,,,,,,,,,
CUST05959,76,Male,Monthly,64.31,4245.93,51,Credit Card,5,No,,,,,,,,,,,,
CUST05960,19,Male,One Year,74.38,553.65,9,Direct Debit,3,No,,,,,,,,,,,,
CUST05961,47,Female,Monthly,98.98,733.48,10,Credit Card,3,Yes,,,,,,,,,,,,
CUST05962,64,Female,Two Year,70.15,5223.87,52,Credit Card,2,No,,,,,,,,,,,,
CUST05963,56,Male,Monthly,49.8,3252.72,45,Credit Card,0,No,,,,,,,,,,,,
CUST05964,21,Female,One Year,26.65,2571.66,52,Direct Debit,2,No,,,,,,,,,,,,
CUST05965,50,Female,Two Year,55.38,777.77,30,Direct Debit,0,No,,,,,,,,,,,,
CUST05966,30,Male,Monthly,45.55,3400.78,64,Debit Card,0,No,,,,,,,,,,,,
CUST05967,37,Male,Two Year,33.17,86.48,2,Debit Card,1,No,,,,,,,,,,,,
CUST05968,71,Female,Monthly,82.38,1619.18,49,Credit Card,1,Yes,,,,,,,,,,,,
CUST05969,24,Male,Monthly,79.44,3829.52,45,Credit Card,0,No,,,,,,,,,,,,
CUST05970,32,Male,Monthly,60.28,1421.75,17,Debit Card,1,Yes,,,,,,,,,,,,
CUST05971,40,Female,Two Year,40.37,1646.07,28,Debit Card,1,No,,,,,,,,,,,,
CUST05972,31,Female,Two Year,74.74,1848.96,45,Bank Transfer,2,No,,,,,,,,,,,,
CUST05973,40,Male,Monthly,82.12,1266.05,17,Debit Card,2,Yes,,,,,,,,,,,,
CUST05974,36,Female,Monthly,97.64,5206.53,59,Direct Debit,3,No,,,,,,,,,,,,
CUST05975,71,Female,Two Year,77.01,1450.59,14,Debit Card,1,No,,,,,,,,,,,,
CUST05976,46,Female,Monthly,75.62,817.2,10,Direct Debit,1,No,,,,,,,,,,,,
CUST05977,73,Female,One Year,67.97,1378.41,18,Direct Debit,2,No,,,,,,,,,,,,
CUST05978,37,Male,One Year,57.18,2354.91,35,Direct Debit,0,No,,,,,,,,,,,,
CUST05979,46,Female,Two Year,80.44,2811.33,48,Direct Debit,2,No,,,,,,,,,,,,
CUST05980,41,Male,One Year,68.45,4411.46,58,Bank Transfer,1,No,,,,,,,,,,,,
CUST05981,35,Male,Monthly,59.83,1307.6,18,Bank Transfer,2,No,,,,,,,,,,,,
CUST05982,80,Male,Two Year,61.81,2997.28,52,Debit Card,4,No,,,,,,,,,,,,
CUST05983,27,Male,Monthly,64.77,1951.29,30,Debit Card,2,No,,,,,,,,,,,,
CUST05984,58,Male,Monthly,78.19,2319.23,37,Credit Card,1,No,,,,,,,,,,,,
CUST05985,74,Male,Monthly,72.45,3138.62,40,Debit Card,2,No,,,,,,,,,,,,
CUST05986,25,Male,Two Year,50.54,453.64,6,Credit Card,0,No,,,,,,,,,,,,
CUST05987,43,Female,One Year,75.93,1738.83,35,Debit Card,3,No,,,,,,,,,,,,
CUST05988,79,Male,Monthly,47.15,1929.33,26,Direct Debit,0,No,,,,,,,,,,,,
CUST05989,46,Female,One Year,81.7,1502.28,30,Direct Debit,0,No,,,,,,,,,,,,
CUST05990,27,Male,Monthly,89.87,1825.55,24,Bank Transfer,1,No,,,,,,,,,,,,
CUST05991,34,Male,Two Year,79.72,5212.95,55,Credit Card,2,No,,,,,,,,,,,,
CUST05992,19,Male,Monthly,57.55,766.64,9,Credit Card,4,Yes,,,,,,,,,,,,
CUST05993,23,Male,One Year,87,3604.16,62,Credit Card,3,No,,,,,,,,,,,,
CUST05994,75,Female,One Year,44.12,1615.1,18,Bank Transfer,0,No,,,,,,,,,,,,
CUST05995,22,Male,Monthly,67.04,2380.25,51,Direct Debit,1,No,,,,,,,,,,,,
CUST05996,45,Female,Two Year,120,1260.62,19,Credit Card,1,No,,,,,,,,,,,,
CUST05997,79,Female,Monthly,48.07,8781.82,69,Bank Transfer,2,No,,,,,,,,,,,,
CUST05998,58,Male,One Year,57.37,1553.89,33,Bank Transfer,1,Yes,,,,,,,,,,,,
CUST05999,22,Female,One Year,60.11,2112.56,38,Credit Card,3,No,,,,,,,,,,,,
CUST06000,35,Male,One Year,47.54,841.84,13,Direct Debit,0,No,,,,,,,,,,,,
CUST06001,43,Female,Monthly,45.58,2154.71,49,Debit Card,2,No,,,,,,,,,,,,
CUST06002,37,Female,Two Year,71.24,2346,53,Direct Debit,1,No,,,,,,,,,,,,
CUST06003,58,Male,Monthly,98.23,70.77,1,Bank Transfer,4,Yes,,,,,,,,,,,,
CUST06004,66,Male,One Year,74.55,1143.09,12,Credit Card,3,Yes,,,,,,,,,,,,
CUST06005,44,Male,One Year,84.47,1726.84,24,Debit Card,2,Yes,,,,,,,,,,,,
CUST06006,66,Male,Two Year,80.92,82.72,1,Credit Card,0,No,,,,,,,,,,,,
CUST06007,29,Female,One Year,75.89,5412.81,68,Debit Card,1,No,,,,,,,,,,,,
CUST06008,24,Male,Monthly,26.75,494.82,7,Direct Debit,5,Yes,,,,,,,,,,,,
CUST06009,76,Male,Two Year,101.03,1927.03,69,Direct Debit,0,No,,,,,,,,,,,,
CUST06010,20,Male,Monthly,89.68,3731.02,39,Bank Transfer,1,No,,,,,,,,,,,,
CUST06011,27,Female,Monthly,66.96,2659.01,32,Bank Transfer,1,Yes,,,,,,,,,,,,
CUST06012,51,Male,Two Year,39.23,3328.49,49,Debit Card,1,No,,,,,,,,,,,,
CUST06013,42,Female,One Year,41.2,1248.94,31,Credit Card,2,No,,,,,,,,,,,,
CUST06014,52,Female,Monthly,40.44,128.75,3,Credit Card,0,No,,,,,,,,,,,,
CUST06015,33,Female,One Year,54.93,1775.32,47,Credit Card,2,No,,,,,,,,,,,,
CUST06016,19,Female,Monthly,78.95,780.67,15,Debit Card,0,No,,,,,,,,,,,,
CUST06017,77,Male,Monthly,64.82,3821.79,51,Bank Transfer,0,No,,,,,,,,,,,,
CUST06018,41,Male,Monthly,65.96,1381.61,21,Credit Card,2,No,,,,,,,,,,,,
CUST06019,27,Female,One Year,76.57,2872.99,41,Direct Debit,6,No,,,,,,,,,,,,
CUST06020,55,Female,One Year,90.9,237.3,3,Credit Card,1,No,,,,,,,,,,,,
CUST06021,39,Female,One Year,57.31,88.21,1,Credit Card,0,Yes,,,,,,,,,,,,
CUST06022,43,Male,Monthly,32.4,1271.52,21,Bank Transfer,1,Yes,,,,,,,,,,,,
CUST06023,60,Male,One Year,55.3,698.88,21,Direct Debit,2,No,,,,,,,,,,,,
CUST06024,72,Female,Monthly,82.6,2791.4,49,Direct Debit,2,No,,,,,,,,,,,,
CUST06025,56,Male,Monthly,77.69,5761.89,65,Bank Transfer,2,No,,,,,,,,,,,,
CUST06026,44,Male,Two Year,87.24,3414.82,41,Credit Card,1,No,,,,,,,,,,,,
CUST06027,46,Male,Monthly,52.05,5738.16,67,Direct Debit,7,No,,,,,,,,,,,,
CUST06028,64,Female,One Year,68.03,2233.61,42,Direct Debit,0,No,,,,,,,,,,,,
CUST06029,55,Male,Two Year,100.02,4470.27,69,Direct Debit,1,No,,,,,,,,,,,,
CUST06030,37,Male,Monthly,79.96,5620.79,57,Direct Debit,2,No,,,,,,,,,,,,
CUST06031,44,Female,One Year,30.51,3313.63,43,Credit Card,3,No,,,,,,,,,,,,
CUST06032,58,Male,One Year,70.31,358.35,12,Direct Debit,0,No,,,,,,,,,,,,
CUST06033,71,Female,Monthly,57.89,4626.13,64,Direct Debit,4,No,,,,,,,,,,,,
CUST06034,37,Female,One Year,35.9,2815.51,51,Bank Transfer,3,No,,,,,,,,,,,,
CUST06035,61,Male,One Year,98.91,2043.83,60,Direct Debit,2,No,,,,,,,,,,,,
CUST06036,36,Female,Monthly,41.91,6887.03,71,Bank Transfer,2,No,,,,,,,,,,,,
CUST06037,37,Female,Monthly,59.29,1098.03,28,Debit Card,2,No,,,,,,,,,,,,
CUST06038,52,Male,Two Year,92.11,4421.01,71,Bank Transfer,2,No,,,,,,,,,,,,
CUST06039,64,Male,One Year,51.16,1384.14,14,Direct Debit,1,No,,,,,,,,,,,,
CUST06040,19,Female,Monthly,69.45,1716.05,32,Debit Card,0,No,,,,,,,,,,,,
CUST06041,47,Male,Monthly,76.05,558.39,8,Bank Transfer,3,No,,,,,,,,,,,,
CUST06042,70,Female,One Year,54.29,2110.56,27,Bank Transfer,2,No,,,,,,,,,,,,
CUST06043,51,Female,Monthly,58.19,2847.22,50,Debit Card,2,No,,,,,,,,,,,,
CUST06044,39,Male,Monthly,69.78,3196.03,59,Bank Transfer,0,No,,,,,,,,,,,,
CUST06045,20,Female,One Year,76.65,3925.35,57,Bank Transfer,1,No,,,,,,,,,,,,
CUST06046,23,Male,One Year,85.08,216.84,3,Credit Card,2,No,,,,,,,,,,,,
CUST06047,32,Female,Monthly,50.6,2146.74,27,Direct Debit,4,No,,,,,,,,,,,,
CUST06048,44,Male,Monthly,67.4125,1791.69,34,Direct Debit,1,No,,,,,,,,,,,,
CUST06049,27,Female,Monthly,86.12,1006.39,26,Credit Card,2,Yes,,,,,,,,,,,,
CUST06050,26,Female,Monthly,95.18,3215.4,40,Bank Transfer,1,No,,,,,,,,,,,,
CUST06051,50,Female,Monthly,120,2889.23,32,Debit Card,3,Yes,,,,,,,,,,,,
CUST06052,49,Female,Monthly,67.4125,4700.23,41,Bank Transfer,5,No,,,,,,,,,,,,
CUST06053,65,Female,Monthly,104.12,253.71,2,Debit Card,4,Yes,,,,,,,,,,,,
CUST06054,23,Male,Monthly,40.96,7992.7,72,Debit Card,3,No,,,,,,,,,,,,
CUST06055,58,Female,Two Year,67.71,298.88,7,Debit Card,4,No,,,,,,,,,,,,
CUST06056,76,Female,Monthly,83.3,1347.5,19,Credit Card,2,No,,,,,,,,,,,,
CUST06057,53,Female,Monthly,80.81,2679.71,33,Debit Card,3,No,,,,,,,,,,,,
CUST06058,76,Female,Monthly,68.24,159.25,2,Bank Transfer,1,No,,,,,,,,,,,,
CUST06059,77,Male,Monthly,86.18,4411.5,67,Credit Card,1,No,,,,,,,,,,,,
CUST06060,19,Male,Two Year,60.1,1387.51,15,Debit Card,2,No,,,,,,,,,,,,
CUST06061,46,Male,Monthly,68.29,1308.07,21,Credit Card,1,No,,,,,,,,,,,,
CUST06062,21,Female,One Year,70.18,3926.83,59,Debit Card,0,No,,,,,,,,,,,,
CUST06063,18,Male,Monthly,70.15,2577.47,39,Credit Card,1,No,,,,,,,,,,,,
CUST06064,36,Female,Two Year,80.89,1334.49,20,Debit Card,1,No,,,,,,,,,,,,
CUST06065,43,Male,Monthly,52.65,77.06,1,Direct Debit,3,No,,,,,,,,,,,,
CUST06066,42,Male,Monthly,20,482.55,9,Bank Transfer,0,No,,,,,,,,,,,,
CUST06067,27,Male,Monthly,61.99,1085.76,51,Bank Transfer,1,No,,,,,,,,,,,,
CUST06068,70,Male,Monthly,74.34,2494.57,38,Bank Transfer,2,No,,,,,,,,,,,,
CUST06069,32,Female,Monthly,81.47,1038.33,15,Direct Debit,1,No,,,,,,,,,,,,
CUST06070,76,Male,Monthly,52.42,3452,41,Bank Transfer,1,No,,,,,,,,,,,,
CUST06071,39,Male,One Year,76.96,2332.74,47,Credit Card,0,No,,,,,,,,,,,,
CUST06072,68,Male,Monthly,76.35,1940.25,26,Direct Debit,0,Yes,,,,,,,,,,,,
CUST06073,65,Female,Monthly,56.37,4151.8,54,Credit Card,1,No,,,,,,,,,,,,
CUST06074,38,Female,Monthly,63.29,4161.14,70,Direct Debit,2,No,,,,,,,,,,,,
CUST06075,76,Male,One Year,47.41,2364.34,39,Debit Card,1,No,,,,,,,,,,,,
CUST06076,73,Female,Monthly,30.52,854.18,17,Credit Card,0,No,,,,,,,,,,,,
CUST06077,39,Male,Monthly,94.84,2216.64,70,Direct Debit,2,No,,,,,,,,,,,,
CUST06078,53,Male,Monthly,69.29,877.36,9,Credit Card,6,Yes,,,,,,,,,,,,
CUST06079,51,Female,One Year,58.3,3000.13,46,Credit Card,0,No,,,,,,,,,,,,
CUST06080,47,Male,One Year,77.44,348.36,6,Debit Card,3,No,,,,,,,,,,,,
CUST06081,42,Female,Monthly,80.16,5076.46,68,Bank Transfer,1,No,,,,,,,,,,,,
CUST06082,62,Male,Monthly,110.34,1300.65,16,Credit Card,1,No,,,,,,,,,,,,
CUST06083,45,Female,Monthly,95.46,3288.74,29,Bank Transfer,0,No,,,,,,,,,,,,
CUST06084,18,Male,Monthly,73.06,3641.69,41,Direct Debit,2,No,,,,,,,,,,,,
CUST06085,66,Female,One Year,113.74,5082.69,68,Credit Card,4,No,,,,,,,,,,,,
CUST06086,62,Female,Monthly,66.97,7049.75,62,Bank Transfer,4,No,,,,,,,,,,,,
CUST06087,21,Male,Monthly,88.22,2823.97,40,Direct Debit,1,No,,,,,,,,,,,,
CUST06088,24,Female,One Year,60.43,5726.29,62,Direct Debit,0,No,,,,,,,,,,,,
CUST06089,66,Male,Monthly,70.13,1430.13,24,Credit Card,2,No,,,,,,,,,,,,
CUST06090,26,Female,Monthly,83.82,452.84,6,Direct Debit,3,Yes,,,,,,,,,,,,
CUST06091,53,Male,Monthly,73.89,3399.42,40,Direct Debit,4,No,,,,,,,,,,,,
CUST06092,36,Male,Monthly,65.47,5556,70,Direct Debit,1,No,,,,,,,,,,,,
CUST06093,18,Female,Two Year,69.11,3930.48,58,Debit Card,1,No,,,,,,,,,,,,
CUST06094,27,Male,One Year,96.47,953.23,14,Credit Card,2,No,,,,,,,,,,,,
CUST06095,53,Female,Monthly,71,4156.24,45,Credit Card,1,No,,,,,,,,,,,,
CUST06096,26,Male,Monthly,58.98,423.64,6,Debit Card,1,Yes,,,,,,,,,,,,
CUST06097,62,Male,Monthly,69.87,1451.18,23,Credit Card,1,No,,,,,,,,,,,,
CUST06098,63,Female,Monthly,87.56,4075.65,62,Direct Debit,6,No,,,,,,,,,,,,
CUST06099,59,Female,Two Year,87.33,1479.07,17,Credit Card,0,No,,,,,,,,,,,,
CUST06100,49,Male,Monthly,59.07,5963.34,70,Direct Debit,3,No,,,,,,,,,,,,
CUST06101,49,Male,Two Year,53.37,1751.15,28,Credit Card,0,No,,,,,,,,,,,,
CUST06102,23,Male,Monthly,50.98,727.56,13,Debit Card,4,No,,,,,,,,,,,,
CUST06103,65,Male,Two Year,65.21,1490.75,29,Debit Card,2,No,,,,,,,,,,,,
CUST06104,55,Male,One Year,62.79,2894.57,45,Bank Transfer,3,No,,,,,,,,,,,,
CUST06105,34,Male,One Year,54.51,1292.81,20,Bank Transfer,1,No,,,,,,,,,,,,
CUST06106,27,Female,Monthly,81.11,3390.77,58,Bank Transfer,2,No,,,,,,,,,,,,
CUST06107,67,Female,Two Year,58.59,4100.44,54,Credit Card,0,No,,,,,,,,,,,,
CUST06108,44,Male,Monthly,44.23,3989.04,64,Credit Card,0,No,,,,,,,,,,,,
CUST06109,71,Male,Two Year,62.15,2224.24,52,Bank Transfer,2,No,,,,,,,,,,,,
CUST06110,67,Male,One Year,79.66,2460.46,43,Credit Card,0,No,,,,,,,,,,,,
CUST06111,52,Female,Monthly,43.83,1489.17,18,Credit Card,4,No,,,,,,,,,,,,
CUST06112,69,Female,Two Year,63.55,2476.04,54,Credit Card,2,No,,,,,,,,,,,,
CUST06113,76,Female,Two Year,55.98,3693.89,60,Direct Debit,2,No,,,,,,,,,,,,
CUST06114,38,Female,One Year,65.21,4151.65,71,Bank Transfer,0,No,,,,,,,,,,,,
CUST06115,80,Female,Monthly,60.66,68.32,1,Credit Card,2,Yes,,,,,,,,,,,,
CUST06116,42,Male,Two Year,76.84,2307.37,37,Credit Card,2,No,,,,,,,,,,,,
CUST06117,45,Male,One Year,66.14,3487.23,49,Debit Card,1,No,,,,,,,,,,,,
CUST06118,64,Female,One Year,112.74,2376.91,35,Debit Card,3,No,,,,,,,,,,,,
CUST06119,32,Male,Two Year,82.6,8076.17,67,Direct Debit,2,No,,,,,,,,,,,,
CUST06120,21,Female,Monthly,78.2,2946.65,35,Direct Debit,1,No,,,,,,,,,,,,
CUST06121,46,Female,Monthly,60.49,688.81,9,Debit Card,1,No,,,,,,,,,,,,
CUST06122,76,Female,One Year,58.94,2260.86,37,Bank Transfer,0,No,,,,,,,,,,,,
CUST06123,26,Male,Monthly,85.16,3815.43,60,Bank Transfer,1,No,,,,,,,,,,,,
CUST06124,44,Female,One Year,38.18,4748.04,56,Debit Card,1,No,,,,,,,,,,,,
CUST06125,43,Female,Monthly,92.03,483.2,12,Credit Card,3,No,,,,,,,,,,,,
CUST06126,36,Female,Monthly,94.65,6156.23,71,Debit Card,4,No,,,,,,,,,,,,
CUST06127,73,Female,Monthly,67.63,6243.27,71,Debit Card,1,No,,,,,,,,,,,,
CUST06128,45,Female,Monthly,92.55,265.77,4,Bank Transfer,2,No,,,,,,,,,,,,
CUST06129,34,Male,Monthly,65.01,5318.35,61,Credit Card,3,No,,,,,,,,,,,,
CUST06130,60,Male,Monthly,69.6,2846.12,45,Direct Debit,2,No,,,,,,,,,,,,
CUST06131,74,Male,Monthly,75.83,3599.95,50,Direct Debit,0,No,,,,,,,,,,,,
CUST06132,58,Male,One Year,54.29,3758.43,50,Debit Card,1,No,,,,,,,,,,,,
CUST06133,59,Female,Two Year,85.37,2531.38,48,Credit Card,4,No,,,,,,,,,,,,
CUST06134,67,Female,Monthly,60.31,2086.51,23,Bank Transfer,3,Yes,,,,,,,,,,,,
CUST06135,37,Male,Monthly,76.36,444.61,8,Direct Debit,2,No,,,,,,,,,,,,
CUST06136,62,Male,Monthly,120,2325.7,29,Direct Debit,1,No,,,,,,,,,,,,
CUST06137,57,Male,Monthly,71.16,5260.12,43,Credit Card,2,Yes,,,,,,,,,,,,
CUST06138,56,Female,Two Year,92.78,3497.79,53,Debit Card,0,No,,,,,,,,,,,,
CUST06139,66,Male,Monthly,89.5,515.19,6,Direct Debit,3,No,,,,,,,,,,,,
CUST06140,70,Male,Monthly,30.1,2035.24,24,Bank Transfer,0,No,,,,,,,,,,,,
CUST06141,40,Male,Monthly,60.08,453.59,14,Credit Card,2,No,,,,,,,,,,,,
CUST06142,64,Male,Two Year,97.61,2917.07,52,Direct Debit,1,No,,,,,,,,,,,,
CUST06143,49,Female,Monthly,42.51,7093.82,70,Debit Card,2,No,,,,,,,,,,,,
CUST06144,69,Male,One Year,67.49,167.36,4,Debit Card,4,No,,,,,,,,,,,,
CUST06145,64,Male,Monthly,114.37,3749.48,58,Debit Card,2,No,,,,,,,,,,,,
CUST06146,80,Male,Monthly,42.68,4282.47,37,Direct Debit,3,No,,,,,,,,,,,,
CUST06147,50,Female,One Year,94.47,2005.43,48,Credit Card,1,No,,,,,,,,,,,,
CUST06148,74,Female,Monthly,48.65,3572.43,39,Debit Card,5,No,,,,,,,,,,,,
CUST06149,63,Male,One Year,75.22,3077.13,66,Direct Debit,1,No,,,,,,,,,,,,
CUST06150,22,Male,One Year,85.38,971.26,13,Direct Debit,0,No,,,,,,,,,,,,
CUST06151,60,Female,Monthly,87.16,5337.19,66,Credit Card,3,No,,,,,,,,,,,,
CUST06152,65,Male,Monthly,46.53,5524.09,60,Debit Card,1,No,,,,,,,,,,,,
CUST06153,51,Female,One Year,94.09,1935.73,41,Credit Card,1,No,,,,,,,,,,,,
CUST06154,57,Male,Monthly,55.03,2800.3,32,Bank Transfer,1,No,,,,,,,,,,,,
CUST06155,28,Male,Monthly,40.35,2841.89,52,Debit Card,1,No,,,,,,,,,,,,
CUST06156,78,Female,Monthly,46.55,205.93,5,Credit Card,2,No,,,,,,,,,,,,
CUST06157,67,Female,One Year,43.08,3299.3,67,Debit Card,0,No,,,,,,,,,,,,
CUST06158,20,Female,Two Year,81.83,2626.5,66,Direct Debit,1,No,,,,,,,,,,,,
CUST06159,79,Male,One Year,91.86,4225.39,52,Direct Debit,1,No,,,,,,,,,,,,
CUST06160,75,Male,Monthly,73.2,4649.38,49,Debit Card,2,No,,,,,,,,,,,,
CUST06161,50,Male,Monthly,49.98,2019.59,29,Debit Card,5,No,,,,,,,,,,,,
CUST06162,28,Female,Monthly,58.84,1814.56,38,Credit Card,1,No,,,,,,,,,,,,
CUST06163,33,Female,Monthly,58.78,4111.99,70,Credit Card,2,No,,,,,,,,,,,,
CUST06164,35,Male,Two Year,40.46,499.17,8,Bank Transfer,3,No,,,,,,,,,,,,
CUST06165,47,Female,One Year,43.86,2348.29,59,Direct Debit,0,No,,,,,,,,,,,,
CUST06166,65,Female,One Year,71.25,2406.31,55,Direct Debit,1,No,,,,,,,,,,,,
CUST06167,72,Male,Monthly,55.9,145.6,2,Direct Debit,4,No,,,,,,,,,,,,
CUST06168,27,Female,Two Year,38.47,1409.4,26,Direct Debit,3,No,,,,,,,,,,,,
CUST06169,35,Male,Two Year,96.49,2565.96,63,Credit Card,1,No,,,,,,,,,,,,
CUST06170,55,Male,Monthly,57.79,1761.55,17,Direct Debit,3,No,,,,,,,,,,,,
CUST06171,80,Female,Monthly,45.77,3491.61,59,Debit Card,2,No,,,,,,,,,,,,
CUST06172,36,Male,Monthly,96.15,748.55,16,Direct Debit,0,No,,,,,,,,,,,,
CUST06173,53,Male,Monthly,68.66,5731.55,58,Debit Card,1,No,,,,,,,,,,,,
CUST06174,76,Female,Two Year,65.99,4179.03,64,Debit Card,2,No,,,,,,,,,,,,
CUST06175,80,Female,Monthly,50.24,3422.17,50,Credit Card,3,No,,,,,,,,,,,,
CUST06176,30,Female,One Year,59.01,1274.26,26,Credit Card,2,No,,,,,,,,,,,,
CUST06177,73,Female,One Year,56.2,1082.36,17,Bank Transfer,3,No,,,,,,,,,,,,
CUST06178,63,Male,Monthly,58.4,2689.5,46,Direct Debit,0,No,,,,,,,,,,,,
CUST06179,20,Female,Monthly,63.56,4024.42,68,Credit Card,2,No,,,,,,,,,,,,
CUST06180,27,Female,Two Year,52.33,3387.61,50,Credit Card,1,No,,,,,,,,,,,,
CUST06181,55,Male,Monthly,20,2419.42,43,Credit Card,0,Yes,,,,,,,,,,,,
CUST06182,18,Female,One Year,100.2,1008.86,48,Credit Card,0,No,,,,,,,,,,,,
CUST06183,72,Male,One Year,47.13,7093.34,68,Debit Card,5,No,,,,,,,,,,,,
CUST06184,73,Male,Monthly,28.88,832.52,19,Credit Card,1,No,,,,,,,,,,,,
CUST06185,44,Female,Two Year,95.18,745.8,25,Credit Card,0,No,,,,,,,,,,,,
CUST06186,63,Female,Monthly,54.61,6672.87,72,Direct Debit,3,No,,,,,,,,,,,,
CUST06187,25,Male,One Year,73.01,1050.6,18,Direct Debit,2,No,,,,,,,,,,,,
CUST06188,68,Male,One Year,87.71,3790.09,51,Debit Card,1,No,,,,,,,,,,,,
CUST06189,63,Female,Monthly,89.28,1546.11,18,Direct Debit,4,Yes,,,,,,,,,,,,
CUST06190,59,Male,Monthly,74.66,5044.83,58,Debit Card,2,No,,,,,,,,,,,,
CUST06191,34,Male,One Year,50.62,4820.16,64,Direct Debit,0,No,,,,,,,,,,,,
CUST06192,26,Female,One Year,45.76,3589.13,71,Bank Transfer,0,No,,,,,,,,,,,,
CUST06193,78,Female,Monthly,99.91,2562.78,57,Credit Card,1,No,,,,,,,,,,,,
CUST06194,23,Female,One Year,68.37,1619.24,17,Debit Card,1,No,,,,,,,,,,,,
CUST06195,60,Female,One Year,79.16,4225.18,59,Direct Debit,1,No,,,,,,,,,,,,
CUST06196,42,Female,Monthly,60.84,5247.21,67,Credit Card,1,No,,,,,,,,,,,,
CUST06197,56,Female,Monthly,77.6,854.03,15,Credit Card,2,Yes,,,,,,,,,,,,
CUST06198,66,Male,Monthly,63.15,1883.76,26,Direct Debit,0,No,,,,,,,,,,,,
CUST06199,77,Female,Monthly,64.25,2904.19,48,Credit Card,1,No,,,,,,,,,,,,
CUST06200,45,Male,Monthly,34.28,907.02,14,Debit Card,2,No,,,,,,,,,,,,
CUST06201,50,Male,Two Year,80.28,291.14,9,Direct Debit,1,No,,,,,,,,,,,,
CUST06202,71,Male,Monthly,24.18,536.34,7,Direct Debit,2,No,,,,,,,,,,,,
CUST06203,54,Female,Monthly,86.61,1330.26,55,Direct Debit,1,No,,,,,,,,,,,,
CUST06204,26,Male,One Year,107.82,992.39,12,Debit Card,1,No,,,,,,,,,,,,
CUST06205,35,Male,Monthly,62.45,1937.95,17,Credit Card,3,Yes,,,,,,,,,,,,
CUST06206,73,Female,Monthly,84.3,506.79,8,Direct Debit,4,No,,,,,,,,,,,,
CUST06207,76,Female,One Year,56.9,3305.97,42,Direct Debit,3,No,,,,,,,,,,,,
CUST06208,38,Female,One Year,63.55,1984,37,Bank Transfer,0,No,,,,,,,,,,,,
CUST06209,19,Male,One Year,55.57,1209.01,20,Direct Debit,2,No,,,,,,,,,,,,
CUST06210,78,Male,One Year,63.03,56.72,1,Direct Debit,2,No,,,,,,,,,,,,
CUST06211,75,Female,Monthly,53.27,531.48,9,Bank Transfer,1,No,,,,,,,,,,,,
CUST06212,60,Male,Two Year,33.3,1185.06,24,Credit Card,2,No,,,,,,,,,,,,
CUST06213,76,Female,Monthly,78.17,1173.59,34,Credit Card,1,No,,,,,,,,,,,,
CUST06214,77,Male,Monthly,32.89,2804.27,36,Debit Card,0,No,,,,,,,,,,,,
CUST06215,55,Female,Monthly,63.57,138.9,4,Debit Card,1,Yes,,,,,,,,,,,,
CUST06216,75,Male,Monthly,35.01,1929.91,29,Credit Card,0,No,,,,,,,,,,,,
CUST06217,57,Male,Monthly,57.93,539.86,16,Bank Transfer,1,Yes,,,,,,,,,,,,
CUST06218,53,Female,One Year,76.29,440.62,8,Bank Transfer,1,No,,,,,,,,,,,,
CUST06219,67,Male,Monthly,98.86,2983.07,39,Bank Transfer,2,No,,,,,,,,,,,,
CUST06220,77,Male,Monthly,64.79,5348.66,58,Credit Card,4,No,,,,,,,,,,,,
CUST06221,60,Female,One Year,59.51,794.01,12,Debit Card,0,Yes,,,,,,,,,,,,
CUST06222,54,Male,One Year,46.96,2414.07,44,Credit Card,2,No,,,,,,,,,,,,
CUST06223,32,Male,Monthly,52.51,196.95,4,Bank Transfer,4,Yes,,,,,,,,,,,,
CUST06224,45,Male,Monthly,92.94,1394.81,25,Bank Transfer,2,No,,,,,,,,,,,,
CUST06225,35,Male,Monthly,79.5,7022.31,70,Bank Transfer,1,No,,,,,,,,,,,,
CUST06226,51,Male,Monthly,48.56,5193.64,67,Debit Card,4,No,,,,,,,,,,,,
CUST06227,80,Female,One Year,28.91,1912.6,39,Credit Card,0,No,,,,,,,,,,,,
CUST06228,39,Female,Monthly,101.96,734.13,24,Direct Debit,0,No,,,,,,,,,,,,
CUST06229,28,Male,Monthly,46.71,608.05,6,Credit Card,4,No,,,,,,,,,,,,
CUST06230,75,Male,Monthly,62.23,3271.24,72,Bank Transfer,2,No,,,,,,,,,,,,
CUST06231,74,Female,Two Year,51.74,1905.35,33,Credit Card,2,No,,,,,,,,,,,,
CUST06232,30,Female,Monthly,41.82,2441.43,48,Credit Card,2,No,,,,,,,,,,,,
CUST06233,21,Male,One Year,73.37,2613.15,67,Debit Card,2,No,,,,,,,,,,,,
CUST06234,39,Female,Monthly,81.08,143.52,2,Direct Debit,1,No,,,,,,,,,,,,
CUST06235,24,Female,One Year,75.8,3003.66,38,Credit Card,1,No,,,,,,,,,,,,
CUST06236,78,Male,Two Year,82.72,3103.4,40,Direct Debit,2,No,,,,,,,,,,,,
CUST06237,60,Male,Monthly,45.82,4533.06,56,Direct Debit,1,No,,,,,,,,,,,,
CUST06238,71,Male,One Year,68.18,944.39,21,Bank Transfer,1,No,,,,,,,,,,,,
CUST06239,41,Female,One Year,70.44,2304.73,35,Debit Card,1,No,,,,,,,,,,,,
CUST06240,21,Female,One Year,36.7,4801.02,67,Direct Debit,1,No,,,,,,,,,,,,
CUST06241,45,Female,One Year,27.61,2163.02,60,Bank Transfer,1,No,,,,,,,,,,,,
CUST06242,32,Male,Monthly,69.68,680.61,23,Debit Card,1,No,,,,,,,,,,,,
CUST06243,18,Female,Monthly,45.82,4813.25,65,Bank Transfer,7,No,,,,,,,,,,,,
CUST06244,72,Female,Two Year,42.91,2765.15,63,Credit Card,3,No,,,,,,,,,,,,
CUST06245,20,Female,Monthly,20.05,971.77,23,Credit Card,0,No,,,,,,,,,,,,
CUST06246,31,Male,Two Year,51.38,860.23,42,Direct Debit,0,No,,,,,,,,,,,,
CUST06247,55,Female,One Year,102.6,3033.84,64,Direct Debit,1,No,,,,,,,,,,,,
CUST06248,67,Male,Monthly,83.68,6476.26,66,Bank Transfer,6,Yes,,,,,,,,,,,,
CUST06249,74,Female,One Year,92.96,3312.87,41,Debit Card,2,No,,,,,,,,,,,,
CUST06250,18,Female,One Year,55.68,1830.17,20,Direct Debit,2,No,,,,,,,,,,,,
CUST06251,55,Male,Monthly,91.95,532.33,9,Bank Transfer,2,Yes,,,,,,,,,,,,
CUST06252,55,Female,Monthly,89.4,4902.64,57,Debit Card,1,No,,,,,,,,,,,,
CUST06253,38,Male,One Year,91.72,1414.22,17,Bank Transfer,0,No,,,,,,,,,,,,
CUST06254,65,Female,Two Year,59.92,1694.39,18,Credit Card,4,No,,,,,,,,,,,,
CUST06255,46,Male,One Year,59.27,3693.12,63,Credit Card,1,No,,,,,,,,,,,,
CUST06256,22,Female,Monthly,69.3,4047.39,72,Direct Debit,1,No,,,,,,,,,,,,
CUST06257,66,Female,Monthly,61.94,5150.71,72,Direct Debit,3,No,,,,,,,,,,,,
CUST06258,27,Male,Two Year,43.82,1544.2,26,Debit Card,2,No,,,,,,,,,,,,
CUST06259,45,Female,Monthly,58.17,3188.18,72,Bank Transfer,0,No,,,,,,,,,,,,
CUST06260,38,Male,Monthly,93.36,4127.1,72,Direct Debit,0,No,,,,,,,,,,,,
CUST06261,67,Male,Monthly,57.8,1186.73,13,Direct Debit,3,Yes,,,,,,,,,,,,
CUST06262,24,Female,Monthly,70.22,1017.37,17,Credit Card,3,No,,,,,,,,,,,,
CUST06263,20,Female,Monthly,80.37,1858.85,26,Debit Card,1,No,,,,,,,,,,,,
CUST06264,62,Female,Monthly,90.85,483.29,6,Credit Card,1,No,,,,,,,,,,,,
CUST06265,64,Female,One Year,81.68,341.78,4,Direct Debit,5,Yes,,,,,,,,,,,,
CUST06266,37,Female,Monthly,88.18,579.59,7,Direct Debit,1,Yes,,,,,,,,,,,,
CUST06267,36,Female,Monthly,79,1545.29,17,Credit Card,0,Yes,,,,,,,,,,,,
CUST06268,52,Female,Monthly,65.6,4148.95,50,Direct Debit,1,No,,,,,,,,,,,,
CUST06269,21,Female,Two Year,81.3,380.97,6,Direct Debit,3,No,,,,,,,,,,,,
CUST06270,22,Male,One Year,22.09,2347.02,30,Debit Card,2,No,,,,,,,,,,,,
CUST06271,18,Male,Monthly,82.93,1286.28,56,Bank Transfer,0,No,,,,,,,,,,,,
CUST06272,21,Female,Monthly,22.68,3217.43,39,Bank Transfer,1,No,,,,,,,,,,,,
CUST06273,29,Female,One Year,52.28,312.74,14,Direct Debit,1,No,,,,,,,,,,,,
CUST06274,77,Female,Two Year,87.87,2669.82,54,Bank Transfer,2,No,,,,,,,,,,,,
CUST06275,44,Male,Monthly,68.13,1912.77,22,Bank Transfer,1,No,,,,,,,,,,,,
CUST06276,73,Female,Monthly,64.29,4023.91,57,Direct Debit,1,No,,,,,,,,,,,,
CUST06277,59,Male,One Year,69.55,2615.04,41,Bank Transfer,3,No,,,,,,,,,,,,
CUST06278,40,Female,One Year,101.99,736.98,10,Credit Card,3,No,,,,,,,,,,,,
CUST06279,42,Male,One Year,26.29,187.8,2,Credit Card,2,No,,,,,,,,,,,,
CUST06280,38,Male,Monthly,57.22,1671.24,67,Credit Card,2,No,,,,,,,,,,,,
CUST06281,78,Female,Monthly,99.63,2796.93,48,Debit Card,1,No,,,,,,,,,,,,
CUST06282,80,Female,Monthly,66.45,4299.6,42,Credit Card,1,No,,,,,,,,,,,,
CUST06283,75,Male,Monthly,58.29,704.72,11,Direct Debit,4,Yes,,,,,,,,,,,,
CUST06284,69,Male,Two Year,83.47,748.94,12,Direct Debit,1,No,,,,,,,,,,,,
CUST06285,41,Male,Monthly,39.95,1136.91,14,Direct Debit,1,No,,,,,,,,,,,,
CUST06286,42,Male,One Year,88.5,1181.47,30,Direct Debit,0,No,,,,,,,,,,,,
CUST06287,62,Male,Monthly,64.04,5714.73,60,Debit Card,0,No,,,,,,,,,,,,
CUST06288,72,Female,Monthly,58.6,1914.8,30,Debit Card,5,Yes,,,,,,,,,,,,
CUST06289,63,Female,Two Year,48.93,2267.01,38,Debit Card,1,No,,,,,,,,,,,,
CUST06290,49,Male,One Year,72.44,3200.9,65,Credit Card,0,No,,,,,,,,,,,,
CUST06291,72,Female,Two Year,63.87,3229,47,Direct Debit,1,No,,,,,,,,,,,,
CUST06292,49,Male,Monthly,74.36,2686.82,39,Bank Transfer,1,No,,,,,,,,,,,,
CUST06293,22,Male,Monthly,62.96,3386.59,49,Credit Card,3,No,,,,,,,,,,,,
CUST06294,53,Male,Monthly,70.04,3934.17,58,Credit Card,1,No,,,,,,,,,,,,
CUST06295,63,Female,Monthly,59.51,1184.58,17,Debit Card,3,No,,,,,,,,,,,,
CUST06296,59,Male,Monthly,55.1,339.33,6,Credit Card,2,No,,,,,,,,,,,,
CUST06297,66,Male,Two Year,53.55,782.45,15,Credit Card,2,No,,,,,,,,,,,,
CUST06298,59,Male,Monthly,42.69,3677.16,67,Direct Debit,2,No,,,,,,,,,,,,
CUST06299,75,Male,Two Year,105.56,1235.64,28,Direct Debit,0,No,,,,,,,,,,,,
CUST06300,56,Male,Monthly,68.08,4940.93,44,Direct Debit,5,Yes,,,,,,,,,,,,
CUST06301,33,Female,One Year,28.45,1173.78,18,Bank Transfer,1,No,,,,,,,,,,,,
CUST06302,50,Female,Monthly,68.7,900.67,32,Debit Card,0,No,,,,,,,,,,,,
CUST06303,66,Female,Monthly,80.35,5097.67,69,Direct Debit,1,No,,,,,,,,,,,,
CUST06304,38,Male,Two Year,38.26,3494.67,44,Direct Debit,1,No,,,,,,,,,,,,
CUST06305,78,Male,Monthly,75.25,2660.88,70,Bank Transfer,2,No,,,,,,,,,,,,
CUST06306,26,Male,One Year,62.67,4580.35,63,Direct Debit,3,No,,,,,,,,,,,,
CUST06307,23,Male,One Year,26.61,3850.6,58,Debit Card,2,No,,,,,,,,,,,,
CUST06308,68,Female,Two Year,53.08,1223.78,47,Credit Card,0,No,,,,,,,,,,,,
CUST06309,62,Male,One Year,65.99,921.93,17,Direct Debit,3,No,,,,,,,,,,,,
CUST06310,52,Male,Monthly,39.84,2442.91,39,Bank Transfer,2,No,,,,,,,,,,,,
CUST06311,56,Female,One Year,54.37,2394.09,59,Bank Transfer,0,No,,,,,,,,,,,,
CUST06312,39,Male,Monthly,75.22,407.02,7,Debit Card,1,No,,,,,,,,,,,,
CUST06313,58,Female,Monthly,76.02,4948.76,63,Credit Card,3,No,,,,,,,,,,,,
CUST06314,71,Male,Monthly,67.4125,4033.42,57,Credit Card,3,No,,,,,,,,,,,,
CUST06315,22,Female,Monthly,57.23,2691.48,34,Credit Card,2,No,,,,,,,,,,,,
CUST06316,59,Male,Monthly,82.33,3061.66,53,Credit Card,0,No,,,,,,,,,,,,
CUST06317,40,Female,Two Year,66.57,5293.44,66,Credit Card,1,No,,,,,,,,,,,,
CUST06318,34,Male,Monthly,51.45,3370.57,48,Bank Transfer,1,No,,,,,,,,,,,,
CUST06319,29,Female,Two Year,64.95,3231.08,60,Direct Debit,2,No,,,,,,,,,,,,
CUST06320,40,Male,Monthly,71.36,2859.26,43,Direct Debit,2,No,,,,,,,,,,,,
CUST06321,33,Female,One Year,74.43,296.59,4,Credit Card,2,No,,,,,,,,,,,,
CUST06322,20,Male,Monthly,60.75,3680.35,52,Direct Debit,3,No,,,,,,,,,,,,
CUST06323,49,Male,Monthly,81.1,2074.75,32,Bank Transfer,1,No,,,,,,,,,,,,
CUST06324,74,Female,Two Year,58.37,4247.3,51,Bank Transfer,1,No,,,,,,,,,,,,
CUST06325,80,Female,Two Year,83.2,580.69,10,Credit Card,3,No,,,,,,,,,,,,
CUST06326,39,Male,Monthly,87.19,949.38,12,Debit Card,1,Yes,,,,,,,,,,,,
CUST06327,26,Female,Two Year,54.81,3499.85,39,Direct Debit,2,No,,,,,,,,,,,,
CUST06328,46,Male,One Year,54.05,3486.59,68,Debit Card,2,No,,,,,,,,,,,,
CUST06329,64,Female,Two Year,42.98,524.91,10,Credit Card,2,No,,,,,,,,,,,,
CUST06330,54,Female,One Year,41.78,434.87,10,Debit Card,3,No,,,,,,,,,,,,
CUST06331,40,Male,Two Year,73.54,983.4,23,Credit Card,0,No,,,,,,,,,,,,
CUST06332,30,Female,Two Year,83.29,882.19,13,Bank Transfer,3,No,,,,,,,,,,,,
CUST06333,49,Female,Monthly,33.93,3683.72,48,Direct Debit,2,No,,,,,,,,,,,,
CUST06334,63,Male,Monthly,50.6,1400.11,44,Direct Debit,1,No,,,,,,,,,,,,
CUST06335,69,Female,Monthly,93.48,3377.43,64,Direct Debit,1,No,,,,,,,,,,,,
CUST06336,64,Male,One Year,48.92,3779.35,40,Direct Debit,2,No,,,,,,,,,,,,
CUST06337,65,Female,One Year,59.36,298.61,6,Credit Card,3,Yes,,,,,,,,,,,,
CUST06338,40,Female,One Year,66.56,4344.65,72,Credit Card,1,No,,,,,,,,,,,,
CUST06339,62,Male,One Year,72.52,2649.97,43,Debit Card,1,No,,,,,,,,,,,,
CUST06340,34,Female,Monthly,42.01,2198.96,32,Credit Card,1,No,,,,,,,,,,,,
CUST06341,72,Female,Monthly,73.68,2133.54,49,Direct Debit,0,No,,,,,,,,,,,,
CUST06342,57,Female,Monthly,20,1432.56,19,Credit Card,2,No,,,,,,,,,,,,
CUST06343,38,Male,One Year,55.48,1030.9,52,Debit Card,1,No,,,,,,,,,,,,
CUST06344,19,Male,Monthly,63.16,2663.58,52,Debit Card,1,No,,,,,,,,,,,,
CUST06345,54,Female,Monthly,36.14,2118.87,34,Bank Transfer,2,No,,,,,,,,,,,,
CUST06346,49,Male,Monthly,83.87,2046.27,59,Bank Transfer,1,No,,,,,,,,,,,,
CUST06347,61,Male,Monthly,51.07,432.59,5,Direct Debit,2,No,,,,,,,,,,,,
CUST06348,35,Female,Monthly,103.5,3545.72,66,Credit Card,2,No,,,,,,,,,,,,
CUST06349,47,Male,Monthly,68.79,4246.08,41,Bank Transfer,1,No,,,,,,,,,,,,
CUST06350,39,Female,Two Year,66.24,2302.76,34,Credit Card,2,No,,,,,,,,,,,,
CUST06351,49,Female,Monthly,75.8,3447.07,54,Credit Card,5,No,,,,,,,,,,,,
CUST06352,50,Female,Two Year,36.43,1417.18,20,Credit Card,5,No,,,,,,,,,,,,
CUST06353,47,Male,Monthly,63.94,1926.85,54,Debit Card,1,No,,,,,,,,,,,,
CUST06354,34,Male,Two Year,41.35,4340.25,66,Bank Transfer,1,No,,,,,,,,,,,,
CUST06355,79,Male,One Year,77.93,764.08,18,Credit Card,2,No,,,,,,,,,,,,
CUST06356,60,Female,Two Year,51.96,3381.07,44,Debit Card,1,No,,,,,,,,,,,,
CUST06357,49,Male,Two Year,23.38,2680.03,48,Credit Card,1,No,,,,,,,,,,,,
CUST06358,59,Female,One Year,34.57,875.92,35,Bank Transfer,1,No,,,,,,,,,,,,
CUST06359,68,Female,Two Year,64.12,1429.26,39,Bank Transfer,0,No,,,,,,,,,,,,
CUST06360,31,Female,One Year,73.2,190.38,3,Direct Debit,2,No,,,,,,,,,,,,
CUST06361,75,Male,One Year,37.64,1445.66,19,Bank Transfer,1,No,,,,,,,,,,,,
CUST06362,27,Male,Monthly,24.42,724.02,18,Bank Transfer,2,No,,,,,,,,,,,,
CUST06363,64,Female,Two Year,53.76,126.74,5,Credit Card,0,No,,,,,,,,,,,,
CUST06364,77,Male,Two Year,102.98,2869.64,55,Credit Card,0,No,,,,,,,,,,,,
CUST06365,68,Male,Monthly,54.43,1246.21,13,Direct Debit,3,No,,,,,,,,,,,,
CUST06366,53,Male,One Year,65.5,1986.24,34,Bank Transfer,2,No,,,,,,,,,,,,
CUST06367,51,Female,Two Year,20,1271.89,18,Direct Debit,1,No,,,,,,,,,,,,
CUST06368,26,Female,One Year,115.61,1402.14,68,Direct Debit,0,No,,,,,,,,,,,,
CUST06369,59,Female,Two Year,47.78,8078,72,Direct Debit,0,No,,,,,,,,,,,,
CUST06370,45,Female,Monthly,70.88,2174.53,43,Direct Debit,1,No,,,,,,,,,,,,
CUST06371,28,Male,Monthly,31.99,4941.46,65,Bank Transfer,2,No,,,,,,,,,,,,
CUST06372,31,Female,Monthly,78.59,1312.94,41,Credit Card,3,No,,,,,,,,,,,,
CUST06373,56,Male,Monthly,59.18,2896.42,38,Credit Card,4,Yes,,,,,,,,,,,,
CUST06374,72,Female,Monthly,75.44,2215.15,38,Direct Debit,0,No,,,,,,,,,,,,
CUST06375,64,Male,Monthly,65.17,913.85,13,Credit Card,0,No,,,,,,,,,,,,
CUST06376,71,Male,Monthly,81.02,1448.8,22,Credit Card,1,Yes,,,,,,,,,,,,
CUST06377,80,Female,Monthly,90.25,2304.04,29,Debit Card,2,No,,,,,,,,,,,,
CUST06378,36,Male,Monthly,37.88,862.22,9,Debit Card,4,Yes,,,,,,,,,,,,
CUST06379,71,Female,One Year,102.45,2483.34,68,Bank Transfer,1,No,,,,,,,,,,,,
CUST06380,32,Male,Monthly,57.18,1604.65,17,Bank Transfer,5,No,,,,,,,,,,,,
CUST06381,79,Male,Monthly,78.86,2195.94,37,Bank Transfer,4,Yes,,,,,,,,,,,,
CUST06382,45,Male,Monthly,51.85,4649.26,64,Bank Transfer,1,No,,,,,,,,,,,,
CUST06383,41,Female,Monthly,62.33,3499.5,67,Debit Card,0,No,,,,,,,,,,,,
CUST06384,25,Male,Two Year,63.04,236.61,4,Credit Card,2,No,,,,,,,,,,,,
CUST06385,60,Female,Monthly,102.05,2566.17,40,Direct Debit,1,No,,,,,,,,,,,,
CUST06386,78,Male,Two Year,53.26,1553.87,16,Debit Card,3,Yes,,,,,,,,,,,,
CUST06387,26,Male,Monthly,93.84,586.04,11,Bank Transfer,2,Yes,,,,,,,,,,,,
CUST06388,64,Male,Two Year,49.86,2375.46,26,Bank Transfer,0,No,,,,,,,,,,,,
CUST06389,50,Female,Monthly,103.57,3407.58,72,Debit Card,0,No,,,,,,,,,,,,
CUST06390,79,Female,Monthly,80.69,6846.75,65,Debit Card,1,No,,,,,,,,,,,,
CUST06391,50,Male,Two Year,61.97,150.59,2,Credit Card,6,No,,,,,,,,,,,,
CUST06392,36,Female,Monthly,60.19,2985.48,45,Credit Card,2,No,,,,,,,,,,,,
CUST06393,20,Female,One Year,72.19,2703.35,43,Credit Card,0,No,,,,,,,,,,,,
CUST06394,27,Male,Monthly,65.62,230.98,3,Direct Debit,2,No,,,,,,,,,,,,
CUST06395,57,Female,One Year,69.99,2067.75,34,Bank Transfer,2,No,,,,,,,,,,,,
CUST06396,64,Male,Two Year,64.01,4186.96,65,Credit Card,2,No,,,,,,,,,,,,
CUST06397,59,Female,Two Year,48.57,4003.52,64,Unknown,1,No,,,,,,,,,,,,
CUST06398,18,Female,Monthly,59.38,346.34,7,Credit Card,3,Yes,,,,,,,,,,,,
CUST06399,46,Male,Monthly,67.64,1993.3,35,Debit Card,2,No,,,,,,,,,,,,
CUST06400,67,Male,Two Year,39.69,1499.82,22,Direct Debit,1,No,,,,,,,,,,,,
CUST06401,51,Female,Two Year,60.52,1937.43,48,Direct Debit,0,No,,,,,,,,,,,,
CUST06402,68,Female,Monthly,74.8,1828.69,32,Bank Transfer,0,No,,,,,,,,,,,,
CUST06403,30,Female,One Year,76.1,2028.46,26,Direct Debit,1,No,,,,,,,,,,,,
CUST06404,71,Male,Monthly,53.73,488.48,6,Direct Debit,0,Yes,,,,,,,,,,,,
CUST06405,18,Male,Two Year,90.57,2526.99,46,Bank Transfer,2,No,,,,,,,,,,,,
CUST06406,49,Male,Monthly,84.4,5338.29,55,Direct Debit,4,No,,,,,,,,,,,,
CUST06407,46,Male,One Year,54.17,4453.45,55,Bank Transfer,2,No,,,,,,,,,,,,
CUST06408,65,Female,One Year,75.19,2858.71,57,Credit Card,1,No,,,,,,,,,,,,
CUST06409,64,Female,Two Year,42.29,4545.55,63,Direct Debit,3,No,,,,,,,,,,,,
CUST06410,30,Female,Two Year,76.18,43.29,1,Credit Card,3,No,,,,,,,,,,,,
CUST06411,65,Male,Monthly,71.03,1624.77,21,Debit Card,0,No,,,,,,,,,,,,
CUST06412,66,Female,One Year,62.25,1367.73,20,Debit Card,0,No,,,,,,,,,,,,
CUST06413,70,Female,Two Year,61.28,1778.69,29,Direct Debit,1,No,,,,,,,,,,,,
CUST06414,78,Female,One Year,66.15,2579.23,43,Credit Card,2,No,,,,,,,,,,,,
CUST06415,46,Female,One Year,65.22,3191.28,45,Debit Card,0,No,,,,,,,,,,,,
CUST06416,56,Female,One Year,24.28,4113.37,65,Debit Card,1,No,,,,,,,,,,,,
CUST06417,41,Female,Monthly,92.55,69.26,3,Bank Transfer,2,No,,,,,,,,,,,,
CUST06418,43,Male,One Year,81.95,1870.43,20,Debit Card,1,No,,,,,,,,,,,,
CUST06419,34,Male,Monthly,59.71,2850.14,37,Bank Transfer,1,No,,,,,,,,,,,,
CUST06420,24,Female,Monthly,79.17,2271.84,38,Direct Debit,2,No,,,,,,,,,,,,
CUST06421,30,Male,Two Year,58.39,3669.21,45,Credit Card,4,No,,,,,,,,,,,,
CUST06422,22,Male,Monthly,20,2626.31,42,Direct Debit,2,No,,,,,,,,,,,,
CUST06423,43,Male,Monthly,77.78,977.74,46,Debit Card,1,No,,,,,,,,,,,,
CUST06424,66,Female,Monthly,36.56,4921.58,60,Debit Card,0,No,,,,,,,,,,,,
CUST06425,20,Female,Monthly,33.18,467.21,13,Direct Debit,1,No,,,,,,,,,,,,
CUST06426,24,Male,Two Year,44.75,1093.42,31,Direct Debit,1,No,,,,,,,,,,,,
CUST06427,75,Female,One Year,72.93,3148.48,68,Credit Card,1,No,,,,,,,,,,,,
CUST06428,66,Female,Monthly,73.85,4479.36,62,Bank Transfer,4,No,,,,,,,,,,,,
CUST06429,56,Male,Monthly,92.37,3655.75,49,Credit Card,1,No,,,,,,,,,,,,
CUST06430,70,Male,Monthly,44,1645.66,18,Bank Transfer,2,No,,,,,,,,,,,,
CUST06431,18,Female,Monthly,51.39,2218.87,53,Unknown,2,No,,,,,,,,,,,,
CUST06432,66,Male,One Year,97.36,917.87,18,Credit Card,1,No,,,,,,,,,,,,
CUST06433,79,Female,Monthly,74.88,5209.58,51,Direct Debit,6,No,,,,,,,,,,,,
CUST06434,34,Female,One Year,76.91,2955.43,41,Debit Card,3,No,,,,,,,,,,,,
CUST06435,60,Male,Monthly,69.1,5268.68,67,Bank Transfer,4,No,,,,,,,,,,,,
CUST06436,42,Female,Monthly,79.56,4529.78,65,Bank Transfer,0,No,,,,,,,,,,,,
CUST06437,76,Male,Monthly,72.25,509.45,6,Bank Transfer,6,No,,,,,,,,,,,,
CUST06438,78,Male,Monthly,61.73,2778.54,37,Credit Card,1,No,,,,,,,,,,,,
CUST06439,20,Male,Two Year,78.52,724.33,12,Credit Card,0,No,,,,,,,,,,,,
CUST06440,32,Male,Monthly,51.82,158.59,2,Direct Debit,1,No,,,,,,,,,,,,
CUST06441,46,Female,Monthly,66.01,2927.16,53,Direct Debit,0,No,,,,,,,,,,,,
CUST06442,70,Female,Two Year,26.79,1578.03,25,Bank Transfer,0,No,,,,,,,,,,,,
CUST06443,60,Female,One Year,70.29,747.06,28,Bank Transfer,0,No,,,,,,,,,,,,
CUST06444,49,Male,Monthly,50.86,3022.2,45,Direct Debit,2,No,,,,,,,,,,,,
CUST06445,43,Female,Two Year,87.91,1857.26,37,Debit Card,3,No,,,,,,,,,,,,
CUST06446,77,Female,Monthly,36.46,1388.83,17,Debit Card,1,Yes,,,,,,,,,,,,
CUST06447,33,Female,One Year,73.73,2667.08,69,Direct Debit,0,No,,,,,,,,,,,,
CUST06448,42,Female,Monthly,78.65,4444.82,56,Credit Card,5,Yes,,,,,,,,,,,,
CUST06449,71,Male,One Year,84.88,4611.19,58,Direct Debit,3,No,,,,,,,,,,,,
CUST06450,45,Male,Monthly,56.01,342.46,4,Debit Card,3,No,,,,,,,,,,,,
CUST06451,26,Male,Monthly,59.3,3305.22,55,Bank Transfer,1,No,,,,,,,,,,,,
CUST06452,73,Female,One Year,74.72,2856.07,49,Bank Transfer,1,No,,,,,,,,,,,,
CUST06453,73,Female,One Year,40.57,2894.37,38,Credit Card,0,No,,,,,,,,,,,,
CUST06454,18,Male,One Year,52.1,1924.17,45,Bank Transfer,1,Yes,,,,,,,,,,,,
CUST06455,46,Male,Two Year,54.04,1564.44,30,Bank Transfer,3,No,,,,,,,,,,,,
CUST06456,74,Male,Monthly,33.52,1910.38,37,Credit Card,3,No,,,,,,,,,,,,
CUST06457,39,Female,Monthly,93.72,1971.04,56,Bank Transfer,0,No,,,,,,,,,,,,
CUST06458,33,Male,One Year,66.17,2437.78,27,Debit Card,5,No,,,,,,,,,,,,
CUST06459,58,Male,One Year,50.18,2233.91,32,Bank Transfer,2,No,,,,,,,,,,,,
CUST06460,68,Male,Monthly,23.87,591.25,11,Credit Card,2,Yes,,,,,,,,,,,,
CUST06461,61,Female,Monthly,72.56,1394.66,58,Direct Debit,0,No,,,,,,,,,,,,
CUST06462,68,Female,One Year,31,2356.46,35,Credit Card,2,No,,,,,,,,,,,,
CUST06463,49,Female,Two Year,52.26,565.42,17,Bank Transfer,0,No,,,,,,,,,,,,
CUST06464,58,Male,One Year,68,1650.91,30,Direct Debit,0,No,,,,,,,,,,,,
CUST06465,24,Male,Monthly,39.45,1149.06,18,Direct Debit,1,No,,,,,,,,,,,,
CUST06466,31,Male,One Year,98.1,1208,30,Direct Debit,2,No,,,,,,,,,,,,
CUST06467,46,Male,One Year,40.03,1523.29,16,Debit Card,2,No,,,,,,,,,,,,
CUST06468,36,Male,Two Year,39.72,2102.94,54,Direct Debit,1,No,,,,,,,,,,,,
CUST06469,36,Male,One Year,64.24,160.92,4,Credit Card,2,Yes,,,,,,,,,,,,
CUST06470,19,Female,Two Year,63.53,996.27,15,Debit Card,3,No,,,,,,,,,,,,
CUST06471,58,Male,Monthly,109.46,1581.17,27,Credit Card,4,No,,,,,,,,,,,,
CUST06472,62,Male,Monthly,92.52,413.51,4,Direct Debit,1,Yes,,,,,,,,,,,,
CUST06473,32,Female,One Year,98.77,3446.9,35,Direct Debit,2,No,,,,,,,,,,,,
CUST06474,20,Female,Monthly,80.15,6217.52,63,Direct Debit,2,No,,,,,,,,,,,,
CUST06475,28,Female,Monthly,75.68,5283.02,66,Debit Card,5,No,,,,,,,,,,,,
CUST06476,70,Female,Two Year,58.46,3112.23,39,Credit Card,2,Yes,,,,,,,,,,,,
CUST06477,63,Male,One Year,74.63,1539.81,28,Bank Transfer,3,No,,,,,,,,,,,,
CUST06478,47,Female,Two Year,49.26,2624.16,34,Direct Debit,3,No,,,,,,,,,,,,
CUST06479,74,Female,Two Year,67.99,1627.2,33,Credit Card,0,No,,,,,,,,,,,,
CUST06480,57,Male,Monthly,32.7,3530.91,50,Direct Debit,1,No,,,,,,,,,,,,
CUST06481,35,Male,Two Year,62.36,2018.28,60,Bank Transfer,0,No,,,,,,,,,,,,
CUST06482,68,Female,Monthly,77.19,4609.52,72,Direct Debit,3,No,,,,,,,,,,,,
CUST06483,65,Male,One Year,90.56,5874.28,72,Debit Card,3,No,,,,,,,,,,,,
CUST06484,19,Male,Monthly,79.22,3834.42,42,Direct Debit,6,No,,,,,,,,,,,,
CUST06485,49,Male,Monthly,87.47,2185.46,28,Direct Debit,0,No,,,,,,,,,,,,
CUST06486,25,Male,Two Year,41.34,2247.76,27,Credit Card,0,No,,,,,,,,,,,,
CUST06487,39,Male,Monthly,74.39,40.31,1,Debit Card,2,Yes,,,,,,,,,,,,
CUST06488,23,Male,One Year,51.62,630.34,8,Direct Debit,1,No,,,,,,,,,,,,
CUST06489,29,Male,Monthly,79.34,2312.77,46,Credit Card,1,No,,,,,,,,,,,,
CUST06490,64,Male,Monthly,55.18,2052.05,24,Debit Card,3,No,,,,,,,,,,,,
CUST06491,74,Female,Monthly,54.21,2245.34,40,Credit Card,2,No,,,,,,,,,,,,
CUST06492,57,Male,One Year,87.49,2904.04,51,Bank Transfer,2,No,,,,,,,,,,,,
CUST06493,53,Female,Monthly,74.22,2097.5,24,Credit Card,1,Yes,,,,,,,,,,,,
CUST06494,32,Female,Monthly,48.3,1673.22,22,Debit Card,1,No,,,,,,,,,,,,
CUST06495,45,Female,One Year,41.04,3541.65,68,Debit Card,2,No,,,,,,,,,,,,
CUST06496,69,Female,Monthly,53.9,328.33,8,Debit Card,2,No,,,,,,,,,,,,
CUST06497,74,Male,Monthly,60.64,3007.83,58,Bank Transfer,0,No,,,,,,,,,,,,
CUST06498,66,Male,Two Year,67.4125,931.41,15,Credit Card,0,No,,,,,,,,,,,,
CUST06499,62,Female,Monthly,74.43,397.74,8,Direct Debit,0,No,,,,,,,,,,,,
CUST06500,35,Male,Monthly,41.76,2884.58,42,Debit Card,2,No,,,,,,,,,,,,
CUST06501,19,Female,One Year,60.4,1756.99,39,Bank Transfer,0,No,,,,,,,,,,,,
CUST06502,30,Female,One Year,72.37,2129.07,35,Bank Transfer,2,No,,,,,,,,,,,,
CUST06503,62,Male,One Year,52.59,3109.33,41,Credit Card,2,No,,,,,,,,,,,,
CUST06504,71,Female,Two Year,90.57,2370.12,48,Direct Debit,0,No,,,,,,,,,,,,
CUST06505,32,Female,Monthly,67.97,6215.95,71,Direct Debit,5,No,,,,,,,,,,,,
CUST06506,37,Male,Two Year,42.49,3219,44,Bank Transfer,2,No,,,,,,,,,,,,
CUST06507,46,Male,Two Year,39.92,1436.68,35,Debit Card,3,No,,,,,,,,,,,,
CUST06508,76,Female,Two Year,101.76,1062.7,27,Direct Debit,1,No,,,,,,,,,,,,
CUST06509,59,Female,Monthly,83.03,6382.32,65,Direct Debit,1,No,,,,,,,,,,,,
CUST06510,46,Male,Two Year,61.63,5782.78,70,Bank Transfer,2,No,,,,,,,,,,,,
CUST06511,20,Male,Monthly,70.34,3845.69,66,Direct Debit,0,No,,,,,,,,,,,,
CUST06512,36,Female,One Year,62.99,5001.21,71,Bank Transfer,1,No,,,,,,,,,,,,
CUST06513,20,Female,Monthly,79.34,4389.02,72,Credit Card,0,No,,,,,,,,,,,,
CUST06514,71,Female,One Year,67.59,5250.44,63,Credit Card,0,No,,,,,,,,,,,,
CUST06515,31,Female,One Year,30.28,1925.54,29,Debit Card,2,No,,,,,,,,,,,,
CUST06516,57,Male,Monthly,85.4,982.64,31,Bank Transfer,0,No,,,,,,,,,,,,
CUST06517,76,Male,Two Year,93.36,5589.56,64,Credit Card,0,No,,,,,,,,,,,,
CUST06518,72,Female,One Year,57.21,5276.71,53,Credit Card,3,No,,,,,,,,,,,,
CUST06519,79,Female,One Year,75.01,4083.63,68,Direct Debit,2,No,,,,,,,,,,,,
CUST06520,21,Male,Monthly,84.25,1995.6,25,Debit Card,2,No,,,,,,,,,,,,
CUST06521,76,Male,Two Year,120,1099.74,13,Debit Card,2,No,,,,,,,,,,,,
CUST06522,77,Female,Monthly,81.73,5117.53,40,Credit Card,2,Yes,,,,,,,,,,,,
CUST06523,69,Male,Monthly,76.14,5559.49,72,Debit Card,4,No,,,,,,,,,,,,
CUST06524,28,Female,Monthly,83.72,497.54,7,Debit Card,4,Yes,,,,,,,,,,,,
CUST06525,75,Male,One Year,84.33,2690.19,32,Direct Debit,1,No,,,,,,,,,,,,
CUST06526,48,Male,One Year,81.38,2129.5,24,Direct Debit,3,No,,,,,,,,,,,,
CUST06527,60,Male,Monthly,44.42,77.63,1,Credit Card,1,Yes,,,,,,,,,,,,
CUST06528,49,Female,Monthly,68.49,2244.28,47,Bank Transfer,2,No,,,,,,,,,,,,
CUST06529,44,Female,One Year,66.99,3317.08,51,Direct Debit,0,No,,,,,,,,,,,,
CUST06530,47,Female,Two Year,36.37,2492.17,36,Debit Card,3,No,,,,,,,,,,,,
CUST06531,60,Female,One Year,81.42,1047.21,27,Debit Card,0,No,,,,,,,,,,,,
CUST06532,19,Male,Monthly,49.11,6123.76,70,Direct Debit,1,No,,,,,,,,,,,,
CUST06533,79,Male,Monthly,97.44,2115.89,42,Direct Debit,0,No,,,,,,,,,,,,
CUST06534,66,Female,Monthly,44.05,6704.59,68,Debit Card,2,No,,,,,,,,,,,,
CUST06535,26,Female,Two Year,88.88,2881.65,70,Bank Transfer,1,No,,,,,,,,,,,,
CUST06536,49,Female,Monthly,51.45,1066.67,13,Bank Transfer,1,No,,,,,,,,,,,,
CUST06537,48,Female,One Year,96.85,1386.22,25,Debit Card,4,Yes,,,,,,,,,,,,
CUST06538,77,Male,Monthly,98,2053.78,22,Debit Card,3,No,,,,,,,,,,,,
CUST06539,51,Male,Monthly,82.94,1917.15,21,Debit Card,1,Yes,,,,,,,,,,,,
CUST06540,78,Female,Monthly,49.8,1251.76,15,Credit Card,2,No,,,,,,,,,,,,
CUST06541,73,Male,Two Year,68.78,3236.55,67,Direct Debit,0,No,,,,,,,,,,,,
CUST06542,32,Male,Two Year,56.42,2486.88,37,Credit Card,2,No,,,,,,,,,,,,
CUST06543,65,Female,Monthly,47.07,2479.5,45,Bank Transfer,0,No,,,,,,,,,,,,
CUST06544,42,Male,Monthly,60.13,1174.61,26,Direct Debit,1,No,,,,,,,,,,,,
CUST06545,53,Female,Monthly,62.97,3554.62,55,Debit Card,0,No,,,,,,,,,,,,
CUST06546,25,Male,One Year,51.32,3030.23,50,Credit Card,2,No,,,,,,,,,,,,
CUST06547,26,Female,One Year,66.23,1812.6,35,Direct Debit,0,No,,,,,,,,,,,,
CUST06548,75,Female,Monthly,60.35,2601.87,41,Direct Debit,1,No,,,,,,,,,,,,
CUST06549,75,Female,Monthly,61.73,4527.25,72,Bank Transfer,0,No,,,,,,,,,,,,
CUST06550,54,Male,Two Year,61.45,649.59,11,Bank Transfer,1,No,,,,,,,,,,,,
CUST06551,65,Male,One Year,40.51,500.62,8,Debit Card,0,Yes,,,,,,,,,,,,
CUST06552,62,Male,Monthly,65.97,2304.43,54,Bank Transfer,1,No,,,,,,,,,,,,
CUST06553,79,Male,One Year,49.59,63.56,1,Direct Debit,2,Yes,,,,,,,,,,,,
CUST06554,56,Female,One Year,47.1,1039.92,20,Credit Card,4,No,,,,,,,,,,,,
CUST06555,49,Male,One Year,53.26,1496.99,34,Credit Card,0,No,,,,,,,,,,,,
CUST06556,75,Male,Monthly,69.69,2849.5,57,Debit Card,3,No,,,,,,,,,,,,
CUST06557,69,Male,One Year,72.47,891.56,13,Debit Card,1,No,,,,,,,,,,,,
CUST06558,34,Female,One Year,67.92,3855.1,54,Direct Debit,0,No,,,,,,,,,,,,
CUST06559,52,Male,One Year,76.02,3609.25,53,Bank Transfer,1,No,,,,,,,,,,,,
CUST06560,54,Female,Two Year,69.57,3651.78,52,Debit Card,1,No,,,,,,,,,,,,
CUST06561,36,Female,Monthly,68.42,391.85,6,Direct Debit,3,No,,,,,,,,,,,,
CUST06562,61,Female,One Year,52.96,2270.12,36,Debit Card,3,No,,,,,,,,,,,,
CUST06563,46,Female,Monthly,81.43,1420.29,25,Direct Debit,0,No,,,,,,,,,,,,
CUST06564,76,Male,Monthly,61.07,4581.89,58,Direct Debit,1,No,,,,,,,,,,,,
CUST06565,24,Female,One Year,73.52,3459.92,55,Direct Debit,1,No,,,,,,,,,,,,
CUST06566,45,Female,Two Year,67.12,224.39,3,Credit Card,3,No,,,,,,,,,,,,
CUST06567,26,Female,Monthly,62.81,1946.93,28,Credit Card,2,No,,,,,,,,,,,,
CUST06568,80,Female,Two Year,54.21,4532.71,68,Debit Card,1,No,,,,,,,,,,,,
CUST06569,45,Male,Monthly,65.72,1972.03,38,Debit Card,1,No,,,,,,,,,,,,
CUST06570,23,Male,Monthly,110.71,2207.94,34,Direct Debit,3,No,,,,,,,,,,,,
CUST06571,46,Female,Monthly,29.46,1399.72,13,Credit Card,2,Yes,,,,,,,,,,,,
CUST06572,75,Female,One Year,55.36,137.46,5,Bank Transfer,1,No,,,,,,,,,,,,
CUST06573,34,Male,One Year,85.06,3072.84,60,Bank Transfer,2,No,,,,,,,,,,,,
CUST06574,33,Male,Monthly,55.45,1507.28,17,Debit Card,1,No,,,,,,,,,,,,
CUST06575,40,Male,Monthly,67.35,2973.15,57,Credit Card,2,No,,,,,,,,,,,,
CUST06576,48,Female,One Year,61.77,1925.95,31,Direct Debit,2,No,,,,,,,,,,,,
CUST06577,20,Female,One Year,86.65,3975.48,65,Credit Card,0,No,,,,,,,,,,,,
CUST06578,38,Female,Monthly,56.01,5556.27,66,Debit Card,1,No,,,,,,,,,,,,
CUST06579,43,Male,Two Year,32.47,1720.01,33,Direct Debit,1,No,,,,,,,,,,,,
CUST06580,53,Male,One Year,104.48,120.56,4,Bank Transfer,1,No,,,,,,,,,,,,
CUST06581,59,Male,Monthly,67.88,6126.27,55,Direct Debit,2,No,,,,,,,,,,,,
CUST06582,54,Male,Monthly,69.42,1743.72,24,Direct Debit,2,No,,,,,,,,,,,,
CUST06583,70,Female,One Year,60.62,2215.15,32,Direct Debit,1,No,,,,,,,,,,,,
CUST06584,39,Male,Monthly,67.4125,3007.91,47,Debit Card,0,No,,,,,,,,,,,,
CUST06585,79,Female,One Year,90.36,1174.11,16,Debit Card,1,No,,,,,,,,,,,,
CUST06586,59,Female,Monthly,61.3,1921.65,21,Bank Transfer,1,No,,,,,,,,,,,,
CUST06587,29,Female,One Year,55.12,4271.91,67,Direct Debit,0,No,,,,,,,,,,,,
CUST06588,59,Male,Monthly,36.55,1826.43,31,Bank Transfer,5,Yes,,,,,,,,,,,,
CUST06589,78,Male,Two Year,83.74,517.13,14,Bank Transfer,1,No,,,,,,,,,,,,
CUST06590,30,Male,Two Year,51.33,503.38,6,Bank Transfer,4,No,,,,,,,,,,,,
CUST06591,28,Female,Two Year,82.35,3260.44,69,Debit Card,1,No,,,,,,,,,,,,
CUST06592,71,Female,Monthly,74.25,2404.25,29,Direct Debit,4,No,,,,,,,,,,,,
CUST06593,33,Male,Two Year,64.49,4291.21,55,Credit Card,2,No,,,,,,,,,,,,
CUST06594,25,Male,Monthly,64.03,2486.2,37,Direct Debit,0,No,,,,,,,,,,,,
CUST06595,57,Female,One Year,71.78,3865.9,59,Bank Transfer,0,No,,,,,,,,,,,,
CUST06596,76,Female,Monthly,82.57,2387.52,36,Bank Transfer,1,No,,,,,,,,,,,,
CUST06597,74,Female,One Year,45.31,5203.18,59,Debit Card,3,No,,,,,,,,,,,,
CUST06598,57,Male,Two Year,66.78,2866.95,64,Credit Card,0,No,,,,,,,,,,,,
CUST06599,62,Male,Monthly,77.41,2904.41,43,Direct Debit,1,No,,,,,,,,,,,,
CUST06600,76,Male,Monthly,74.97,3198.02,42,Credit Card,1,No,,,,,,,,,,,,
CUST06601,19,Male,Monthly,82.53,4389.44,60,Credit Card,0,No,,,,,,,,,,,,
CUST06602,47,Female,Monthly,43.51,5125.53,62,Credit Card,2,No,,,,,,,,,,,,
CUST06603,47,Male,Monthly,53.67,2782.28,64,Credit Card,2,No,,,,,,,,,,,,
CUST06604,29,Male,Two Year,77.26,3041.35,58,Debit Card,2,No,,,,,,,,,,,,
CUST06605,27,Female,Monthly,39.79,162.03,2,Credit Card,2,Yes,,,,,,,,,,,,
CUST06606,61,Male,One Year,104.28,2621.96,71,Bank Transfer,0,No,,,,,,,,,,,,
CUST06607,28,Female,Monthly,38.38,783.12,8,Bank Transfer,1,Yes,,,,,,,,,,,,
CUST06608,32,Male,Monthly,46.69,2005.72,56,Direct Debit,0,No,,,,,,,,,,,,
CUST06609,33,Female,Monthly,55.17,1698.32,36,Debit Card,1,No,,,,,,,,,,,,
CUST06610,34,Male,Monthly,48.37,3753.45,69,Debit Card,2,No,,,,,,,,,,,,
CUST06611,43,Female,One Year,78.73,623.99,13,Credit Card,1,No,,,,,,,,,,,,
CUST06612,19,Male,Monthly,67.81,3108.17,39,Direct Debit,4,No,,,,,,,,,,,,
CUST06613,67,Male,One Year,51.41,395.4,6,Debit Card,2,No,,,,,,,,,,,,
CUST06614,29,Female,Monthly,103.65,927.27,19,Bank Transfer,1,Yes,,,,,,,,,,,,
CUST06615,68,Male,Two Year,75.91,2511.16,25,Debit Card,3,No,,,,,,,,,,,,
CUST06616,43,Male,Two Year,74.95,245.73,3,Credit Card,1,Yes,,,,,,,,,,,,
CUST06617,40,Female,Monthly,83.9,4260.07,53,Credit Card,2,No,,,,,,,,,,,,
CUST06618,35,Female,Monthly,79.68,2520.84,28,Direct Debit,2,No,,,,,,,,,,,,
CUST06619,79,Male,Monthly,69.11,1915.1,26,Credit Card,3,No,,,,,,,,,,,,
CUST06620,49,Male,One Year,81.14,3034.8,47,Direct Debit,1,No,,,,,,,,,,,,
CUST06621,66,Male,Monthly,65.9,601.94,8,Direct Debit,2,Yes,,,,,,,,,,,,
CUST06622,79,Male,One Year,83.92,3945.9,57,Debit Card,2,No,,,,,,,,,,,,
CUST06623,55,Female,Monthly,73.04,4978.47,55,Direct Debit,3,No,,,,,,,,,,,,
CUST06624,74,Female,Monthly,65.4,73.54,1,Credit Card,3,Yes,,,,,,,,,,,,
CUST06625,64,Male,Monthly,101.38,2700.06,40,Credit Card,3,No,,,,,,,,,,,,
CUST06626,20,Female,Monthly,67.17,2276.61,23,Credit Card,3,No,,,,,,,,,,,,
CUST06627,55,Female,One Year,63.81,3781.21,54,Credit Card,2,No,,,,,,,,,,,,
CUST06628,20,Female,Monthly,43.93,2746.95,42,Credit Card,1,Yes,,,,,,,,,,,,
CUST06629,47,Male,Two Year,46.68,2302.27,50,Debit Card,1,No,,,,,,,,,,,,
CUST06630,78,Male,One Year,69.52,186.72,4,Credit Card,3,No,,,,,,,,,,,,
CUST06631,18,Female,Monthly,62.86,528.93,8,Bank Transfer,1,No,,,,,,,,,,,,
CUST06632,47,Male,Monthly,56.04,2254.17,36,Debit Card,2,No,,,,,,,,,,,,
CUST06633,62,Male,Monthly,91.07,543.55,10,Credit Card,3,No,,,,,,,,,,,,
CUST06634,49,Male,One Year,90.84,2816.95,30,Direct Debit,4,No,,,,,,,,,,,,
CUST06635,45,Male,Monthly,49.73,1368.99,16,Bank Transfer,5,Yes,,,,,,,,,,,,
CUST06636,38,Female,Monthly,64.63,1451.78,30,Direct Debit,1,No,,,,,,,,,,,,
CUST06637,75,Female,Monthly,38.43,3809.77,64,Direct Debit,1,No,,,,,,,,,,,,
CUST06638,63,Male,Monthly,50.41,444.07,11,Bank Transfer,2,No,,,,,,,,,,,,
CUST06639,30,Male,Two Year,47.36,1688.33,34,Direct Debit,0,No,,,,,,,,,,,,
CUST06640,44,Female,Two Year,67.18,2719.91,55,Credit Card,1,No,,,,,,,,,,,,
CUST06641,53,Male,Monthly,46.22,251.42,4,Debit Card,1,No,,,,,,,,,,,,
CUST06642,24,Female,One Year,25.24,2153.82,49,Bank Transfer,3,No,,,,,,,,,,,,
CUST06643,39,Female,Two Year,58.08,1172.83,44,Bank Transfer,1,No,,,,,,,,,,,,
CUST06644,27,Male,Monthly,90.73,1827.98,31,Direct Debit,3,No,,,,,,,,,,,,
CUST06645,56,Female,One Year,58.54,4010.75,48,Direct Debit,5,Yes,,,,,,,,,,,,
CUST06646,70,Female,Monthly,103.14,1620.7,26,Bank Transfer,0,No,,,,,,,,,,,,
CUST06647,32,Male,One Year,47.6,7778.32,70,Credit Card,3,No,,,,,,,,,,,,
CUST06648,32,Male,One Year,61.39,585.93,12,Debit Card,3,No,,,,,,,,,,,,
CUST06649,21,Female,Two Year,76.66,2863.25,45,Bank Transfer,0,No,,,,,,,,,,,,
CUST06650,49,Male,Monthly,43.91,577.33,8,Bank Transfer,0,No,,,,,,,,,,,,
CUST06651,40,Female,One Year,38.24,412.03,9,Credit Card,3,No,,,,,,,,,,,,
CUST06652,72,Female,Monthly,90.62,35.79,1,Direct Debit,0,No,,,,,,,,,,,,
CUST06653,23,Male,Monthly,82.69,481.36,5,Direct Debit,9,Yes,,,,,,,,,,,,
CUST06654,41,Male,Two Year,67.4125,5875.5,71,Direct Debit,2,No,,,,,,,,,,,,
CUST06655,37,Female,One Year,55.13,4706.19,54,Credit Card,1,No,,,,,,,,,,,,
CUST06656,75,Male,Monthly,72.83,1236.05,24,Debit Card,3,No,,,,,,,,,,,,
CUST06657,54,Female,One Year,70.38,1875.44,26,Debit Card,0,No,,,,,,,,,,,,
CUST06658,37,Female,Monthly,67.23,648.1,10,Bank Transfer,0,No,,,,,,,,,,,,
CUST06659,29,Female,Monthly,57.58,4403.67,61,Credit Card,1,No,,,,,,,,,,,,
CUST06660,50,Male,One Year,80.51,2181.84,40,Debit Card,3,No,,,,,,,,,,,,
CUST06661,45,Female,One Year,120,3496.82,44,Direct Debit,1,No,,,,,,,,,,,,
CUST06662,25,Female,Monthly,69.18,1464.58,12,Direct Debit,5,Yes,,,,,,,,,,,,
CUST06663,18,Female,One Year,74.02,1564.53,22,Bank Transfer,0,No,,,,,,,,,,,,
CUST06664,54,Male,Monthly,58.63,2019.26,27,Direct Debit,0,No,,,,,,,,,,,,
CUST06665,80,Female,Monthly,83.16,3726.2,67,Direct Debit,1,No,,,,,,,,,,,,
CUST06666,39,Female,Monthly,20,5712.15,69,Debit Card,6,No,,,,,,,,,,,,
CUST06667,23,Male,Two Year,56,272.05,14,Bank Transfer,0,No,,,,,,,,,,,,
CUST06668,78,Female,Two Year,76.94,1308.02,25,Credit Card,1,No,,,,,,,,,,,,
CUST06669,38,Male,Monthly,75.11,3928.88,52,Debit Card,3,No,,,,,,,,,,,,
CUST06670,49,Male,Monthly,63.43,4508.66,59,Credit Card,3,No,,,,,,,,,,,,
CUST06671,52,Female,One Year,27.5,2256.87,38,Credit Card,0,No,,,,,,,,,,,,
CUST06672,32,Male,One Year,98.78,520.52,20,Direct Debit,1,No,,,,,,,,,,,,
CUST06673,22,Female,Monthly,76.19,1844.82,20,Direct Debit,3,No,,,,,,,,,,,,
CUST06674,77,Female,Monthly,61.94,3926.07,56,Debit Card,1,No,,,,,,,,,,,,
CUST06675,73,Male,Two Year,91.08,1987.96,30,Debit Card,4,No,,,,,,,,,,,,
CUST06676,63,Male,One Year,95.28,3936.4,41,Debit Card,0,No,,,,,,,,,,,,
CUST06677,67,Female,Monthly,61.71,6474.31,71,Bank Transfer,5,No,,,,,,,,,,,,
CUST06678,65,Female,One Year,63.72,3936.02,63,Credit Card,2,No,,,,,,,,,,,,
CUST06679,23,Female,Monthly,79.31,4608.85,69,Direct Debit,1,Yes,,,,,,,,,,,,
CUST06680,42,Female,Monthly,87.09,2250.88,29,Debit Card,1,No,,,,,,,,,,,,
CUST06681,73,Male,Two Year,90.62,3978.53,44,Credit Card,0,Yes,,,,,,,,,,,,
CUST06682,63,Male,Monthly,52.23,5470.02,57,Bank Transfer,3,No,,,,,,,,,,,,
CUST06683,76,Female,Monthly,49.67,1253.25,24,Direct Debit,0,No,,,,,,,,,,,,
CUST06684,73,Female,Monthly,44.33,1002.32,19,Direct Debit,0,Yes,,,,,,,,,,,,
CUST06685,57,Male,Two Year,77.72,718.64,17,Bank Transfer,3,No,,,,,,,,,,,,
CUST06686,80,Female,One Year,62.37,5707.13,69,Credit Card,4,Yes,,,,,,,,,,,,
CUST06687,46,Female,Monthly,73.89,3990.53,61,Bank Transfer,2,No,,,,,,,,,,,,
CUST06688,24,Female,One Year,44.66,311.64,4,Direct Debit,1,No,,,,,,,,,,,,
CUST06689,57,Male,Monthly,52.71,904.63,22,Debit Card,0,No,,,,,,,,,,,,
CUST06690,30,Female,Monthly,75.32,324.54,6,Direct Debit,6,Yes,,,,,,,,,,,,
CUST06691,55,Female,One Year,38.56,2223.68,30,Credit Card,0,No,,,,,,,,,,,,
CUST06692,35,Female,Monthly,95.3,431.26,11,Direct Debit,6,No,,,,,,,,,,,,
CUST06693,19,Female,Two Year,86.21,4269.68,48,Credit Card,2,No,,,,,,,,,,,,
CUST06694,25,Female,One Year,96.85,3798.45,46,Direct Debit,3,Yes,,,,,,,,,,,,
CUST06695,28,Female,Monthly,80.63,2552.73,27,Credit Card,0,Yes,,,,,,,,,,,,
CUST06696,50,Female,One Year,33.85,1585.51,19,Debit Card,2,No,,,,,,,,,,,,
CUST06697,71,Male,Monthly,89.13,2014.06,59,Direct Debit,0,Yes,,,,,,,,,,,,
CUST06698,78,Male,One Year,85.05,5590.16,68,Debit Card,2,No,,,,,,,,,,,,
CUST06699,55,Female,Monthly,64.29,4471.29,54,Direct Debit,3,No,,,,,,,,,,,,
CUST06700,65,Male,Monthly,55.92,1169.87,17,Debit Card,1,No,,,,,,,,,,,,
CUST06701,44,Male,One Year,80.22,2652.78,50,Direct Debit,1,Yes,,,,,,,,,,,,
CUST06702,37,Male,One Year,37.5,3073.66,40,Credit Card,2,No,,,,,,,,,,,,
CUST06703,29,Male,Monthly,89.13,399.79,11,Bank Transfer,2,No,,,,,,,,,,,,
CUST06704,60,Male,Monthly,58.77,1201.5,14,Direct Debit,0,Yes,,,,,,,,,,,,
CUST06705,78,Male,Monthly,73.44,717.77,13,Bank Transfer,1,Yes,,,,,,,,,,,,
CUST06706,48,Female,Monthly,73.95,1994.68,28,Direct Debit,1,No,,,,,,,,,,,,
CUST06707,49,Female,Monthly,38.14,3274.33,44,Direct Debit,3,No,,,,,,,,,,,,
CUST06708,49,Female,One Year,39.34,2470.21,63,Debit Card,3,No,,,,,,,,,,,,
CUST06709,78,Male,Monthly,65.1,2454.59,61,Bank Transfer,2,No,,,,,,,,,,,,
CUST06710,27,Female,Two Year,67.73,1046.97,17,Direct Debit,2,No,,,,,,,,,,,,
CUST06711,20,Female,Monthly,67.45,3448.55,50,Direct Debit,2,Yes,,,,,,,,,,,,
CUST06712,62,Female,Two Year,49.66,1713.95,26,Bank Transfer,0,No,,,,,,,,,,,,
CUST06713,44,Male,Monthly,82.87,365.52,7,Debit Card,3,Yes,,,,,,,,,,,,
CUST06714,52,Male,One Year,94.39,1296.73,16,Credit Card,1,No,,,,,,,,,,,,
CUST06715,48,Female,Monthly,58.82,1726.98,17,Debit Card,2,No,,,,,,,,,,,,
CUST06716,32,Female,One Year,46.29,2096.52,35,Debit Card,3,No,,,,,,,,,,,,
CUST06717,33,Female,Monthly,60.33,1052.57,23,Debit Card,0,No,,,,,,,,,,,,
CUST06718,78,Female,Monthly,75.08,4164.84,69,Direct Debit,3,No,,,,,,,,,,,,
CUST06719,30,Male,Monthly,80.01,640.69,9,Debit Card,5,No,,,,,,,,,,,,
CUST06720,66,Female,Monthly,104.38,1481.69,18,Bank Transfer,0,No,,,,,,,,,,,,
CUST06721,52,Male,One Year,82.66,5381.45,48,Credit Card,3,No,,,,,,,,,,,,
CUST06722,69,Female,One Year,59.1,5965.76,72,Direct Debit,5,No,,,,,,,,,,,,
CUST06723,28,Female,One Year,82.19,4207.87,66,Debit Card,3,No,,,,,,,,,,,,
CUST06724,76,Female,Monthly,76.25,1784.65,23,Debit Card,2,No,,,,,,,,,,,,
CUST06725,38,Male,Monthly,63.12,779.3,10,Bank Transfer,1,Yes,,,,,,,,,,,,
CUST06726,68,Male,Two Year,99.56,2466.84,38,Credit Card,4,No,,,,,,,,,,,,
CUST06727,71,Female,One Year,56.61,5697.09,59,Debit Card,0,No,,,,,,,,,,,,
CUST06728,28,Female,Monthly,77.11,3758.06,68,Direct Debit,1,No,,,,,,,,,,,,
CUST06729,47,Female,One Year,74.39,3552.06,43,Credit Card,1,No,,,,,,,,,,,,
CUST06730,80,Female,Two Year,98.94,908.67,12,Direct Debit,2,No,,,,,,,,,,,,
CUST06731,77,Male,Two Year,29.74,5480.02,53,Bank Transfer,1,No,,,,,,,,,,,,
CUST06732,65,Female,Monthly,90.56,431.41,14,Bank Transfer,2,Yes,,,,,,,,,,,,
CUST06733,70,Female,One Year,48.19,4792.74,52,Debit Card,3,No,,,,,,,,,,,,
CUST06734,52,Female,Monthly,34.09,3218.68,72,Direct Debit,1,No,,,,,,,,,,,,
CUST06735,39,Male,One Year,51.52,2133.62,61,Bank Transfer,0,No,,,,,,,,,,,,
CUST06736,55,Female,Monthly,35.56,2059.91,41,Direct Debit,1,Yes,,,,,,,,,,,,
CUST06737,48,Male,One Year,88.03,743.06,21,Debit Card,1,Yes,,,,,,,,,,,,
CUST06738,31,Female,One Year,102.1,4463.05,48,Direct Debit,2,No,,,,,,,,,,,,
CUST06739,41,Female,Monthly,57.01,6146.38,56,Direct Debit,3,No,,,,,,,,,,,,
CUST06740,67,Male,Monthly,61.88,2057.38,35,Credit Card,0,No,,,,,,,,,,,,
CUST06741,66,Male,One Year,92.81,2605.96,44,Direct Debit,1,No,,,,,,,,,,,,
CUST06742,49,Female,Monthly,103.82,3514.01,39,Debit Card,3,No,,,,,,,,,,,,
CUST06743,53,Female,Monthly,73.21,1467.13,15,Credit Card,4,No,,,,,,,,,,,,
CUST06744,49,Male,Monthly,57.58,889.86,12,Debit Card,0,No,,,,,,,,,,,,
CUST06745,72,Male,One Year,31.95,492.33,8,Credit Card,0,No,,,,,,,,,,,,
CUST06746,32,Female,Two Year,41.78,2247.15,67,Debit Card,1,No,,,,,,,,,,,,
CUST06747,60,Female,One Year,104.08,42.07,1,Credit Card,3,No,,,,,,,,,,,,
CUST06748,75,Male,Monthly,46.6,4680.08,42,Credit Card,1,No,,,,,,,,,,,,
CUST06749,52,Female,Monthly,76.58,1536.3,31,Credit Card,1,No,,,,,,,,,,,,
CUST06750,20,Male,Monthly,55.57,2246.33,30,Credit Card,0,No,,,,,,,,,,,,
CUST06751,33,Male,Two Year,61.95,2408.54,43,Debit Card,2,No,,,,,,,,,,,,
CUST06752,22,Male,Monthly,38.61,1558.12,26,Direct Debit,3,Yes,,,,,,,,,,,,
CUST06753,38,Female,Monthly,62.21,426.9,12,Direct Debit,0,No,,,,,,,,,,,,
CUST06754,78,Male,One Year,92.74,3641.72,59,Direct Debit,4,No,,,,,,,,,,,,
CUST06755,27,Female,Two Year,69.32,6655.14,69,Credit Card,3,No,,,,,,,,,,,,
CUST06756,36,Male,Monthly,81.17,778.89,11,Credit Card,3,Yes,,,,,,,,,,,,
CUST06757,42,Female,Monthly,34.4,4075.52,47,Credit Card,1,Yes,,,,,,,,,,,,
CUST06758,21,Female,One Year,64.4,814.72,23,Debit Card,2,No,,,,,,,,,,,,
CUST06759,78,Female,One Year,66.34,2610.25,43,Direct Debit,3,No,,,,,,,,,,,,
CUST06760,46,Female,Monthly,64.31,2490.73,39,Direct Debit,2,No,,,,,,,,,,,,
CUST06761,80,Female,One Year,78.17,3325.02,55,Credit Card,2,No,,,,,,,,,,,,
CUST06762,36,Female,Monthly,66.64,1473.41,18,Debit Card,2,No,,,,,,,,,,,,
CUST06763,60,Male,Two Year,49.01,3000.71,42,Direct Debit,1,No,,,,,,,,,,,,
CUST06764,19,Male,Monthly,54.49,1218.45,26,Direct Debit,0,No,,,,,,,,,,,,
CUST06765,27,Female,Monthly,66.66,1022.49,18,Credit Card,0,No,,,,,,,,,,,,
CUST06766,78,Male,One Year,108.18,2705.51,41,Credit Card,4,Yes,,,,,,,,,,,,
CUST06767,60,Male,One Year,49.82,4438.31,42,Bank Transfer,2,No,,,,,,,,,,,,
CUST06768,42,Female,One Year,55.31,1772.13,33,Credit Card,4,No,,,,,,,,,,,,
CUST06769,37,Male,One Year,64.39,2319.68,43,Direct Debit,2,No,,,,,,,,,,,,
CUST06770,65,Female,Monthly,76.17,924.69,14,Credit Card,0,Yes,,,,,,,,,,,,
CUST06771,36,Male,Monthly,89.01,4331.99,55,Credit Card,1,No,,,,,,,,,,,,
CUST06772,40,Female,Monthly,68.56,5388.11,58,Credit Card,3,No,,,,,,,,,,,,
CUST06773,41,Female,Two Year,48.42,725.31,10,Credit Card,4,No,,,,,,,,,,,,
CUST06774,28,Female,Monthly,83.48,1370.12,28,Bank Transfer,1,Yes,,,,,,,,,,,,
CUST06775,63,Male,Monthly,100.65,1188.24,14,Credit Card,0,No,,,,,,,,,,,,
CUST06776,51,Female,Monthly,63.22,2705.3,26,Credit Card,0,No,,,,,,,,,,,,
CUST06777,72,Female,Two Year,55.78,1014.36,17,Direct Debit,1,No,,,,,,,,,,,,
CUST06778,45,Female,Two Year,94.88,1805.5,34,Credit Card,0,No,,,,,,,,,,,,
CUST06779,22,Female,Two Year,45.52,1384.49,14,Credit Card,1,No,,,,,,,,,,,,
CUST06780,80,Male,Monthly,69.22,1114.4,26,Credit Card,3,No,,,,,,,,,,,,
CUST06781,76,Female,One Year,75.87,2424.45,34,Credit Card,0,No,,,,,,,,,,,,
CUST06782,22,Female,Monthly,77.05,1684.65,24,Bank Transfer,1,No,,,,,,,,,,,,
CUST06783,68,Male,Monthly,82.48,5253.31,70,Credit Card,2,No,,,,,,,,,,,,
CUST06784,38,Female,Monthly,45.68,1692.42,20,Bank Transfer,1,No,,,,,,,,,,,,
CUST06785,29,Female,Monthly,60.74,1840.44,39,Bank Transfer,1,Yes,,,,,,,,,,,,
CUST06786,67,Female,One Year,52.18,2790.2,45,Bank Transfer,3,No,,,,,,,,,,,,
CUST06787,21,Male,Two Year,48.93,1757.53,34,Direct Debit,2,No,,,,,,,,,,,,
CUST06788,71,Female,Monthly,33.12,1034.21,22,Credit Card,0,No,,,,,,,,,,,,
CUST06789,66,Female,Two Year,96.02,2394.15,71,Bank Transfer,0,No,,,,,,,,,,,,
CUST06790,59,Female,Monthly,72.84,3008.95,33,Direct Debit,1,No,,,,,,,,,,,,
CUST06791,37,Female,Monthly,51.67,406.29,6,Direct Debit,0,No,,,,,,,,,,,,
CUST06792,55,Female,Monthly,51.08,763.18,16,Bank Transfer,0,No,,,,,,,,,,,,
CUST06793,42,Female,Monthly,68.59,3541.08,72,Credit Card,0,No,,,,,,,,,,,,
CUST06794,31,Female,Monthly,82.36,1458.93,23,Credit Card,1,Yes,,,,,,,,,,,,
CUST06795,28,Male,One Year,47.56,1422.99,18,Credit Card,2,No,,,,,,,,,,,,
CUST06796,49,Male,One Year,71.31,643.4,14,Direct Debit,2,Yes,,,,,,,,,,,,
CUST06797,28,Male,Two Year,100.57,3477.04,50,Bank Transfer,2,Yes,,,,,,,,,,,,
CUST06798,78,Male,Monthly,75.37,6344.31,61,Bank Transfer,4,Yes,,,,,,,,,,,,
CUST06799,35,Male,One Year,48.84,2687.84,36,Bank Transfer,2,No,,,,,,,,,,,,
CUST06800,44,Male,One Year,60.14,789.49,15,Debit Card,4,Yes,,,,,,,,,,,,
CUST06801,72,Female,Two Year,65.29,322.22,5,Credit Card,0,No,,,,,,,,,,,,
CUST06802,71,Male,Monthly,51,3726.98,53,Direct Debit,3,No,,,,,,,,,,,,
CUST06803,35,Male,Two Year,65.96,2413.62,48,Direct Debit,1,No,,,,,,,,,,,,
CUST06804,73,Male,One Year,54.39,672.65,11,Bank Transfer,3,No,,,,,,,,,,,,
CUST06805,40,Female,One Year,50.37,115.05,2,Debit Card,0,No,,,,,,,,,,,,
CUST06806,28,Male,Monthly,78.91,1196.29,24,Debit Card,0,No,,,,,,,,,,,,
CUST06807,38,Male,Monthly,89.64,5487.07,68,Credit Card,3,No,,,,,,,,,,,,
CUST06808,61,Male,Monthly,89.49,1134.79,12,Credit Card,2,No,,,,,,,,,,,,
CUST06809,22,Female,Monthly,49.29,5370.56,59,Credit Card,3,No,,,,,,,,,,,,
CUST06810,40,Female,Monthly,81.81,3427.61,67,Debit Card,1,No,,,,,,,,,,,,
CUST06811,58,Female,Two Year,103.41,2512.68,32,Credit Card,2,No,,,,,,,,,,,,
CUST06812,76,Male,Monthly,50.77,3541.12,36,Credit Card,4,No,,,,,,,,,,,,
CUST06813,80,Female,Monthly,51.98,1075.6,21,Direct Debit,2,No,,,,,,,,,,,,
CUST06814,42,Female,Monthly,45.48,3718.91,70,Direct Debit,2,No,,,,,,,,,,,,
CUST06815,58,Male,Monthly,49.34,3180.24,66,Credit Card,0,No,,,,,,,,,,,,
CUST06816,71,Male,Monthly,92.69,466.9,9,Credit Card,2,Yes,,,,,,,,,,,,
CUST06817,27,Male,One Year,51.61,4397.49,44,Direct Debit,1,No,,,,,,,,,,,,
CUST06818,39,Female,Monthly,78.86,3272.2,59,Direct Debit,2,Yes,,,,,,,,,,,,
CUST06819,49,Male,One Year,37.79,1930.04,24,Bank Transfer,2,No,,,,,,,,,,,,
CUST06820,18,Male,Monthly,32.7,2382.09,63,Bank Transfer,2,No,,,,,,,,,,,,
CUST06821,24,Male,Two Year,43.83,1396.61,41,Credit Card,1,No,,,,,,,,,,,,
CUST06822,21,Female,Two Year,80.28,84.31,2,Direct Debit,3,No,,,,,,,,,,,,
CUST06823,18,Female,Monthly,56.39,2194.75,28,Direct Debit,2,No,,,,,,,,,,,,
CUST06824,32,Female,Two Year,69.22,940.8,16,Bank Transfer,0,No,,,,,,,,,,,,
CUST06825,57,Female,Monthly,53.46,4378.01,59,Direct Debit,1,No,,,,,,,,,,,,
CUST06826,29,Female,Monthly,58.76,56.84,1,Credit Card,1,No,,,,,,,,,,,,
CUST06827,39,Male,Monthly,46.81,54.74,1,Credit Card,4,No,,,,,,,,,,,,
CUST06828,39,Male,Monthly,75.82,1388.87,31,Debit Card,1,No,,,,,,,,,,,,
CUST06829,67,Female,Two Year,77.89,1607.54,22,Credit Card,0,Yes,,,,,,,,,,,,
CUST06830,64,Female,Monthly,63.42,4509.62,59,Direct Debit,1,No,,,,,,,,,,,,
CUST06831,34,Female,Monthly,63.37,1653.79,28,Direct Debit,1,No,,,,,,,,,,,,
CUST06832,46,Male,Monthly,71.32,1637.32,27,Direct Debit,2,No,,,,,,,,,,,,
CUST06833,63,Male,One Year,79.29,73.79,1,Debit Card,3,Yes,,,,,,,,,,,,
CUST06834,31,Male,Two Year,53.29,152.1,2,Direct Debit,5,No,,,,,,,,,,,,
CUST06835,67,Female,One Year,83.1,3766.18,66,Credit Card,0,No,,,,,,,,,,,,
CUST06836,37,Female,Monthly,58.32,4021.76,49,Credit Card,1,No,,,,,,,,,,,,
CUST06837,67,Female,Monthly,66.38,1037.11,19,Bank Transfer,3,Yes,,,,,,,,,,,,
CUST06838,65,Female,Monthly,66.33,1960.54,28,Credit Card,1,No,,,,,,,,,,,,
CUST06839,50,Male,Monthly,93.65,4951.77,70,Direct Debit,3,No,,,,,,,,,,,,
CUST06840,72,Male,Monthly,61.85,3902.53,39,Debit Card,0,No,,,,,,,,,,,,
CUST06841,76,Male,Monthly,20.55,1174.01,19,Debit Card,2,No,,,,,,,,,,,,
CUST06842,60,Female,Two Year,49.99,1403.69,64,Direct Debit,0,No,,,,,,,,,,,,
CUST06843,32,Male,Monthly,99.09,2996.46,58,Debit Card,0,No,,,,,,,,,,,,
CUST06844,29,Female,Two Year,28.53,1602.49,17,Debit Card,3,No,,,,,,,,,,,,
CUST06845,57,Female,Two Year,24.71,2007.71,70,Debit Card,0,No,,,,,,,,,,,,
CUST06846,71,Male,Two Year,85.78,1002.22,41,Debit Card,0,No,,,,,,,,,,,,
CUST06847,37,Male,Monthly,74.9,425.54,5,Debit Card,4,No,,,,,,,,,,,,
CUST06848,47,Male,Two Year,58.17,1698.81,23,Direct Debit,2,No,,,,,,,,,,,,
CUST06849,55,Female,One Year,74.31,3805.19,69,Direct Debit,1,No,,,,,,,,,,,,
CUST06850,20,Male,One Year,61.2,730.03,10,Bank Transfer,5,Yes,,,,,,,,,,,,
CUST06851,45,Male,Monthly,51.93,4169.59,68,Debit Card,0,No,,,,,,,,,,,,
CUST06852,73,Female,Monthly,94.9,601.79,12,Direct Debit,1,No,,,,,,,,,,,,
CUST06853,43,Female,Two Year,56.7,899.93,10,Bank Transfer,4,Yes,,,,,,,,,,,,
CUST06854,47,Female,Monthly,42.27,3237.74,60,Direct Debit,1,No,,,,,,,,,,,,
CUST06855,30,Female,Monthly,35.55,1205.8,30,Direct Debit,0,No,,,,,,,,,,,,
CUST06856,30,Female,Monthly,85.91,845.93,24,Direct Debit,0,No,,,,,,,,,,,,
CUST06857,19,Female,Two Year,73.89,5651.87,69,Direct Debit,2,No,,,,,,,,,,,,
CUST06858,54,Male,Monthly,78.84,993.97,13,Unknown,3,No,,,,,,,,,,,,
CUST06859,66,Male,Two Year,107.69,690.9,9,Debit Card,3,No,,,,,,,,,,,,
CUST06860,55,Female,Monthly,58.52,2074.69,18,Debit Card,2,Yes,,,,,,,,,,,,
CUST06861,19,Female,Monthly,112.8,1904.9,35,Direct Debit,1,Yes,,,,,,,,,,,,
CUST06862,53,Female,Monthly,63.87,437.48,4,Credit Card,3,Yes,,,,,,,,,,,,
CUST06863,71,Female,One Year,67.4125,2718.54,41,Debit Card,2,No,,,,,,,,,,,,
CUST06864,43,Female,Monthly,97.1,1910.75,26,Direct Debit,2,No,,,,,,,,,,,,
CUST06865,28,Male,Monthly,69.82,4218.15,44,Debit Card,3,No,,,,,,,,,,,,
CUST06866,25,Male,Monthly,87.53,3106.13,42,Credit Card,3,No,,,,,,,,,,,,
CUST06867,61,Male,Monthly,55.98,815.27,10,Debit Card,2,No,,,,,,,,,,,,
CUST06868,57,Female,One Year,78.74,56.06,1,Debit Card,2,No,,,,,,,,,,,,
CUST06869,60,Male,Monthly,97.72,4048.15,54,Direct Debit,4,No,,,,,,,,,,,,
CUST06870,39,Male,Monthly,81.6,1531.99,16,Direct Debit,1,No,,,,,,,,,,,,
CUST06871,37,Male,Monthly,60.76,3873.15,46,Direct Debit,3,No,,,,,,,,,,,,
CUST06872,25,Male,Monthly,62.65,739.2,13,Credit Card,0,No,,,,,,,,,,,,
CUST06873,46,Male,Two Year,62.48,3716.91,64,Debit Card,1,No,,,,,,,,,,,,
CUST06874,57,Male,Monthly,68.34,3392.87,55,Credit Card,3,No,,,,,,,,,,,,
CUST06875,43,Female,Monthly,100.24,4147.96,63,Credit Card,1,No,,,,,,,,,,,,
CUST06876,47,Male,Monthly,67.11,1867.98,18,Direct Debit,4,No,,,,,,,,,,,,
CUST06877,34,Male,One Year,81.78,3809.15,61,Debit Card,4,No,,,,,,,,,,,,
CUST06878,37,Female,One Year,81.22,1757.68,20,Credit Card,4,No,,,,,,,,,,,,
CUST06879,69,Female,Monthly,92.35,5381.3,65,Debit Card,2,No,,,,,,,,,,,,
CUST06880,72,Male,One Year,43.5,5911.6,64,Credit Card,0,No,,,,,,,,,,,,
CUST06881,33,Male,One Year,75.05,2745.05,64,Direct Debit,1,No,,,,,,,,,,,,
CUST06882,63,Female,Monthly,108.83,1014.52,13,Credit Card,2,No,,,,,,,,,,,,
CUST06883,79,Male,Monthly,57.62,7230.32,68,Debit Card,2,No,,,,,,,,,,,,
CUST06884,60,Male,Monthly,107.72,4212.13,70,Credit Card,2,No,,,,,,,,,,,,
CUST06885,24,Male,One Year,43.48,6347.03,57,Debit Card,2,No,,,,,,,,,,,,
CUST06886,33,Male,Two Year,65.38,1972.68,45,Debit Card,2,No,,,,,,,,,,,,
CUST06887,62,Female,Monthly,82.71,2638.94,38,Direct Debit,2,Yes,,,,,,,,,,,,
CUST06888,76,Female,One Year,73.99,4356.28,54,Direct Debit,1,No,,,,,,,,,,,,
CUST06889,64,Female,Monthly,21.98,2475.2,36,Credit Card,4,Yes,,,,,,,,,,,,
CUST06890,73,Female,Two Year,74.18,1443.49,67,Credit Card,0,No,,,,,,,,,,,,
CUST06891,65,Male,One Year,67.66,864.98,11,Direct Debit,4,No,,,,,,,,,,,,
CUST06892,44,Female,One Year,60.42,1703.27,27,Direct Debit,1,No,,,,,,,,,,,,
CUST06893,70,Male,Monthly,64.71,1070.39,17,Debit Card,0,No,,,,,,,,,,,,
CUST06894,40,Male,Monthly,23.55,2246.56,33,Credit Card,1,No,,,,,,,,,,,,
CUST06895,41,Female,One Year,60.78,116.39,5,Credit Card,2,No,,,,,,,,,,,,
CUST06896,80,Female,Monthly,83.64,3584.17,62,Bank Transfer,1,No,,,,,,,,,,,,
CUST06897,26,Male,Monthly,73.8,5310.92,65,Direct Debit,2,No,,,,,,,,,,,,
CUST06898,52,Female,Monthly,91.38,5154.68,71,Bank Transfer,3,No,,,,,,,,,,,,
CUST06899,68,Male,Monthly,101.78,6545.9,67,Credit Card,0,No,,,,,,,,,,,,
CUST06900,37,Male,One Year,53.96,4324,44,Bank Transfer,2,No,,,,,,,,,,,,
CUST06901,54,Male,Monthly,52.9,812.56,14,Direct Debit,2,No,,,,,,,,,,,,
CUST06902,59,Female,Monthly,88.46,2826.58,57,Debit Card,0,No,,,,,,,,,,,,
CUST06903,34,Female,Monthly,58.84,4568.12,48,Direct Debit,1,No,,,,,,,,,,,,
CUST06904,64,Female,Two Year,57.51,956,17,Bank Transfer,2,No,,,,,,,,,,,,
CUST06905,48,Male,Two Year,120,2395.93,44,Credit Card,1,No,,,,,,,,,,,,
CUST06906,72,Male,Monthly,91.42,450.82,4,Credit Card,4,Yes,,,,,,,,,,,,
CUST06907,74,Female,One Year,72.18,2661.97,30,Credit Card,3,No,,,,,,,,,,,,
CUST06908,49,Male,Monthly,79.59,4043.94,55,Bank Transfer,4,No,,,,,,,,,,,,
CUST06909,32,Male,Monthly,69.41,2451.24,30,Bank Transfer,2,Yes,,,,,,,,,,,,
CUST06910,48,Female,One Year,44.97,1223.38,18,Debit Card,2,No,,,,,,,,,,,,
CUST06911,70,Female,Monthly,77.17,1893.44,44,Credit Card,0,No,,,,,,,,,,,,
CUST06912,47,Male,Monthly,63.12,5163.5,62,Direct Debit,1,No,,,,,,,,,,,,
CUST06913,63,Male,One Year,47.51,1884.9,31,Credit Card,5,No,,,,,,,,,,,,
CUST06914,37,Male,Two Year,54.98,745.36,16,Debit Card,1,No,,,,,,,,,,,,
CUST06915,77,Female,Two Year,40.55,1260.69,23,Credit Card,2,No,,,,,,,,,,,,
CUST06916,56,Female,One Year,40.48,589.46,14,Credit Card,2,No,,,,,,,,,,,,
CUST06917,70,Female,Monthly,57.49,76.45,2,Direct Debit,1,No,,,,,,,,,,,,
CUST06918,72,Male,Monthly,43.46,664.07,12,Credit Card,0,No,,,,,,,,,,,,
CUST06919,29,Male,Two Year,109.49,2721.09,58,Credit Card,0,No,,,,,,,,,,,,
CUST06920,66,Female,Monthly,92.53,6450.43,56,Bank Transfer,4,No,,,,,,,,,,,,
CUST06921,34,Female,One Year,61.61,2200.78,24,Bank Transfer,1,No,,,,,,,,,,,,
CUST06922,59,Female,Monthly,80.7,2136.85,37,Credit Card,4,No,,,,,,,,,,,,
CUST06923,47,Male,Monthly,69.93,2477.61,29,Credit Card,1,No,,,,,,,,,,,,
CUST06924,46,Female,Monthly,49.92,3070.05,42,Credit Card,1,No,,,,,,,,,,,,
CUST06925,36,Female,Two Year,52.11,910.16,18,Direct Debit,3,Yes,,,,,,,,,,,,
CUST06926,63,Female,Monthly,57.78,153.94,3,Bank Transfer,3,Yes,,,,,,,,,,,,
CUST06927,28,Female,One Year,51.64,803.49,13,Direct Debit,2,No,,,,,,,,,,,,
CUST06928,51,Male,Two Year,58.99,1448.6,29,Credit Card,1,No,,,,,,,,,,,,
CUST06929,67,Male,Two Year,110.04,3781.78,66,Debit Card,1,No,,,,,,,,,,,,
CUST06930,24,Male,Monthly,68.94,6882.46,59,Direct Debit,2,No,,,,,,,,,,,,
CUST06931,61,Female,Monthly,37.62,3376.01,48,Credit Card,1,No,,,,,,,,,,,,
CUST06932,75,Female,Two Year,66.26,161.34,4,Bank Transfer,1,No,,,,,,,,,,,,
CUST06933,51,Female,Monthly,94.85,3457.66,51,Debit Card,3,No,,,,,,,,,,,,
CUST06934,76,Male,Monthly,110.38,438.81,5,Debit Card,3,Yes,,,,,,,,,,,,
CUST06935,37,Female,Monthly,44.04,4082.21,39,Bank Transfer,2,No,,,,,,,,,,,,
CUST06936,67,Female,Monthly,71.37,1742.6,41,Debit Card,1,No,,,,,,,,,,,,
CUST06937,55,Male,Monthly,72,377.82,5,Direct Debit,1,No,,,,,,,,,,,,
CUST06938,41,Female,One Year,84.22,606.49,8,Direct Debit,3,Yes,,,,,,,,,,,,
CUST06939,49,Male,One Year,66.72,4935.4,56,Bank Transfer,2,No,,,,,,,,,,,,
CUST06940,49,Male,Monthly,66.36,1682.29,25,Debit Card,1,No,,,,,,,,,,,,
CUST06941,69,Male,One Year,60.97,3251.38,52,Direct Debit,1,No,,,,,,,,,,,,
CUST06942,32,Female,Monthly,44.38,2983.36,52,Credit Card,2,No,,,,,,,,,,,,
CUST06943,54,Female,Monthly,79.5,292.07,7,Credit Card,1,No,,,,,,,,,,,,
CUST06944,37,Male,Two Year,49.75,5124.65,61,Bank Transfer,1,No,,,,,,,,,,,,
CUST06945,20,Female,Monthly,34.05,2204.15,47,Bank Transfer,1,No,,,,,,,,,,,,
CUST06946,54,Female,One Year,57.34,2358.24,66,Direct Debit,1,No,,,,,,,,,,,,
CUST06947,79,Female,One Year,32.87,3569.67,59,Direct Debit,1,No,,,,,,,,,,,,
CUST06948,74,Male,One Year,62.52,153.96,5,Direct Debit,2,No,,,,,,,,,,,,
CUST06949,57,Female,Monthly,59.81,2927.82,44,Direct Debit,2,Yes,,,,,,,,,,,,
CUST06950,25,Female,Monthly,68.77,2671.8,42,Debit Card,0,No,,,,,,,,,,,,
CUST06951,57,Male,Monthly,61.25,4287.74,61,Debit Card,3,No,,,,,,,,,,,,
CUST06952,61,Male,Monthly,72.51,3866.78,63,Debit Card,2,Yes,,,,,,,,,,,,
CUST06953,73,Female,Monthly,98.25,3710.95,50,Bank Transfer,1,No,,,,,,,,,,,,
CUST06954,40,Male,Two Year,20.68,3676.64,38,Bank Transfer,2,No,,,,,,,,,,,,
CUST06955,57,Female,Monthly,90.73,1132.56,54,Bank Transfer,2,No,,,,,,,,,,,,
CUST06956,28,Male,Two Year,42.14,4292.02,44,Direct Debit,1,No,,,,,,,,,,,,
CUST06957,63,Female,Monthly,73.03,948.78,24,Credit Card,3,No,,,,,,,,,,,,
CUST06958,25,Male,One Year,86.46,4404.92,63,Credit Card,0,No,,,,,,,,,,,,
CUST06959,46,Male,Two Year,57.25,3384.94,39,Debit Card,3,Yes,,,,,,,,,,,,
CUST06960,47,Male,Two Year,75.45,660.47,12,Direct Debit,3,No,,,,,,,,,,,,
CUST06961,73,Female,Monthly,77.3,5128.12,63,Credit Card,0,No,,,,,,,,,,,,
CUST06962,77,Female,Two Year,90.03,720.22,9,Direct Debit,4,No,,,,,,,,,,,,
CUST06963,27,Male,Monthly,47.13,1959.74,22,Direct Debit,2,Yes,,,,,,,,,,,,
CUST06964,56,Male,Monthly,73.38,1806.01,36,Debit Card,2,No,,,,,,,,,,,,
CUST06965,45,Female,One Year,60.83,1937.75,28,Direct Debit,1,No,,,,,,,,,,,,
CUST06966,66,Male,Two Year,71.31,3290.88,56,Credit Card,4,No,,,,,,,,,,,,
CUST06967,53,Female,Two Year,81.45,2218.85,29,Debit Card,1,No,,,,,,,,,,,,
CUST06968,78,Male,Monthly,63.03,410.96,5,Debit Card,4,Yes,,,,,,,,,,,,
CUST06969,30,Female,One Year,65.42,269.09,4,Direct Debit,3,No,,,,,,,,,,,,
CUST06970,49,Female,One Year,81.23,3594.9,51,Debit Card,0,No,,,,,,,,,,,,
CUST06971,53,Female,Monthly,56.52,1191.2,15,Debit Card,1,No,,,,,,,,,,,,
CUST06972,54,Female,One Year,85.06,3432.7,60,Bank Transfer,1,No,,,,,,,,,,,,
CUST06973,43,Male,Monthly,54.93,2334.24,26,Debit Card,2,Yes,,,,,,,,,,,,
CUST06974,39,Male,Monthly,103.47,1217.45,23,Bank Transfer,3,No,,,,,,,,,,,,
CUST06975,21,Female,One Year,79.93,2975.07,29,Direct Debit,2,No,,,,,,,,,,,,
CUST06976,48,Female,Monthly,74.58,4303.29,57,Credit Card,4,No,,,,,,,,,,,,
CUST06977,35,Female,Monthly,59.14,4736.81,62,Debit Card,1,No,,,,,,,,,,,,
CUST06978,55,Female,Monthly,64.39,3212.46,59,Credit Card,1,No,,,,,,,,,,,,
CUST06979,80,Female,One Year,78.4,3065.65,48,Direct Debit,0,No,,,,,,,,,,,,
CUST06980,41,Male,Monthly,96.57,2932.41,35,Credit Card,0,No,,,,,,,,,,,,
CUST06981,80,Male,Monthly,43.48,4724.6,46,Credit Card,3,No,,,,,,,,,,,,
CUST06982,73,Male,One Year,42.88,1504.58,33,Direct Debit,2,No,,,,,,,,,,,,
CUST06983,40,Male,Monthly,51.47,2869.68,71,Debit Card,0,No,,,,,,,,,,,,
CUST06984,39,Female,Two Year,60.66,516.37,10,Bank Transfer,1,No,,,,,,,,,,,,
CUST06985,19,Male,Monthly,61.3,3013.77,48,Direct Debit,1,No,,,,,,,,,,,,
CUST06986,48,Male,Monthly,80.91,2525.09,44,Debit Card,2,No,,,,,,,,,,,,
CUST06987,72,Male,Monthly,73.81,5343.82,70,Credit Card,2,No,,,,,,,,,,,,
CUST06988,28,Male,Monthly,56.39,4307.84,63,Credit Card,1,No,,,,,,,,,,,,
CUST06989,45,Male,Two Year,98.13,2684.89,49,Bank Transfer,1,No,,,,,,,,,,,,
CUST06990,63,Female,Monthly,111.21,7491.91,72,Credit Card,4,No,,,,,,,,,,,,
CUST06991,49,Male,One Year,82.65,4565.06,41,Bank Transfer,1,Yes,,,,,,,,,,,,
CUST06992,79,Female,Monthly,72.74,3405.54,39,Debit Card,5,No,,,,,,,,,,,,
CUST06993,22,Female,One Year,63.02,1561.57,23,Debit Card,1,No,,,,,,,,,,,,
CUST06994,55,Female,Two Year,46.78,761.07,13,Credit Card,4,No,,,,,,,,,,,,
CUST06995,27,Male,Monthly,85.41,2599.9,53,Debit Card,0,No,,,,,,,,,,,,
CUST06996,57,Male,One Year,57.21,5976.55,70,Credit Card,1,No,,,,,,,,,,,,
CUST06997,63,Male,Two Year,67.4125,3245.8,57,Debit Card,1,No,,,,,,,,,,,,
CUST06998,41,Male,One Year,73.09,4247.27,67,Direct Debit,1,No,,,,,,,,,,,,
CUST06999,52,Female,Monthly,46.77,3441.56,48,Credit Card,1,No,,,,,,,,,,,,
CUST07000,61,Female,Monthly,97.34,993.23,20,Direct Debit,1,No,,,,,,,,,,,,
CUST07001,65,Female,Monthly,79.41,6055.36,62,Debit Card,2,No,,,,,,,,,,,,
CUST07002,77,Male,Two Year,50.3,3844.4,45,Credit Card,2,No,,,,,,,,,,,,
CUST07003,79,Female,One Year,39.89,3344.6,63,Direct Debit,2,No,,,,,,,,,,,,
CUST07004,40,Male,Two Year,53.7,331.25,8,Debit Card,2,No,,,,,,,,,,,,
CUST07005,34,Female,Monthly,52.65,1426.63,26,Bank Transfer,2,No,,,,,,,,,,,,
CUST07006,18,Female,Monthly,48.87,2107.99,38,Credit Card,1,No,,,,,,,,,,,,
CUST07007,72,Male,Monthly,76.44,2126.05,41,Debit Card,1,No,,,,,,,,,,,,
CUST07008,48,Male,Monthly,76.22,143.91,2,Direct Debit,1,No,,,,,,,,,,,,
CUST07009,48,Female,Monthly,45.8,521.57,7,Credit Card,1,Yes,,,,,,,,,,,,
CUST07010,59,Male,Monthly,107.3,1200.96,25,Bank Transfer,3,No,,,,,,,,,,,,
CUST07011,74,Male,One Year,51.29,5228.28,51,Bank Transfer,4,No,,,,,,,,,,,,
CUST07012,72,Male,Monthly,30.24,2599.87,50,Credit Card,2,No,,,,,,,,,,,,
CUST07013,59,Male,Monthly,75.08,2022.2,64,Direct Debit,0,No,,,,,,,,,,,,
CUST07014,70,Female,Two Year,62.15,861.16,12,Credit Card,1,Yes,,,,,,,,,,,,
CUST07015,73,Female,Two Year,62.55,3242.31,53,Credit Card,2,No,,,,,,,,,,,,
CUST07016,51,Female,Monthly,62.79,667.04,10,Direct Debit,3,No,,,,,,,,,,,,
CUST07017,26,Male,Two Year,68.74,3741.94,61,Credit Card,4,No,,,,,,,,,,,,
CUST07018,39,Female,Monthly,83.22,3844.05,55,Direct Debit,1,No,,,,,,,,,,,,
CUST07019,30,Female,Monthly,56.83,5599.06,68,Bank Transfer,4,No,,,,,,,,,,,,
CUST07020,42,Male,Two Year,56.11,2530.85,42,Bank Transfer,4,No,,,,,,,,,,,,
CUST07021,65,Male,One Year,64.82,3658.32,66,Bank Transfer,3,No,,,,,,,,,,,,
CUST07022,35,Female,Two Year,82.02,2787.84,44,Credit Card,0,No,,,,,,,,,,,,
CUST07023,68,Male,One Year,67.25,2176.5,28,Bank Transfer,1,No,,,,,,,,,,,,
CUST07024,29,Male,Monthly,64.62,3806.42,58,Direct Debit,2,No,,,,,,,,,,,,
CUST07025,57,Male,One Year,95.33,132.75,2,Credit Card,1,No,,,,,,,,,,,,
CUST07026,34,Male,Monthly,70.27,4971.19,55,Debit Card,2,No,,,,,,,,,,,,
CUST07027,32,Male,Monthly,41.49,2467.69,34,Debit Card,3,No,,,,,,,,,,,,
CUST07028,59,Male,Monthly,70.93,764.83,20,Credit Card,0,No,,,,,,,,,,,,
CUST07029,32,Female,Monthly,60.5,3262.74,47,Direct Debit,2,No,,,,,,,,,,,,
CUST07030,32,Male,Two Year,67.89,1564.43,26,Bank Transfer,0,No,,,,,,,,,,,,
CUST07031,80,Female,Two Year,70.96,63.5,1,Credit Card,5,No,,,,,,,,,,,,
CUST07032,72,Male,One Year,70.86,4748.26,65,Bank Transfer,1,No,,,,,,,,,,,,
CUST07033,56,Female,Monthly,70.8,995.34,15,Debit Card,1,No,,,,,,,,,,,,
CUST07034,30,Female,One Year,40.28,926.17,14,Credit Card,0,Yes,,,,,,,,,,,,
CUST07035,34,Female,One Year,106.43,2168.59,55,Direct Debit,0,No,,,,,,,,,,,,
CUST07036,49,Female,Two Year,70.49,110.49,1,Credit Card,5,No,,,,,,,,,,,,
CUST07037,26,Female,Monthly,49.23,2498.74,33,Debit Card,4,No,,,,,,,,,,,,
CUST07038,57,Female,Monthly,31.13,3598.29,70,Debit Card,1,No,,,,,,,,,,,,
CUST07039,37,Male,Two Year,70.16,1733.8,56,Bank Transfer,0,No,,,,,,,,,,,,
CUST07040,43,Male,Two Year,62.02,1554.97,23,Credit Card,2,No,,,,,,,,,,,,
CUST07041,44,Female,Monthly,75.62,3242.67,54,Direct Debit,4,No,,,,,,,,,,,,
CUST07042,38,Male,Monthly,106.88,219.01,3,Direct Debit,5,No,,,,,,,,,,,,
CUST07043,35,Female,One Year,64.77,4742.1,46,Bank Transfer,4,Yes,,,,,,,,,,,,
CUST07044,30,Female,One Year,86.15,361.83,6,Credit Card,5,Yes,,,,,,,,,,,,
CUST07045,33,Male,One Year,49.49,2057.42,25,Direct Debit,2,No,,,,,,,,,,,,
CUST07046,26,Female,Monthly,76.99,788.55,17,Direct Debit,1,Yes,,,,,,,,,,,,
CUST07047,80,Male,Monthly,52.15,1985.81,28,Direct Debit,0,No,,,,,,,,,,,,
CUST07048,29,Male,Monthly,42.66,1611.55,32,Debit Card,2,No,,,,,,,,,,,,
CUST07049,61,Female,One Year,74.28,957.98,23,Credit Card,0,No,,,,,,,,,,,,
CUST07050,55,Male,Monthly,99.21,1269.76,16,Credit Card,2,No,,,,,,,,,,,,
CUST07051,36,Female,Monthly,90.94,2783.68,26,Credit Card,2,No,,,,,,,,,,,,
CUST07052,77,Female,Monthly,120,3039.16,33,Credit Card,4,No,,,,,,,,,,,,
CUST07053,24,Male,Monthly,70.41,7406.54,58,Direct Debit,3,No,,,,,,,,,,,,
CUST07054,74,Female,Monthly,77.14,3443.61,48,Bank Transfer,0,No,,,,,,,,,,,,
CUST07055,52,Female,Monthly,67.4125,4241.06,55,Credit Card,2,Yes,,,,,,,,,,,,
CUST07056,65,Male,Two Year,71.79,2861.4,41,Debit Card,3,No,,,,,,,,,,,,
CUST07057,35,Male,Monthly,87.15,4126.66,62,Credit Card,4,Yes,,,,,,,,,,,,
CUST07058,33,Female,Monthly,60.55,1370.33,17,Bank Transfer,1,Yes,,,,,,,,,,,,
CUST07059,72,Female,Monthly,47.71,3372.44,59,Debit Card,1,No,,,,,,,,,,,,
CUST07060,56,Male,Two Year,58.54,622.72,14,Credit Card,2,No,,,,,,,,,,,,
CUST07061,21,Male,Monthly,51.39,1169.28,21,Credit Card,3,No,,,,,,,,,,,,
CUST07062,76,Female,Monthly,36.22,3247.52,63,Bank Transfer,2,No,,,,,,,,,,,,
CUST07063,42,Female,Monthly,62.1,1666.97,46,Debit Card,1,No,,,,,,,,,,,,
CUST07064,49,Male,One Year,22.01,3330.35,55,Bank Transfer,1,No,,,,,,,,,,,,
CUST07065,79,Female,One Year,62.57,1400.86,62,Direct Debit,0,No,,,,,,,,,,,,
CUST07066,57,Male,Monthly,27.89,2398.03,39,Bank Transfer,1,No,,,,,,,,,,,,
CUST07067,30,Female,Monthly,102.87,1118.95,42,Debit Card,2,No,,,,,,,,,,,,
CUST07068,62,Male,Monthly,56.45,5089.57,48,Direct Debit,3,No,,,,,,,,,,,,
CUST07069,34,Male,One Year,20,1702.04,28,Credit Card,4,No,,,,,,,,,,,,
CUST07070,66,Male,One Year,71.07,125.97,6,Debit Card,1,No,,,,,,,,,,,,
CUST07071,54,Female,Monthly,69.21,4135.47,59,Direct Debit,2,No,,,,,,,,,,,,
CUST07072,23,Female,One Year,57.52,4748.32,70,Direct Debit,2,No,,,,,,,,,,,,
CUST07073,36,Female,Monthly,96.51,2077.69,39,Credit Card,2,No,,,,,,,,,,,,
CUST07074,30,Female,One Year,78.24,5639.32,57,Direct Debit,1,No,,,,,,,,,,,,
CUST07075,74,Male,One Year,57.67,4037.46,54,Credit Card,1,No,,,,,,,,,,,,
CUST07076,77,Female,Two Year,80.44,3561.8,60,Direct Debit,0,No,,,,,,,,,,,,
CUST07077,43,Male,Monthly,100.28,1424.4,17,Credit Card,2,No,,,,,,,,,,,,
CUST07078,31,Female,Monthly,45.86,4254.95,40,Credit Card,4,Yes,,,,,,,,,,,,
CUST07079,48,Male,Monthly,54.89,3050.13,66,Debit Card,1,No,,,,,,,,,,,,
CUST07080,71,Male,Monthly,69.3,3120.55,54,Direct Debit,2,No,,,,,,,,,,,,
CUST07081,21,Female,Monthly,38.11,5096,71,Direct Debit,1,No,,,,,,,,,,,,
CUST07082,77,Female,Monthly,76.26,1637.4,44,Direct Debit,0,No,,,,,,,,,,,,
CUST07083,56,Female,Monthly,92.94,4787.67,67,Bank Transfer,3,No,,,,,,,,,,,,
CUST07084,25,Female,Two Year,62.32,5079.04,57,Bank Transfer,2,No,,,,,,,,,,,,
CUST07085,42,Male,One Year,37.57,2367.21,36,Credit Card,1,No,,,,,,,,,,,,
CUST07086,30,Female,Monthly,86.24,2153.28,57,Credit Card,1,No,,,,,,,,,,,,
CUST07087,49,Male,Monthly,104.42,3806.55,43,Debit Card,2,No,,,,,,,,,,,,
CUST07088,76,Female,Monthly,20,4819.48,44,Direct Debit,1,Yes,,,,,,,,,,,,
CUST07089,55,Female,Monthly,82.39,1273.14,62,Direct Debit,0,No,,,,,,,,,,,,
CUST07090,80,Male,Monthly,83.45,5312.1,61,Debit Card,3,No,,,,,,,,,,,,
CUST07091,55,Male,Monthly,71.95,857.2,11,Direct Debit,3,Yes,,,,,,,,,,,,
CUST07092,73,Male,Two Year,69.7,2527.69,33,Direct Debit,6,No,,,,,,,,,,,,
CUST07093,45,Male,One Year,73.64,4830.3,66,Debit Card,1,No,,,,,,,,,,,,
CUST07094,70,Male,Monthly,59.87,1802.93,23,Bank Transfer,1,Yes,,,,,,,,,,,,
CUST07095,47,Male,One Year,98.36,3041.99,49,Debit Card,0,No,,,,,,,,,,,,
CUST07096,20,Male,Monthly,71.8,1896.19,20,Direct Debit,6,Yes,,,,,,,,,,,,
CUST07097,45,Female,Monthly,116.95,1010.46,15,Credit Card,3,No,,,,,,,,,,,,
CUST07098,20,Female,Monthly,84.78,7261.31,66,Debit Card,4,Yes,,,,,,,,,,,,
CUST07099,62,Male,One Year,73.52,2542.95,30,Credit Card,1,No,,,,,,,,,,,,
CUST07100,71,Male,Monthly,51.94,288.95,4,Direct Debit,2,No,,,,,,,,,,,,
CUST07101,51,Male,Monthly,71.66,3406.18,64,Debit Card,1,No,,,,,,,,,,,,
CUST07102,33,Female,Two Year,53,4660.34,65,Bank Transfer,2,No,,,,,,,,,,,,
CUST07103,39,Female,Monthly,52.05,398.58,8,Direct Debit,1,No,,,,,,,,,,,,
CUST07104,49,Female,One Year,55.39,2491.04,52,Debit Card,2,No,,,,,,,,,,,,
CUST07105,78,Female,Two Year,44.9,729.34,14,Debit Card,1,No,,,,,,,,,,,,
CUST07106,55,Female,Monthly,95.2,2457.01,58,Credit Card,0,No,,,,,,,,,,,,
CUST07107,25,Female,Two Year,42.29,1084.05,11,Credit Card,5,No,,,,,,,,,,,,
CUST07108,72,Male,One Year,65.44,2409.39,59,Direct Debit,1,No,,,,,,,,,,,,
CUST07109,25,Female,Two Year,55.77,1468.45,24,Bank Transfer,0,No,,,,,,,,,,,,
CUST07110,79,Female,Monthly,33.85,1857.56,32,Direct Debit,2,No,,,,,,,,,,,,
CUST07111,74,Female,Two Year,64.36,1666.84,46,Debit Card,0,No,,,,,,,,,,,,
CUST07112,23,Female,Monthly,61.47,1686.89,28,Credit Card,5,Yes,,,,,,,,,,,,
CUST07113,31,Male,One Year,100.58,1056.39,16,Debit Card,0,Yes,,,,,,,,,,,,
CUST07114,49,Female,Monthly,78.68,4528.69,42,Credit Card,4,No,,,,,,,,,,,,
CUST07115,52,Male,Monthly,73.4,1263.54,16,Direct Debit,2,Yes,,,,,,,,,,,,
CUST07116,27,Male,Monthly,83.99,852.02,12,Bank Transfer,3,No,,,,,,,,,,,,
CUST07117,20,Male,Monthly,65.94,4905.85,62,Debit Card,2,No,,,,,,,,,,,,
CUST07118,76,Female,Monthly,56.98,2358.13,34,Direct Debit,2,No,,,,,,,,,,,,
CUST07119,29,Female,Monthly,57.88,2201.53,38,Debit Card,1,No,,,,,,,,,,,,
CUST07120,66,Female,Monthly,57.16,2786.21,47,Direct Debit,1,No,,,,,,,,,,,,
CUST07121,76,Female,Monthly,76.08,1330.13,22,Unknown,2,No,,,,,,,,,,,,
CUST07122,48,Male,Monthly,40.86,226.19,3,Direct Debit,2,Yes,,,,,,,,,,,,
CUST07123,46,Female,Monthly,58.14,40,1,Direct Debit,1,No,,,,,,,,,,,,
CUST07124,80,Female,Two Year,90.35,3210.74,53,Debit Card,0,No,,,,,,,,,,,,
CUST07125,22,Female,One Year,77.82,5594.79,64,Bank Transfer,2,No,,,,,,,,,,,,
CUST07126,79,Male,Monthly,69.22,3329.81,44,Direct Debit,2,No,,,,,,,,,,,,
CUST07127,69,Female,Monthly,54.38,3191.44,47,Debit Card,2,No,,,,,,,,,,,,
CUST07128,42,Female,One Year,54.53,2184.26,38,Credit Card,1,No,,,,,,,,,,,,
CUST07129,80,Female,Monthly,95.83,3588.81,63,Direct Debit,0,No,,,,,,,,,,,,
CUST07130,58,Female,Monthly,72.18,3797.91,41,Bank Transfer,4,Yes,,,,,,,,,,,,
CUST07131,48,Female,Monthly,52.5,1429.35,21,Bank Transfer,0,No,,,,,,,,,,,,
CUST07132,79,Female,Two Year,63.58,2321.98,45,Credit Card,1,No,,,,,,,,,,,,
CUST07133,38,Female,Monthly,48.77,843.01,13,Credit Card,0,No,,,,,,,,,,,,
CUST07134,75,Female,One Year,71.85,3309.59,66,Direct Debit,2,No,,,,,,,,,,,,
CUST07135,37,Male,Monthly,67.69,4514.81,66,Debit Card,0,No,,,,,,,,,,,,
CUST07136,56,Female,One Year,83.99,2793.96,43,Direct Debit,1,No,,,,,,,,,,,,
CUST07137,80,Female,Monthly,39.31,5565.73,62,Bank Transfer,1,No,,,,,,,,,,,,
CUST07138,39,Female,Monthly,71.47,1852.18,48,Direct Debit,0,No,,,,,,,,,,,,
CUST07139,21,Female,Monthly,71.5,1802.96,26,Credit Card,0,No,,,,,,,,,,,,
CUST07140,30,Male,Two Year,67.63,4498.07,61,Credit Card,3,No,,,,,,,,,,,,
CUST07141,62,Male,Monthly,98.7,4171.51,62,Debit Card,1,No,,,,,,,,,,,,
CUST07142,80,Female,Monthly,78.69,1325.82,14,Credit Card,2,No,,,,,,,,,,,,
CUST07143,59,Female,One Year,87.83,4187.59,54,Bank Transfer,5,No,,,,,,,,,,,,
CUST07144,67,Male,One Year,49.63,3396.03,41,Direct Debit,4,No,,,,,,,,,,,,
CUST07145,66,Male,Monthly,33.17,2872.77,60,Debit Card,3,No,,,,,,,,,,,,
CUST07146,37,Male,Monthly,76.88,294.64,9,Credit Card,8,Yes,,,,,,,,,,,,
CUST07147,69,Male,Monthly,28.67,3392.46,44,Credit Card,0,No,,,,,,,,,,,,
CUST07148,30,Male,Monthly,52.53,1667.6,56,Credit Card,0,No,,,,,,,,,,,,
CUST07149,34,Male,One Year,70.73,154.69,3,Direct Debit,1,No,,,,,,,,,,,,
CUST07150,71,Male,Monthly,76.37,4203.59,59,Credit Card,1,No,,,,,,,,,,,,
CUST07151,53,Male,Two Year,72.09,1064.45,13,Direct Debit,2,Yes,,,,,,,,,,,,
CUST07152,50,Male,Monthly,97.72,2272.85,30,Bank Transfer,1,Yes,,,,,,,,,,,,
CUST07153,18,Female,Monthly,55.43,4961.23,53,Direct Debit,3,No,,,,,,,,,,,,
CUST07154,32,Male,Monthly,46.05,2697.34,51,Debit Card,3,No,,,,,,,,,,,,
CUST07155,30,Male,One Year,114.75,1984.45,42,Direct Debit,0,No,,,,,,,,,,,,
CUST07156,34,Male,Monthly,61.75,3029.01,26,Bank Transfer,4,Yes,,,,,,,,,,,,
CUST07157,41,Male,One Year,69.11,3670.57,59,Debit Card,2,No,,,,,,,,,,,,
CUST07158,75,Male,One Year,57.73,4504.73,69,Credit Card,2,No,,,,,,,,,,,,
CUST07159,25,Male,Monthly,53.45,169.38,3,Direct Debit,3,Yes,,,,,,,,,,,,
CUST07160,67,Female,Monthly,66.81,2282.39,41,Debit Card,3,Yes,,,,,,,,,,,,
CUST07161,44,Female,Monthly,86.85,69.2,1,Credit Card,1,No,,,,,,,,,,,,
CUST07162,62,Female,One Year,65.32,5342.82,65,Credit Card,5,No,,,,,,,,,,,,
CUST07163,40,Female,Monthly,20,4518.89,70,Credit Card,3,No,,,,,,,,,,,,
CUST07164,63,Male,One Year,46.95,990.83,50,Debit Card,1,No,,,,,,,,,,,,
CUST07165,25,Female,Monthly,101.72,2773.85,59,Bank Transfer,2,Yes,,,,,,,,,,,,
CUST07166,25,Male,One Year,20,6368.53,63,Bank Transfer,4,No,,,,,,,,,,,,
CUST07167,76,Female,One Year,55.32,500.14,25,Direct Debit,1,No,,,,,,,,,,,,
CUST07168,43,Male,Monthly,70.74,580.92,10,Debit Card,1,No,,,,,,,,,,,,
CUST07169,64,Female,Two Year,75.83,69.49,1,Credit Card,4,No,,,,,,,,,,,,
CUST07170,76,Female,One Year,78.99,1070.46,14,Credit Card,0,No,,,,,,,,,,,,
CUST07171,30,Male,Monthly,83.43,1687.13,21,Direct Debit,3,Yes,,,,,,,,,,,,
CUST07172,56,Female,One Year,61.06,5181.39,58,Credit Card,3,No,,,,,,,,,,,,
CUST07173,54,Male,One Year,50.63,2377.73,38,Direct Debit,2,No,,,,,,,,,,,,
CUST07174,66,Female,Monthly,65.62,47.64,1,Credit Card,2,No,,,,,,,,,,,,
CUST07175,45,Female,Monthly,93.73,332.43,5,Bank Transfer,1,No,,,,,,,,,,,,
CUST07176,42,Male,Monthly,29.48,4230.96,44,Bank Transfer,0,No,,,,,,,,,,,,
CUST07177,78,Male,Two Year,55.23,1765.82,65,Credit Card,3,No,,,,,,,,,,,,
CUST07178,33,Male,One Year,71.73,2934.19,57,Bank Transfer,3,No,,,,,,,,,,,,
CUST07179,72,Female,Monthly,55.59,2979.43,45,Debit Card,2,No,,,,,,,,,,,,
CUST07180,19,Male,Monthly,60.81,3094.32,60,Direct Debit,1,No,,,,,,,,,,,,
CUST07181,71,Female,Monthly,77.63,3749.96,66,Direct Debit,0,No,,,,,,,,,,,,
CUST07182,35,Female,Monthly,74.41,3915.87,47,Credit Card,3,No,,,,,,,,,,,,
CUST07183,80,Male,Monthly,88.41,1843.88,26,Bank Transfer,3,Yes,,,,,,,,,,,,
CUST07184,34,Female,Monthly,72.18,758.08,9,Credit Card,2,No,,,,,,,,,,,,
CUST07185,47,Female,Two Year,82.26,3891.7,51,Debit Card,1,No,,,,,,,,,,,,
CUST07186,56,Male,Two Year,56.31,684.69,8,Credit Card,2,No,,,,,,,,,,,,
CUST07187,30,Male,Monthly,120,289.47,5,Debit Card,3,Yes,,,,,,,,,,,,
CUST07188,49,Female,Monthly,32.53,4621.4,39,Credit Card,4,Yes,,,,,,,,,,,,
CUST07189,67,Male,One Year,86.12,2046.11,68,Bank Transfer,2,No,,,,,,,,,,,,
CUST07190,46,Male,Monthly,45.59,3624.78,40,Bank Transfer,4,No,,,,,,,,,,,,
CUST07191,63,Male,One Year,28.31,1735.98,36,Direct Debit,0,No,,,,,,,,,,,,
CUST07192,47,Female,Two Year,97.91,592.78,21,Bank Transfer,0,No,,,,,,,,,,,,
CUST07193,35,Female,One Year,61.82,2604.67,26,Direct Debit,2,No,,,,,,,,,,,,
CUST07194,30,Female,Monthly,36.24,3449.54,56,Credit Card,1,No,,,,,,,,,,,,
CUST07195,60,Male,Two Year,52.58,1998.31,57,Credit Card,1,No,,,,,,,,,,,,
CUST07196,38,Female,Two Year,51.47,3122.22,59,Direct Debit,2,No,,,,,,,,,,,,
CUST07197,47,Female,One Year,66.43,371.16,7,Debit Card,2,No,,,,,,,,,,,,
CUST07198,38,Male,Monthly,59.44,2635.85,42,Debit Card,2,No,,,,,,,,,,,,
CUST07199,65,Male,One Year,44.16,776.52,13,Credit Card,2,No,,,,,,,,,,,,
CUST07200,72,Female,Monthly,70.72,1567.73,34,Credit Card,0,No,,,,,,,,,,,,
CUST07201,34,Female,Monthly,70.34,3733.52,53,Direct Debit,3,Yes,,,,,,,,,,,,
CUST07202,57,Female,Monthly,93.02,3058.01,46,Bank Transfer,1,No,,,,,,,,,,,,
CUST07203,36,Female,Two Year,95.11,5615.79,57,Debit Card,5,No,,,,,,,,,,,,
CUST07204,69,Female,One Year,64.47,5963.1,61,Direct Debit,1,No,,,,,,,,,,,,
CUST07205,49,Male,One Year,78.26,3686.87,56,Bank Transfer,1,No,,,,,,,,,,,,
CUST07206,26,Female,Monthly,50.23,2324.62,29,Direct Debit,1,No,,,,,,,,,,,,
CUST07207,69,Female,Monthly,73.28,674.54,14,Debit Card,0,No,,,,,,,,,,,,
CUST07208,27,Female,Two Year,120,4976.91,68,Debit Card,1,No,,,,,,,,,,,,
CUST07209,61,Male,One Year,42.26,8282.79,71,Credit Card,2,No,,,,,,,,,,,,
CUST07210,48,Female,One Year,59.03,578.7,13,Direct Debit,2,No,,,,,,,,,,,,
CUST07211,70,Female,Monthly,69.66,1017.76,17,Credit Card,1,No,,,,,,,,,,,,
CUST07212,40,Male,One Year,65.9,2090.37,29,Direct Debit,3,No,,,,,,,,,,,,
CUST07213,69,Male,Two Year,72.39,135.18,2,Credit Card,2,Yes,,,,,,,,,,,,
CUST07214,47,Female,Monthly,56.53,4476.49,62,Credit Card,1,No,,,,,,,,,,,,
CUST07215,50,Male,Monthly,43.41,1185.75,20,Direct Debit,0,No,,,,,,,,,,,,
CUST07216,74,Female,Monthly,45.07,2475.83,56,Debit Card,2,No,,,,,,,,,,,,
CUST07217,69,Female,Two Year,80.65,2241.19,52,Credit Card,3,No,,,,,,,,,,,,
CUST07218,26,Male,One Year,106.97,1948.75,25,Direct Debit,1,No,,,,,,,,,,,,
CUST07219,71,Female,One Year,81.69,6979.1,62,Debit Card,2,No,,,,,,,,,,,,
CUST07220,64,Female,Monthly,56.91,1486.77,17,Credit Card,4,No,,,,,,,,,,,,
CUST07221,18,Female,One Year,82.34,2236.54,39,Debit Card,2,No,,,,,,,,,,,,
CUST07222,61,Male,One Year,43.21,808.32,10,Bank Transfer,5,No,,,,,,,,,,,,
CUST07223,52,Female,Monthly,59.52,2600.38,59,Debit Card,0,No,,,,,,,,,,,,
CUST07224,28,Male,Two Year,58.38,1484.07,25,Direct Debit,1,No,,,,,,,,,,,,
CUST07225,51,Male,Monthly,63.74,1724.01,28,Credit Card,0,No,,,,,,,,,,,,
CUST07226,33,Male,Monthly,57.76,4095.3,61,Credit Card,1,No,,,,,,,,,,,,
CUST07227,26,Male,Monthly,47.99,3326.58,58,Credit Card,0,No,,,,,,,,,,,,
CUST07228,49,Male,Monthly,98.36,2214.46,44,Credit Card,1,No,,,,,,,,,,,,
CUST07229,32,Female,One Year,56.75,2151.14,23,Debit Card,2,No,,,,,,,,,,,,
CUST07230,29,Female,Monthly,52.72,945.29,17,Direct Debit,5,Yes,,,,,,,,,,,,
CUST07231,50,Male,One Year,69.7,1868.61,38,Debit Card,0,No,,,,,,,,,,,,
CUST07232,62,Male,Monthly,73.44,2193.98,30,Credit Card,3,No,,,,,,,,,,,,
CUST07233,31,Female,Monthly,98.74,1501.46,19,Direct Debit,0,No,,,,,,,,,,,,
CUST07234,74,Male,One Year,69.86,3198.49,32,Debit Card,4,Yes,,,,,,,,,,,,
CUST07235,74,Female,One Year,80.08,1456.78,20,Debit Card,3,No,,,,,,,,,,,,
CUST07236,25,Female,Monthly,23.08,5044.43,64,Credit Card,5,No,,,,,,,,,,,,
CUST07237,25,Female,Two Year,71.04,839.06,36,Debit Card,0,No,,,,,,,,,,,,
CUST07238,44,Male,One Year,56.51,4504.82,65,Credit Card,2,No,,,,,,,,,,,,
CUST07239,79,Male,Monthly,54.37,2506.46,43,Credit Card,0,No,,,,,,,,,,,,
CUST07240,29,Male,Monthly,44.88,1356.23,26,Debit Card,1,No,,,,,,,,,,,,
CUST07241,18,Male,Monthly,59.03,296.73,7,Credit Card,1,No,,,,,,,,,,,,
CUST07242,60,Male,One Year,78.26,2135.01,34,Credit Card,2,No,,,,,,,,,,,,
CUST07243,57,Female,Monthly,79.34,2981.57,36,Bank Transfer,2,Yes,,,,,,,,,,,,
CUST07244,59,Female,Monthly,75.67,501.55,6,Direct Debit,0,Yes,,,,,,,,,,,,
CUST07245,79,Female,Monthly,58.69,2943.83,37,Direct Debit,3,Yes,,,,,,,,,,,,
CUST07246,68,Female,Monthly,49.65,3772.4,62,Credit Card,1,No,,,,,,,,,,,,
CUST07247,28,Male,One Year,57.2,3157.63,60,Credit Card,1,No,,,,,,,,,,,,
CUST07248,56,Female,One Year,72.9,3491.06,64,Direct Debit,1,No,,,,,,,,,,,,
CUST07249,60,Male,Monthly,38.76,3861.02,50,Bank Transfer,2,Yes,,,,,,,,,,,,
CUST07250,48,Male,Monthly,64.3,2150.25,52,Direct Debit,1,No,,,,,,,,,,,,
CUST07251,34,Female,Monthly,57.81,1130.88,17,Credit Card,2,No,,,,,,,,,,,,
CUST07252,50,Female,One Year,68.27,3523.74,60,Credit Card,1,No,,,,,,,,,,,,
CUST07253,49,Female,Two Year,120,3530.9,54,Direct Debit,0,No,,,,,,,,,,,,
CUST07254,75,Male,Monthly,69.82,1270.3,10,Direct Debit,2,Yes,,,,,,,,,,,,
CUST07255,46,Male,Monthly,69.89,1766.96,25,Debit Card,2,No,,,,,,,,,,,,
CUST07256,38,Male,Monthly,73.85,1280.3,18,Direct Debit,0,No,,,,,,,,,,,,
CUST07257,38,Male,Two Year,66.55,4806.98,64,Debit Card,2,No,,,,,,,,,,,,
CUST07258,57,Male,Monthly,78.36,4156.87,59,Direct Debit,3,No,,,,,,,,,,,,
CUST07259,40,Female,Monthly,97.54,1992.83,27,Debit Card,6,Yes,,,,,,,,,,,,
CUST07260,73,Female,Monthly,63.05,5260.56,58,Bank Transfer,2,No,,,,,,,,,,,,
CUST07261,23,Male,Monthly,95.18,3676.2,61,Bank Transfer,1,No,,,,,,,,,,,,
CUST07262,39,Female,One Year,74.97,6748.87,71,Credit Card,0,No,,,,,,,,,,,,
CUST07263,67,Male,Monthly,86.44,3207.93,43,Credit Card,1,No,,,,,,,,,,,,
CUST07264,55,Female,Monthly,86.01,952.67,11,Debit Card,5,No,,,,,,,,,,,,
CUST07265,54,Male,One Year,97.32,403.51,5,Credit Card,1,No,,,,,,,,,,,,
CUST07266,62,Female,Monthly,88.88,5909.08,58,Bank Transfer,4,Yes,,,,,,,,,,,,
CUST07267,68,Female,One Year,99.14,3356.58,39,Debit Card,2,No,,,,,,,,,,,,
CUST07268,71,Female,Monthly,67.42,5073.35,48,Credit Card,3,No,,,,,,,,,,,,
CUST07269,25,Male,One Year,56.6,1421.75,20,Bank Transfer,0,No,,,,,,,,,,,,
CUST07270,58,Female,Monthly,64.08,1000.29,19,Credit Card,2,No,,,,,,,,,,,,
CUST07271,66,Male,Two Year,48.84,3570.17,60,Credit Card,2,No,,,,,,,,,,,,
CUST07272,52,Male,Monthly,64.55,1296.05,26,Direct Debit,1,No,,,,,,,,,,,,
CUST07273,68,Male,Monthly,48.31,1504.6,25,Bank Transfer,0,No,,,,,,,,,,,,
CUST07274,28,Female,Two Year,30.92,732.98,15,Debit Card,2,No,,,,,,,,,,,,
CUST07275,41,Female,Two Year,89.46,605.6,21,Credit Card,2,No,,,,,,,,,,,,
CUST07276,66,Male,Monthly,87.34,4190.73,47,Bank Transfer,0,No,,,,,,,,,,,,
CUST07277,38,Female,Two Year,56.57,3017.33,35,Credit Card,3,No,,,,,,,,,,,,
CUST07278,68,Female,Monthly,76.5,2525.29,44,Direct Debit,1,No,,,,,,,,,,,,
CUST07279,19,Female,One Year,120,448.44,6,Direct Debit,2,No,,,,,,,,,,,,
CUST07280,80,Male,Monthly,94.43,2601.04,23,Credit Card,1,No,,,,,,,,,,,,
CUST07281,57,Male,Monthly,49.02,3884.36,39,Direct Debit,5,No,,,,,,,,,,,,
CUST07282,36,Female,Monthly,83.48,854.03,18,Debit Card,0,No,,,,,,,,,,,,
CUST07283,56,Male,One Year,66.58,3108.11,40,Debit Card,4,No,,,,,,,,,,,,
CUST07284,45,Female,Monthly,88.99,2397.11,36,Credit Card,0,No,,,,,,,,,,,,
CUST07285,76,Male,Monthly,106.7,2642.29,28,Credit Card,4,No,,,,,,,,,,,,
CUST07286,34,Male,Two Year,67.54,6589.21,64,Direct Debit,0,No,,,,,,,,,,,,
CUST07287,23,Male,Monthly,97.78,3886.45,58,Bank Transfer,2,No,,,,,,,,,,,,
CUST07288,36,Male,Monthly,51.34,3657.72,38,Debit Card,1,No,,,,,,,,,,,,
CUST07289,73,Female,One Year,60.86,2095.73,44,Credit Card,1,No,,,,,,,,,,,,
CUST07290,55,Male,Monthly,30.48,128.89,2,Direct Debit,4,No,,,,,,,,,,,,
CUST07291,45,Female,Monthly,101.21,1110.99,35,Debit Card,0,No,,,,,,,,,,,,
CUST07292,19,Male,Monthly,37.29,94.66,1,Debit Card,5,Yes,,,,,,,,,,,,
CUST07293,55,Female,Monthly,39.72,1614.39,46,Debit Card,0,No,,,,,,,,,,,,
CUST07294,72,Female,Two Year,74.99,2196.58,60,Direct Debit,2,No,,,,,,,,,,,,
CUST07295,54,Female,Monthly,112.15,5091.52,63,Debit Card,3,No,,,,,,,,,,,,
CUST07296,68,Female,Monthly,33.14,4979.07,45,Credit Card,2,Yes,,,,,,,,,,,,
CUST07297,69,Female,Monthly,76.19,2019.06,57,Bank Transfer,0,No,,,,,,,,,,,,
CUST07298,21,Male,Monthly,41.22,2783.01,37,Direct Debit,2,No,,,,,,,,,,,,
CUST07299,39,Female,Monthly,98.44,270.25,7,Debit Card,2,No,,,,,,,,,,,,
CUST07300,43,Female,One Year,69.46,1535.56,16,Bank Transfer,3,No,,,,,,,,,,,,
CUST07301,66,Female,One Year,96.86,3427.56,50,Debit Card,0,No,,,,,,,,,,,,
CUST07302,60,Female,One Year,55.14,1285.88,14,Direct Debit,0,No,,,,,,,,,,,,
CUST07303,53,Female,Monthly,62.38,307.21,6,Bank Transfer,2,No,,,,,,,,,,,,
CUST07304,75,Male,Monthly,41.57,3693.47,61,Bank Transfer,4,No,,,,,,,,,,,,
CUST07305,30,Female,Two Year,100.18,878.46,21,Bank Transfer,2,No,,,,,,,,,,,,
CUST07306,69,Male,Monthly,90.95,962.58,10,Credit Card,4,No,,,,,,,,,,,,
CUST07307,75,Male,Two Year,48.09,3123.99,32,Direct Debit,4,No,,,,,,,,,,,,
CUST07308,49,Female,Two Year,79.96,287.68,6,Bank Transfer,2,No,,,,,,,,,,,,
CUST07309,34,Male,Two Year,68.6,150.46,2,Debit Card,2,No,,,,,,,,,,,,
CUST07310,58,Male,Monthly,31.54,2638.37,39,Credit Card,4,No,,,,,,,,,,,,
CUST07311,53,Female,Monthly,76.41,1596.82,49,Direct Debit,0,No,,,,,,,,,,,,
CUST07312,72,Female,One Year,83.72,2058.83,27,Bank Transfer,2,No,,,,,,,,,,,,
CUST07313,77,Female,One Year,92.95,4561.72,56,Credit Card,4,No,,,,,,,,,,,,
CUST07314,63,Female,Monthly,66,1219.33,14,Direct Debit,2,Yes,,,,,,,,,,,,
CUST07315,36,Female,One Year,64.67,1508.18,23,Credit Card,2,Yes,,,,,,,,,,,,
CUST07316,75,Male,Monthly,61.67,3085.71,51,Bank Transfer,0,No,,,,,,,,,,,,
CUST07317,77,Female,Monthly,79.44,1509.9,25,Bank Transfer,1,No,,,,,,,,,,,,
CUST07318,52,Male,Two Year,79.31,3951.79,53,Direct Debit,3,No,,,,,,,,,,,,
CUST07319,63,Male,Monthly,57.87,897,11,Credit Card,8,Yes,,,,,,,,,,,,
CUST07320,57,Female,Monthly,77.06,2113.79,35,Bank Transfer,1,No,,,,,,,,,,,,
CUST07321,73,Female,Monthly,86.01,4064.35,55,Debit Card,5,No,,,,,,,,,,,,
CUST07322,76,Male,Monthly,84.89,4649.13,58,Credit Card,2,No,,,,,,,,,,,,
CUST07323,45,Male,Monthly,68.63,5631.24,68,Direct Debit,3,No,,,,,,,,,,,,
CUST07324,18,Female,Monthly,95.57,2563.9,37,Direct Debit,0,Yes,,,,,,,,,,,,
CUST07325,59,Female,Monthly,48.74,897,9,Direct Debit,2,No,,,,,,,,,,,,
CUST07326,35,Female,One Year,62.97,1343.52,28,Direct Debit,1,No,,,,,,,,,,,,
CUST07327,65,Male,Two Year,89.26,3389.07,55,Direct Debit,2,No,,,,,,,,,,,,
CUST07328,57,Female,Monthly,76.47,4374.22,46,Bank Transfer,2,No,,,,,,,,,,,,
CUST07329,50,Male,Monthly,73.42,5309.81,70,Debit Card,2,No,,,,,,,,,,,,
CUST07330,80,Male,Monthly,49.29,1965.6,27,Direct Debit,1,No,,,,,,,,,,,,
CUST07331,29,Female,One Year,38.25,485.8,10,Bank Transfer,0,Yes,,,,,,,,,,,,
CUST07332,25,Female,One Year,47.1,860.5,23,Bank Transfer,1,No,,,,,,,,,,,,
CUST07333,41,Male,Two Year,92.85,1025.26,21,Bank Transfer,1,No,,,,,,,,,,,,
CUST07334,33,Male,Monthly,53.05,4032.37,45,Bank Transfer,1,No,,,,,,,,,,,,
CUST07335,67,Female,One Year,68.82,156.06,3,Direct Debit,2,No,,,,,,,,,,,,
CUST07336,21,Male,Monthly,101.3,3918.94,59,Direct Debit,1,No,,,,,,,,,,,,
CUST07337,55,Male,Two Year,86.35,4404.91,43,Credit Card,0,Yes,,,,,,,,,,,,
CUST07338,61,Male,One Year,66.93,648.98,7,Debit Card,4,No,,,,,,,,,,,,
CUST07339,44,Male,Monthly,59.13,1775.39,27,Bank Transfer,2,Yes,,,,,,,,,,,,
CUST07340,26,Male,One Year,90.76,3940.69,62,Credit Card,2,No,,,,,,,,,,,,
CUST07341,64,Female,Two Year,62.56,3907.49,42,Direct Debit,0,Yes,,,,,,,,,,,,
CUST07342,33,Female,Monthly,71.56,262.07,4,Credit Card,3,No,,,,,,,,,,,,
CUST07343,73,Female,Monthly,65.43,4318.17,62,Bank Transfer,1,No,,,,,,,,,,,,
CUST07344,29,Female,Monthly,102.94,500.36,8,Direct Debit,0,Yes,,,,,,,,,,,,
CUST07345,48,Female,Monthly,69.64,1771.49,17,Direct Debit,5,No,,,,,,,,,,,,
CUST07346,41,Female,Monthly,55.87,375.54,5,Bank Transfer,1,No,,,,,,,,,,,,
CUST07347,72,Female,Two Year,78.19,3638.18,63,Direct Debit,1,No,,,,,,,,,,,,
CUST07348,31,Male,One Year,104.8,724.16,9,Direct Debit,6,Yes,,,,,,,,,,,,
CUST07349,62,Female,One Year,40.42,831.71,8,Direct Debit,1,Yes,,,,,,,,,,,,
CUST07350,42,Male,One Year,69.66,300.12,7,Bank Transfer,1,No,,,,,,,,,,,,
CUST07351,80,Female,Two Year,44.72,2658.65,37,Bank Transfer,1,No,,,,,,,,,,,,
CUST07352,51,Female,Two Year,92.46,2528.42,55,Direct Debit,2,No,,,,,,,,,,,,
CUST07353,20,Female,One Year,49.22,5989.18,67,Credit Card,2,No,,,,,,,,,,,,
CUST07354,75,Female,Monthly,86.02,422.6,8,Direct Debit,4,No,,,,,,,,,,,,
CUST07355,41,Male,Monthly,57,5698.33,69,Direct Debit,3,No,,,,,,,,,,,,
CUST07356,79,Male,Monthly,104.16,286.08,5,Bank Transfer,2,Yes,,,,,,,,,,,,
CUST07357,71,Male,Monthly,119.05,1725.26,17,Credit Card,5,No,,,,,,,,,,,,
CUST07358,59,Male,Monthly,88.67,6552.23,58,Credit Card,2,No,,,,,,,,,,,,
CUST07359,26,Male,One Year,64.05,5268.1,63,Credit Card,5,No,,,,,,,,,,,,
CUST07360,43,Male,One Year,45.51,1672.04,27,Debit Card,1,No,,,,,,,,,,,,
CUST07361,37,Male,Monthly,65.44,3188.25,68,Debit Card,1,No,,,,,,,,,,,,
CUST07362,57,Female,Two Year,74.32,1971.51,28,Direct Debit,3,No,,,,,,,,,,,,
CUST07363,27,Male,Monthly,111.14,4554.2,58,Direct Debit,0,No,,,,,,,,,,,,
CUST07364,36,Male,One Year,66.43,5306.29,50,Debit Card,3,No,,,,,,,,,,,,
CUST07365,20,Male,One Year,50.57,4150.59,67,Direct Debit,0,No,,,,,,,,,,,,
CUST07366,41,Female,One Year,72.95,1614.49,31,Bank Transfer,1,No,,,,,,,,,,,,
CUST07367,22,Male,Monthly,56.08,809.57,12,Credit Card,2,No,,,,,,,,,,,,
CUST07368,20,Female,One Year,69.62,3261.63,55,Direct Debit,1,No,,,,,,,,,,,,
CUST07369,75,Male,Monthly,108.21,292.99,4,Credit Card,2,Yes,,,,,,,,,,,,
CUST07370,44,Female,One Year,52.45,4758.39,42,Direct Debit,5,Yes,,,,,,,,,,,,
CUST07371,33,Female,Monthly,85.28,2856.06,54,Bank Transfer,2,No,,,,,,,,,,,,
CUST07372,66,Male,One Year,63.07,2018.31,22,Bank Transfer,5,No,,,,,,,,,,,,
CUST07373,32,Male,Monthly,64.66,62.65,1,Direct Debit,4,Yes,,,,,,,,,,,,
CUST07374,52,Male,One Year,68.95,3345.29,48,Debit Card,2,No,,,,,,,,,,,,
CUST07375,29,Female,Monthly,42.29,3146,43,Direct Debit,2,No,,,,,,,,,,,,
CUST07376,58,Male,Two Year,74.02,795.26,20,Bank Transfer,0,No,,,,,,,,,,,,
CUST07377,70,Female,Two Year,25.65,1416.54,18,Direct Debit,1,No,,,,,,,,,,,,
CUST07378,61,Female,Monthly,63.89,1739.44,70,Bank Transfer,0,No,,,,,,,,,,,,
CUST07379,43,Female,Monthly,71.85,3264.98,49,Debit Card,0,No,,,,,,,,,,,,
CUST07380,64,Male,One Year,81.86,1123.77,17,Direct Debit,2,No,,,,,,,,,,,,
CUST07381,51,Male,Monthly,80.37,4182.98,53,Bank Transfer,3,No,,,,,,,,,,,,
CUST07382,40,Female,Monthly,47.58,1841.26,22,Direct Debit,3,No,,,,,,,,,,,,
CUST07383,48,Female,Monthly,57.77,511.76,10,Direct Debit,2,No,,,,,,,,,,,,
CUST07384,67,Female,One Year,72.42,1313.49,24,Bank Transfer,0,Yes,,,,,,,,,,,,
CUST07385,37,Female,Monthly,54.18,863.4,12,Direct Debit,3,No,,,,,,,,,,,,
CUST07386,29,Female,Monthly,68.3,219.74,4,Debit Card,3,No,,,,,,,,,,,,
CUST07387,40,Female,One Year,79.61,3076.32,42,Credit Card,2,No,,,,,,,,,,,,
CUST07388,21,Female,Monthly,58.91,395.07,5,Bank Transfer,5,No,,,,,,,,,,,,
CUST07389,40,Male,Monthly,74.85,1637.9,26,Direct Debit,2,No,,,,,,,,,,,,
CUST07390,65,Female,Two Year,61.27,4754.03,59,Credit Card,0,No,,,,,,,,,,,,
CUST07391,72,Male,One Year,54.67,4067.16,62,Direct Debit,1,No,,,,,,,,,,,,
CUST07392,65,Male,Monthly,95.07,284.23,5,Bank Transfer,0,Yes,,,,,,,,,,,,
CUST07393,18,Female,Monthly,56.62,2324,26,Credit Card,3,No,,,,,,,,,,,,
CUST07394,71,Male,One Year,41.12,345.29,6,Bank Transfer,1,No,,,,,,,,,,,,
CUST07395,42,Male,Monthly,49.48,1026.91,24,Credit Card,0,No,,,,,,,,,,,,
CUST07396,19,Male,Two Year,70.03,2813.31,53,Debit Card,2,No,,,,,,,,,,,,
CUST07397,47,Female,One Year,66.49,512.01,7,Direct Debit,2,No,,,,,,,,,,,,
CUST07398,20,Female,Two Year,40.71,669.04,10,Credit Card,1,No,,,,,,,,,,,,
CUST07399,75,Female,Two Year,82.1,1512.79,39,Debit Card,5,No,,,,,,,,,,,,
CUST07400,38,Male,Monthly,64,2283,28,Bank Transfer,3,No,,,,,,,,,,,,
CUST07401,42,Male,One Year,35.59,2747.48,42,Direct Debit,0,No,,,,,,,,,,,,
CUST07402,37,Male,One Year,32.62,2144.65,62,Direct Debit,1,No,,,,,,,,,,,,
CUST07403,66,Male,One Year,75.44,1684.42,52,Credit Card,1,No,,,,,,,,,,,,
CUST07404,69,Female,Monthly,63.27,1531.52,22,Direct Debit,3,No,,,,,,,,,,,,
CUST07405,39,Male,Monthly,51.96,3825.1,57,Debit Card,2,Yes,,,,,,,,,,,,
CUST07406,38,Male,Monthly,54.29,529.01,11,Debit Card,1,No,,,,,,,,,,,,
CUST07407,79,Male,One Year,64.68,749.03,14,Credit Card,1,No,,,,,,,,,,,,
CUST07408,78,Male,One Year,58.8,2008.6,31,Direct Debit,2,No,,,,,,,,,,,,
CUST07409,50,Male,Two Year,63.78,252.98,4,Bank Transfer,5,No,,,,,,,,,,,,
CUST07410,69,Female,One Year,62.53,1500.86,22,Direct Debit,1,No,,,,,,,,,,,,
CUST07411,55,Female,One Year,111.09,4095.64,64,Credit Card,1,No,,,,,,,,,,,,
CUST07412,78,Female,Monthly,59.14,6867.62,61,Bank Transfer,2,No,,,,,,,,,,,,
CUST07413,32,Female,Monthly,77.09,347.26,6,Credit Card,1,Yes,,,,,,,,,,,,
CUST07414,75,Male,Two Year,78.66,4857.21,68,Bank Transfer,1,No,,,,,,,,,,,,
CUST07415,75,Female,One Year,54.28,454.42,6,Direct Debit,4,No,,,,,,,,,,,,
CUST07416,63,Female,One Year,37.23,3781.79,66,Credit Card,3,No,,,,,,,,,,,,
CUST07417,69,Male,Monthly,55.95,1372.08,36,Credit Card,0,No,,,,,,,,,,,,
CUST07418,32,Female,One Year,28.76,881.47,15,Bank Transfer,2,No,,,,,,,,,,,,
CUST07419,63,Female,Two Year,33.6,1212.42,40,Credit Card,1,No,,,,,,,,,,,,
CUST07420,42,Male,Monthly,54.47,1281.1,41,Debit Card,1,No,,,,,,,,,,,,
CUST07421,38,Female,One Year,71.39,371.35,7,Debit Card,2,No,,,,,,,,,,,,
CUST07422,41,Female,Monthly,67.17,1614.8,22,Direct Debit,4,No,,,,,,,,,,,,
CUST07423,74,Female,Monthly,33.88,5109.46,72,Credit Card,3,No,,,,,,,,,,,,
CUST07424,75,Female,One Year,44.56,390.65,11,Direct Debit,1,No,,,,,,,,,,,,
CUST07425,22,Male,Monthly,71.91,88.01,2,Direct Debit,3,Yes,,,,,,,,,,,,
CUST07426,23,Male,Monthly,78.45,2306.45,30,Debit Card,0,Yes,,,,,,,,,,,,
CUST07427,66,Female,One Year,49.06,5164.5,68,Credit Card,1,No,,,,,,,,,,,,
CUST07428,60,Female,One Year,70.44,2548.5,53,Direct Debit,3,No,,,,,,,,,,,,
CUST07429,65,Female,Monthly,65.92,1403.84,21,Bank Transfer,1,No,,,,,,,,,,,,
CUST07430,61,Male,Two Year,105.49,1575.99,25,Debit Card,1,No,,,,,,,,,,,,
CUST07431,64,Male,Monthly,92.37,6998.25,72,Credit Card,2,No,,,,,,,,,,,,
CUST07432,40,Male,Two Year,75.71,447.7,5,Credit Card,3,No,,,,,,,,,,,,
CUST07433,21,Male,One Year,28.99,4842.21,66,Bank Transfer,0,No,,,,,,,,,,,,
CUST07434,44,Male,Monthly,99.07,1322.16,49,Bank Transfer,1,No,,,,,,,,,,,,
CUST07435,35,Male,Monthly,79.11,772.33,8,Direct Debit,0,No,,,,,,,,,,,,
CUST07436,38,Male,Monthly,57.01,2068.09,27,Direct Debit,5,No,,,,,,,,,,,,
CUST07437,45,Male,Monthly,104.77,119.48,2,Debit Card,2,No,,,,,,,,,,,,
CUST07438,52,Male,One Year,63.39,2772.21,28,Credit Card,2,No,,,,,,,,,,,,
CUST07439,39,Female,Monthly,113.61,722.4,11,Direct Debit,3,No,,,,,,,,,,,,
CUST07440,57,Female,Monthly,42.18,4916.67,46,Bank Transfer,4,Yes,,,,,,,,,,,,
CUST07441,40,Male,One Year,60.19,885.25,21,Direct Debit,1,No,,,,,,,,,,,,
CUST07442,20,Female,Monthly,24.44,2623.59,42,Direct Debit,2,No,,,,,,,,,,,,
CUST07443,57,Female,One Year,61.82,795.4,32,Debit Card,0,No,,,,,,,,,,,,
CUST07444,67,Female,Monthly,88.19,2024.41,32,Debit Card,1,No,,,,,,,,,,,,
CUST07445,27,Male,One Year,53.7,5967.32,71,Credit Card,3,No,,,,,,,,,,,,
CUST07446,42,Male,One Year,49.47,1243.29,22,Bank Transfer,2,No,,,,,,,,,,,,
CUST07447,69,Female,One Year,96.07,1114.02,21,Direct Debit,0,No,,,,,,,,,,,,
CUST07448,66,Male,Monthly,72.15,1996.66,22,Bank Transfer,2,Yes,,,,,,,,,,,,
CUST07449,25,Female,Monthly,74.08,2605.49,34,Debit Card,3,No,,,,,,,,,,,,
CUST07450,72,Female,Monthly,47.23,728.67,10,Direct Debit,2,No,,,,,,,,,,,,
CUST07451,28,Female,Monthly,51.43,3167.62,65,Credit Card,3,No,,,,,,,,,,,,
CUST07452,78,Male,Monthly,58.91,3346.54,65,Credit Card,0,No,,,,,,,,,,,,
CUST07453,22,Male,One Year,27.86,4132.22,67,Debit Card,2,No,,,,,,,,,,,,
CUST07454,75,Male,One Year,77.87,1110.82,43,Direct Debit,0,No,,,,,,,,,,,,
CUST07455,62,Female,Two Year,83.49,3102.6,41,Bank Transfer,1,No,,,,,,,,,,,,
CUST07456,70,Male,Monthly,79.7,1006.79,13,Debit Card,3,No,,,,,,,,,,,,
CUST07457,72,Female,Monthly,35.13,341.33,4,Bank Transfer,3,Yes,,,,,,,,,,,,
CUST07458,54,Male,Two Year,85.48,765.35,23,Credit Card,1,No,,,,,,,,,,,,
CUST07459,73,Male,Monthly,49.47,5911.38,70,Debit Card,2,No,,,,,,,,,,,,
CUST07460,76,Male,One Year,86.67,1720.05,34,Bank Transfer,1,No,,,,,,,,,,,,
CUST07461,62,Female,Two Year,55.39,3531.58,41,Credit Card,1,No,,,,,,,,,,,,
CUST07462,55,Female,Two Year,71.61,1002.85,18,Credit Card,2,No,,,,,,,,,,,,
CUST07463,46,Male,Monthly,76.47,2251.22,33,Credit Card,5,No,,,,,,,,,,,,
CUST07464,22,Female,One Year,75.06,1779.31,25,Debit Card,3,Yes,,,,,,,,,,,,
CUST07465,26,Female,Monthly,20,3751.61,52,Direct Debit,0,No,,,,,,,,,,,,
CUST07466,76,Female,One Year,27.47,330.05,17,Direct Debit,1,No,,,,,,,,,,,,
CUST07467,65,Female,Two Year,67.4125,1382.1,51,Direct Debit,2,No,,,,,,,,,,,,
CUST07468,19,Male,Monthly,71.78,153.81,3,Credit Card,1,No,,,,,,,,,,,,
CUST07469,18,Male,One Year,99.99,3654.69,55,Direct Debit,3,No,,,,,,,,,,,,
CUST07470,57,Female,One Year,65.47,5236.25,56,Bank Transfer,1,No,,,,,,,,,,,,
CUST07471,77,Male,Monthly,82.37,2355.18,35,Direct Debit,1,No,,,,,,,,,,,,
CUST07472,68,Male,One Year,83.67,5209.66,68,Direct Debit,0,No,,,,,,,,,,,,
CUST07473,47,Male,Monthly,42.35,4578.11,59,Bank Transfer,1,No,,,,,,,,,,,,
CUST07474,28,Female,Monthly,60.89,2623.3,59,Credit Card,2,No,,,,,,,,,,,,
CUST07475,45,Male,Two Year,58.76,733.47,13,Bank Transfer,3,No,,,,,,,,,,,,
CUST07476,61,Female,Monthly,50.8,3391.74,62,Debit Card,1,No,,,,,,,,,,,,
CUST07477,29,Male,Monthly,99.58,2406.51,47,Credit Card,3,No,,,,,,,,,,,,
CUST07478,56,Female,One Year,68.54,296.01,3,Credit Card,1,No,,,,,,,,,,,,
CUST07479,43,Male,Two Year,43.56,1546.3,21,Bank Transfer,3,No,,,,,,,,,,,,
CUST07480,30,Female,Two Year,59.62,3029.3,65,Credit Card,1,No,,,,,,,,,,,,
CUST07481,76,Female,Monthly,71.59,1100.67,18,Direct Debit,1,No,,,,,,,,,,,,
CUST07482,25,Female,Monthly,79.18,866.92,13,Credit Card,2,No,,,,,,,,,,,,
CUST07483,80,Male,Monthly,32.5,5624.65,71,Bank Transfer,1,No,,,,,,,,,,,,
CUST07484,78,Female,Monthly,89.27,1356.05,45,Credit Card,2,No,,,,,,,,,,,,
CUST07485,78,Male,Two Year,70.38,5895.99,62,Direct Debit,3,No,,,,,,,,,,,,
CUST07486,71,Male,One Year,51.53,2165.45,30,Bank Transfer,1,No,,,,,,,,,,,,
CUST07487,45,Female,Monthly,119.83,729.95,14,Credit Card,3,No,,,,,,,,,,,,
CUST07488,75,Female,Monthly,69.82,6277.73,53,Direct Debit,7,No,,,,,,,,,,,,
CUST07489,47,Female,Two Year,91.03,699.29,10,Credit Card,1,No,,,,,,,,,,,,
CUST07490,26,Female,Two Year,95.43,6449.6,72,Direct Debit,0,No,,,,,,,,,,,,
CUST07491,56,Male,Monthly,105.52,2768.81,31,Debit Card,2,No,,,,,,,,,,,,
CUST07492,48,Female,One Year,92.67,649.43,6,Credit Card,4,No,,,,,,,,,,,,
CUST07493,75,Male,Monthly,83.55,1900.58,19,Bank Transfer,1,No,,,,,,,,,,,,
CUST07494,38,Female,One Year,81.7,940.44,12,Credit Card,0,No,,,,,,,,,,,,
CUST07495,73,Female,One Year,94.75,5642.24,64,Bank Transfer,1,No,,,,,,,,,,,,
CUST07496,64,Female,One Year,59.04,5544.45,55,Direct Debit,0,No,,,,,,,,,,,,
CUST07497,51,Male,Monthly,79.66,4205.16,67,Direct Debit,1,No,,,,,,,,,,,,
CUST07498,72,Female,Monthly,59.16,754.94,9,Direct Debit,3,Yes,,,,,,,,,,,,
CUST07499,48,Male,Monthly,80.83,379.02,6,Bank Transfer,3,Yes,,,,,,,,,,,,
CUST07500,69,Male,Two Year,54.88,77.55,1,Debit Card,1,No,,,,,,,,,,,,
CUST07501,42,Male,Two Year,59.72,2281.78,42,Direct Debit,2,No,,,,,,,,,,,,
CUST07502,29,Female,One Year,21.51,3273.99,55,Direct Debit,2,No,,,,,,,,,,,,
CUST07503,18,Male,Two Year,106.21,981.13,49,Direct Debit,0,No,,,,,,,,,,,,
CUST07504,72,Male,One Year,44.89,3431.49,30,Direct Debit,4,Yes,,,,,,,,,,,,
CUST07505,39,Male,Monthly,74.16,1618.77,35,Direct Debit,2,No,,,,,,,,,,,,
CUST07506,57,Male,One Year,82.72,4635.88,63,Credit Card,1,No,,,,,,,,,,,,
CUST07507,54,Female,Monthly,99.15,1963.17,22,Credit Card,4,No,,,,,,,,,,,,
CUST07508,64,Female,Monthly,58.8,4108.05,43,Debit Card,2,No,,,,,,,,,,,,
CUST07509,18,Male,Monthly,41.47,1603.47,28,Direct Debit,1,No,,,,,,,,,,,,
CUST07510,18,Female,Monthly,85.67,709.54,18,Credit Card,0,No,,,,,,,,,,,,
CUST07511,74,Female,One Year,95,2603.93,32,Direct Debit,2,No,,,,,,,,,,,,
CUST07512,80,Female,Monthly,78.06,6228.28,69,Direct Debit,1,No,,,,,,,,,,,,
CUST07513,59,Female,Monthly,67.26,4289.99,54,Direct Debit,3,No,,,,,,,,,,,,
CUST07514,71,Male,One Year,65,2211.51,34,Bank Transfer,4,No,,,,,,,,,,,,
CUST07515,59,Male,One Year,42.55,2160.64,31,Debit Card,3,No,,,,,,,,,,,,
CUST07516,38,Male,One Year,24.51,178.83,4,Credit Card,2,No,,,,,,,,,,,,
CUST07517,32,Male,Monthly,102.59,324.54,14,Direct Debit,2,Yes,,,,,,,,,,,,
CUST07518,34,Female,Monthly,64.95,1621.08,15,Direct Debit,2,Yes,,,,,,,,,,,,
CUST07519,39,Female,One Year,81.93,3800.76,60,Direct Debit,3,No,,,,,,,,,,,,
CUST07520,55,Male,One Year,63.31,1567.23,20,Direct Debit,0,No,,,,,,,,,,,,
CUST07521,52,Male,Monthly,54.82,1323.35,20,Credit Card,1,Yes,,,,,,,,,,,,
CUST07522,62,Female,Two Year,60.09,2839.61,49,Bank Transfer,1,No,,,,,,,,,,,,
CUST07523,33,Female,Monthly,65.08,4387.15,68,Credit Card,2,No,,,,,,,,,,,,
CUST07524,25,Female,Monthly,94.25,1156.49,18,Direct Debit,0,Yes,,,,,,,,,,,,
CUST07525,79,Male,Monthly,73.62,2284.48,24,Credit Card,0,Yes,,,,,,,,,,,,
CUST07526,64,Female,Monthly,94.08,2024.29,27,Credit Card,4,Yes,,,,,,,,,,,,
CUST07527,34,Male,Two Year,46.78,3168.08,33,Direct Debit,3,Yes,,,,,,,,,,,,
CUST07528,34,Male,Monthly,67.76,2947.05,64,Direct Debit,0,No,,,,,,,,,,,,
CUST07529,71,Male,Monthly,68.84,1599.77,25,Direct Debit,1,No,,,,,,,,,,,,
CUST07530,43,Female,Monthly,83.84,4423.5,69,Bank Transfer,2,No,,,,,,,,,,,,
CUST07531,30,Female,Monthly,55.45,1607.15,18,Debit Card,0,No,,,,,,,,,,,,
CUST07532,34,Female,Monthly,93.56,2441.97,45,Bank Transfer,2,No,,,,,,,,,,,,
CUST07533,55,Female,Monthly,82.17,1775.6,20,Direct Debit,3,Yes,,,,,,,,,,,,
CUST07534,34,Male,Monthly,98,3098.47,35,Bank Transfer,1,Yes,,,,,,,,,,,,
CUST07535,65,Male,One Year,54.16,616.5,6,Direct Debit,3,No,,,,,,,,,,,,
CUST07536,31,Male,One Year,32.58,524.97,9,Credit Card,4,No,,,,,,,,,,,,
CUST07537,62,Female,One Year,83.2,1634.2,52,Debit Card,0,No,,,,,,,,,,,,
CUST07538,23,Female,One Year,92.22,2315.9,28,Direct Debit,1,No,,,,,,,,,,,,
CUST07539,52,Female,Monthly,20,1838.72,19,Credit Card,1,Yes,,,,,,,,,,,,
CUST07540,63,Female,Two Year,80.62,1270.46,63,Bank Transfer,0,No,,,,,,,,,,,,
CUST07541,49,Female,Monthly,77.18,551.24,7,Debit Card,5,Yes,,,,,,,,,,,,
CUST07542,64,Female,Monthly,53.13,2699.59,37,Bank Transfer,8,No,,,,,,,,,,,,
CUST07543,25,Female,One Year,97.77,1931.58,36,Credit Card,2,No,,,,,,,,,,,,
CUST07544,78,Female,One Year,60.89,1688.25,17,Bank Transfer,0,No,,,,,,,,,,,,
CUST07545,32,Female,Monthly,105.35,2332.5,37,Direct Debit,2,No,,,,,,,,,,,,
CUST07546,71,Female,Monthly,90.42,6614.83,60,Credit Card,2,Yes,,,,,,,,,,,,
CUST07547,78,Female,Monthly,75.29,4159.86,49,Debit Card,3,Yes,,,,,,,,,,,,
CUST07548,44,Male,Two Year,78.99,4302.56,56,Credit Card,3,No,,,,,,,,,,,,
CUST07549,30,Male,Monthly,80.71,2806.6,34,Debit Card,3,No,,,,,,,,,,,,
CUST07550,66,Male,One Year,58.26,2378.3,30,Debit Card,2,No,,,,,,,,,,,,
CUST07551,48,Male,Monthly,47.32,1516.53,27,Bank Transfer,3,Yes,,,,,,,,,,,,
CUST07552,70,Female,Monthly,105.41,2405.46,51,Credit Card,0,No,,,,,,,,,,,,
CUST07553,73,Male,Monthly,59,919.86,9,Debit Card,1,No,,,,,,,,,,,,
CUST07554,52,Male,Monthly,67.36,1181.86,20,Bank Transfer,2,No,,,,,,,,,,,,
CUST07555,77,Male,Monthly,37.08,3068.91,47,Direct Debit,0,No,,,,,,,,,,,,
CUST07556,23,Female,One Year,81.22,695.81,19,Credit Card,0,No,,,,,,,,,,,,
CUST07557,22,Male,Monthly,43.47,5889.81,68,Bank Transfer,1,No,,,,,,,,,,,,
CUST07558,39,Male,One Year,79.8,556.41,12,Bank Transfer,1,No,,,,,,,,,,,,
CUST07559,75,Male,Monthly,55.58,430.42,5,Credit Card,1,Yes,,,,,,,,,,,,
CUST07560,66,Male,Two Year,65.38,3826.51,69,Bank Transfer,4,No,,,,,,,,,,,,
CUST07561,40,Female,Two Year,103.65,1547.69,25,Direct Debit,0,No,,,,,,,,,,,,
CUST07562,42,Male,Monthly,38.64,3413.15,31,Bank Transfer,4,Yes,,,,,,,,,,,,
CUST07563,51,Female,Two Year,59.57,1804.98,46,Credit Card,1,No,,,,,,,,,,,,
CUST07564,43,Female,Monthly,50.56,2105.66,34,Direct Debit,1,Yes,,,,,,,,,,,,
CUST07565,64,Female,One Year,78.74,1961.05,41,Credit Card,3,No,,,,,,,,,,,,
CUST07566,22,Male,Monthly,78.17,5199.86,68,Credit Card,2,No,,,,,,,,,,,,
CUST07567,43,Male,Monthly,65.27,2863.63,38,Bank Transfer,1,No,,,,,,,,,,,,
CUST07568,37,Male,Monthly,92.38,3031.13,46,Credit Card,4,Yes,,,,,,,,,,,,
CUST07569,23,Male,Monthly,64.45,6881.28,69,Credit Card,4,No,,,,,,,,,,,,
CUST07570,23,Female,One Year,54.34,1771.43,27,Bank Transfer,0,No,,,,,,,,,,,,
CUST07571,76,Male,One Year,97.49,2363.86,43,Direct Debit,0,No,,,,,,,,,,,,
CUST07572,67,Male,Monthly,55.73,7208.72,71,Debit Card,2,Yes,,,,,,,,,,,,
CUST07573,35,Female,Two Year,56.44,2439.16,45,Bank Transfer,1,No,,,,,,,,,,,,
CUST07574,21,Female,Two Year,58.74,975.8,18,Direct Debit,1,No,,,,,,,,,,,,
CUST07575,34,Male,Two Year,66.93,1981.35,32,Direct Debit,8,No,,,,,,,,,,,,
CUST07576,74,Male,Two Year,93.04,143.72,2,Credit Card,3,No,,,,,,,,,,,,
CUST07577,31,Male,Monthly,87.15,3766.67,41,Bank Transfer,2,Yes,,,,,,,,,,,,
CUST07578,31,Female,Monthly,81.67,1615.07,20,Credit Card,1,Yes,,,,,,,,,,,,
CUST07579,30,Female,Monthly,40.58,4493.7,58,Direct Debit,3,No,,,,,,,,,,,,
CUST07580,24,Female,Two Year,70.33,1630.12,38,Direct Debit,2,No,,,,,,,,,,,,
CUST07581,61,Female,Monthly,68.53,66.07,1,Debit Card,5,Yes,,,,,,,,,,,,
CUST07582,72,Female,Monthly,80.56,4927.55,69,Bank Transfer,1,Yes,,,,,,,,,,,,
CUST07583,32,Male,Monthly,65.68,4433.94,54,Direct Debit,0,No,,,,,,,,,,,,
CUST07584,36,Male,Monthly,100.51,952.88,14,Bank Transfer,2,Yes,,,,,,,,,,,,
CUST07585,80,Female,Monthly,78.65,2414.89,25,Direct Debit,2,Yes,,,,,,,,,,,,
CUST07586,60,Female,One Year,82.76,653.3,9,Direct Debit,1,No,,,,,,,,,,,,
CUST07587,64,Male,Monthly,46.25,4676.6,61,Direct Debit,2,No,,,,,,,,,,,,
CUST07588,61,Female,One Year,51,2491.52,52,Bank Transfer,1,No,,,,,,,,,,,,
CUST07589,52,Female,One Year,53.95,415.4,8,Direct Debit,1,No,,,,,,,,,,,,
CUST07590,34,Male,One Year,70.52,910.22,16,Bank Transfer,0,No,,,,,,,,,,,,
CUST07591,52,Female,Monthly,84.37,555.07,8,Credit Card,5,Yes,,,,,,,,,,,,
CUST07592,36,Male,Two Year,49.38,1957.76,23,Bank Transfer,0,No,,,,,,,,,,,,
CUST07593,37,Male,One Year,37.98,1755.08,34,Debit Card,2,No,,,,,,,,,,,,
CUST07594,53,Male,Monthly,94.02,683.27,18,Debit Card,1,No,,,,,,,,,,,,
CUST07595,52,Female,One Year,55.98,4463.43,44,Direct Debit,2,No,,,,,,,,,,,,
CUST07596,49,Female,One Year,70.23,872.33,15,Direct Debit,0,Yes,,,,,,,,,,,,
CUST07597,75,Male,Monthly,91.15,1084.35,15,Direct Debit,0,No,,,,,,,,,,,,
CUST07598,65,Female,Monthly,89.22,2197.59,23,Debit Card,2,No,,,,,,,,,,,,
CUST07599,61,Female,One Year,47.35,6056.5,65,Debit Card,1,No,,,,,,,,,,,,
CUST07600,57,Female,One Year,75.17,3211.08,71,Direct Debit,2,No,,,,,,,,,,,,
CUST07601,41,Male,Monthly,94.52,2293.98,32,Direct Debit,2,Yes,,,,,,,,,,,,
CUST07602,78,Female,One Year,72.5,3075.97,32,Direct Debit,3,No,,,,,,,,,,,,
CUST07603,78,Male,Monthly,86.59,2368.02,33,Debit Card,0,No,,,,,,,,,,,,
CUST07604,34,Male,One Year,72.26,3944.73,43,Direct Debit,4,No,,,,,,,,,,,,
CUST07605,24,Male,Monthly,92.78,907.83,13,Direct Debit,0,No,,,,,,,,,,,,
CUST07606,60,Male,Monthly,88.73,812.42,9,Credit Card,4,No,,,,,,,,,,,,
CUST07607,67,Female,Two Year,98.34,5207.55,62,Credit Card,4,No,,,,,,,,,,,,
CUST07608,18,Male,One Year,79.83,6037.44,57,Direct Debit,3,Yes,,,,,,,,,,,,
CUST07609,52,Male,Monthly,62.36,3596.44,48,Debit Card,1,Yes,,,,,,,,,,,,
CUST07610,49,Female,Monthly,70.9,2888.66,43,Credit Card,1,No,,,,,,,,,,,,
CUST07611,53,Female,One Year,70.9,4907.17,67,Credit Card,0,No,,,,,,,,,,,,
CUST07612,30,Female,One Year,64.12,2119.66,32,Unknown,4,No,,,,,,,,,,,,
CUST07613,23,Male,One Year,86.22,3633,60,Credit Card,5,No,,,,,,,,,,,,
CUST07614,75,Female,Monthly,71.64,83.83,1,Credit Card,5,Yes,,,,,,,,,,,,
CUST07615,31,Male,Two Year,71.12,3926.9,57,Credit Card,0,No,,,,,,,,,,,,
CUST07616,54,Female,One Year,115.02,5278.76,69,Direct Debit,0,No,,,,,,,,,,,,
CUST07617,65,Female,Monthly,48.09,8080.3,69,Credit Card,1,No,,,,,,,,,,,,
CUST07618,32,Female,One Year,78.29,3047.43,68,Debit Card,0,No,,,,,,,,,,,,
CUST07619,64,Male,Monthly,66.89,4795.1,61,Debit Card,4,No,,,,,,,,,,,,
CUST07620,79,Male,One Year,31.89,569.12,8,Direct Debit,1,No,,,,,,,,,,,,
CUST07621,21,Male,Monthly,58.02,220.24,7,Credit Card,3,No,,,,,,,,,,,,
CUST07622,57,Male,Monthly,43.27,2203.8,37,Debit Card,3,No,,,,,,,,,,,,
CUST07623,76,Male,Monthly,86.11,1896.78,42,Credit Card,3,No,,,,,,,,,,,,
CUST07624,33,Female,Monthly,44.86,2616.65,32,Direct Debit,4,No,,,,,,,,,,,,
CUST07625,45,Male,Monthly,36.9,806,17,Bank Transfer,1,No,,,,,,,,,,,,
CUST07626,33,Female,One Year,67.6,1024.74,28,Credit Card,2,No,,,,,,,,,,,,
CUST07627,79,Male,Monthly,56.85,4396.36,70,Direct Debit,2,No,,,,,,,,,,,,
CUST07628,21,Male,One Year,57.89,2894.23,48,Credit Card,0,No,,,,,,,,,,,,
CUST07629,62,Female,One Year,43.13,3158.25,54,Debit Card,0,No,,,,,,,,,,,,
CUST07630,43,Female,One Year,87.91,1724.02,42,Bank Transfer,1,No,,,,,,,,,,,,
CUST07631,45,Male,Monthly,66.72,3072.32,36,Bank Transfer,2,No,,,,,,,,,,,,
CUST07632,49,Male,Monthly,90.3,4452.4,66,Bank Transfer,3,No,,,,,,,,,,,,
CUST07633,62,Female,Monthly,44.01,2742.94,31,Debit Card,2,No,,,,,,,,,,,,
CUST07634,19,Male,One Year,57.36,2738.62,65,Direct Debit,2,No,,,,,,,,,,,,
CUST07635,48,Male,Monthly,46.28,171.51,3,Debit Card,3,No,,,,,,,,,,,,
CUST07636,20,Female,One Year,65.79,571.32,13,Credit Card,3,No,,,,,,,,,,,,
CUST07637,71,Male,One Year,55.47,1956.4,31,Direct Debit,2,No,,,,,,,,,,,,
CUST07638,25,Male,Monthly,86.36,1692.73,29,Direct Debit,1,No,,,,,,,,,,,,
CUST07639,41,Female,One Year,24.27,4708.72,57,Debit Card,3,No,,,,,,,,,,,,
CUST07640,32,Female,Monthly,95.53,825.95,33,Bank Transfer,1,No,,,,,,,,,,,,
CUST07641,60,Male,Two Year,64.12,4860.95,53,Bank Transfer,2,No,,,,,,,,,,,,
CUST07642,48,Female,Monthly,53.56,611.69,10,Unknown,2,No,,,,,,,,,,,,
CUST07643,26,Male,Monthly,107.39,3239.93,63,Credit Card,2,No,,,,,,,,,,,,
CUST07644,56,Female,Monthly,59.84,6944.94,65,Bank Transfer,1,No,,,,,,,,,,,,
CUST07645,62,Female,Two Year,53.75,112.91,2,Direct Debit,1,No,,,,,,,,,,,,
CUST07646,19,Male,Two Year,56.65,100.73,2,Credit Card,3,No,,,,,,,,,,,,
CUST07647,25,Male,Monthly,63.66,4069.42,69,Debit Card,2,No,,,,,,,,,,,,
CUST07648,24,Male,Monthly,81.13,2175.77,37,Debit Card,0,No,,,,,,,,,,,,
CUST07649,73,Female,Monthly,76.16,159.29,2,Direct Debit,2,No,,,,,,,,,,,,
CUST07650,61,Female,One Year,47.34,4568.48,61,Direct Debit,1,No,,,,,,,,,,,,
CUST07651,68,Male,Monthly,42.15,2012.68,40,Credit Card,3,No,,,,,,,,,,,,
CUST07652,56,Male,One Year,91.26,2772.07,63,Credit Card,0,No,,,,,,,,,,,,
CUST07653,59,Male,Monthly,56.09,2285.4,25,Direct Debit,1,No,,,,,,,,,,,,
CUST07654,78,Male,One Year,70.29,2124.54,38,Unknown,3,No,,,,,,,,,,,,
CUST07655,74,Male,Monthly,66.83,2628.03,37,Credit Card,3,No,,,,,,,,,,,,
CUST07656,33,Female,One Year,94.7,1763.36,27,Debit Card,2,No,,,,,,,,,,,,
CUST07657,52,Female,One Year,96.56,4887.11,50,Direct Debit,1,No,,,,,,,,,,,,
CUST07658,47,Female,Monthly,70.93,3380.78,34,Credit Card,3,Yes,,,,,,,,,,,,
CUST07659,27,Female,One Year,52,3158.2,44,Debit Card,0,Yes,,,,,,,,,,,,
CUST07660,55,Female,One Year,115.79,3479.04,72,Bank Transfer,1,No,,,,,,,,,,,,
CUST07661,35,Female,Monthly,85.12,435.51,4,Direct Debit,3,Yes,,,,,,,,,,,,
CUST07662,67,Female,Monthly,91.19,4099.96,52,Bank Transfer,3,No,,,,,,,,,,,,
CUST07663,22,Male,One Year,57.48,5190.8,55,Debit Card,2,No,,,,,,,,,,,,
CUST07664,70,Male,Two Year,37.93,687.29,12,Direct Debit,3,No,,,,,,,,,,,,
CUST07665,46,Male,Two Year,75.73,569.68,14,Credit Card,1,No,,,,,,,,,,,,
CUST07666,56,Female,One Year,71.93,2842.38,35,Debit Card,1,No,,,,,,,,,,,,
CUST07667,77,Female,Monthly,103.34,452.17,6,Bank Transfer,2,No,,,,,,,,,,,,
CUST07668,51,Male,Monthly,68.72,4812.72,47,Credit Card,1,No,,,,,,,,,,,,
CUST07669,60,Female,Monthly,62.78,1534.12,23,Bank Transfer,6,Yes,,,,,,,,,,,,
CUST07670,79,Female,Monthly,96.52,4064.79,68,Credit Card,0,No,,,,,,,,,,,,
CUST07671,62,Male,Monthly,61.38,6005.28,65,Debit Card,1,No,,,,,,,,,,,,
CUST07672,40,Male,Monthly,54.34,3905.52,59,Debit Card,0,No,,,,,,,,,,,,
CUST07673,22,Male,Two Year,30.21,491.43,9,Direct Debit,1,No,,,,,,,,,,,,
CUST07674,47,Male,Two Year,82.45,1615.44,58,Direct Debit,0,No,,,,,,,,,,,,
CUST07675,23,Female,Two Year,67.85,3669.04,48,Credit Card,3,No,,,,,,,,,,,,
CUST07676,73,Female,Monthly,38.95,4246.35,63,Direct Debit,0,No,,,,,,,,,,,,
CUST07677,75,Female,Two Year,94.82,347.38,9,Direct Debit,3,No,,,,,,,,,,,,
CUST07678,78,Female,Monthly,65.57,4109.04,44,Credit Card,1,No,,,,,,,,,,,,
CUST07679,63,Female,Monthly,102.16,3172.39,46,Direct Debit,2,No,,,,,,,,,,,,
CUST07680,61,Female,One Year,94.33,1582.21,15,Bank Transfer,4,Yes,,,,,,,,,,,,
CUST07681,21,Female,Monthly,36.91,4685.46,53,Direct Debit,5,No,,,,,,,,,,,,
CUST07682,46,Female,Two Year,84.2,1732.75,48,Direct Debit,0,No,,,,,,,,,,,,
CUST07683,40,Female,Monthly,89.92,6156.18,72,Direct Debit,1,No,,,,,,,,,,,,
CUST07684,23,Male,Monthly,36.67,3705.63,42,Debit Card,1,No,,,,,,,,,,,,
CUST07685,49,Female,Monthly,56.53,594.3,17,Bank Transfer,0,No,,,,,,,,,,,,
CUST07686,59,Male,Two Year,58.76,2019.09,35,Debit Card,1,No,,,,,,,,,,,,
CUST07687,35,Female,Monthly,86.09,1851.36,31,Debit Card,0,No,,,,,,,,,,,,
CUST07688,32,Male,One Year,47.56,370.51,4,Credit Card,4,Yes,,,,,,,,,,,,
CUST07689,57,Male,One Year,71.8,2305.19,48,Debit Card,1,No,,,,,,,,,,,,
CUST07690,75,Female,One Year,108.9,1065.4,14,Direct Debit,3,No,,,,,,,,,,,,
CUST07691,49,Male,Monthly,28.47,2918.17,25,Direct Debit,2,No,,,,,,,,,,,,
CUST07692,26,Male,Monthly,67.36,1295.95,46,Direct Debit,0,No,,,,,,,,,,,,
CUST07693,54,Male,One Year,62.68,3001.98,48,Debit Card,3,No,,,,,,,,,,,,
CUST07694,27,Female,Two Year,20,2364.19,40,Bank Transfer,0,No,,,,,,,,,,,,
CUST07695,37,Female,Two Year,35.4,1000.64,50,Bank Transfer,2,No,,,,,,,,,,,,
CUST07696,23,Female,Monthly,88.34,263.38,7,Credit Card,2,Yes,,,,,,,,,,,,
CUST07697,65,Female,Monthly,70.27,5431.11,60,Debit Card,1,No,,,,,,,,,,,,
CUST07698,73,Male,Monthly,70.46,2341.98,35,Debit Card,5,No,,,,,,,,,,,,
CUST07699,76,Male,One Year,68.83,4581.77,63,Direct Debit,2,No,,,,,,,,,,,,
CUST07700,80,Male,Monthly,88.65,1463.43,20,Direct Debit,3,No,,,,,,,,,,,,
CUST07701,20,Female,One Year,109.76,1311.79,16,Direct Debit,3,No,,,,,,,,,,,,
CUST07702,59,Female,Two Year,91.44,2315.35,22,Debit Card,8,Yes,,,,,,,,,,,,
CUST07703,28,Male,Monthly,23.8,3109.17,36,Credit Card,4,Yes,,,,,,,,,,,,
CUST07704,60,Male,Monthly,59.73,472.76,19,Direct Debit,0,No,,,,,,,,,,,,
CUST07705,34,Male,Two Year,98.46,126.94,2,Credit Card,1,No,,,,,,,,,,,,
CUST07706,49,Female,Monthly,60.22,6753.72,68,Bank Transfer,3,No,,,,,,,,,,,,
CUST07707,21,Male,Monthly,100.16,445.02,7,Credit Card,5,No,,,,,,,,,,,,
CUST07708,80,Male,Monthly,62.06,4825.73,47,Direct Debit,1,No,,,,,,,,,,,,
CUST07709,21,Male,Monthly,39.41,3117.18,49,Credit Card,1,No,,,,,,,,,,,,
CUST07710,34,Female,One Year,85.07,1716.24,43,Credit Card,1,No,,,,,,,,,,,,
CUST07711,58,Female,Monthly,78.71,2526.25,32,Direct Debit,3,No,,,,,,,,,,,,
CUST07712,36,Male,Monthly,51.83,1431.62,17,Credit Card,3,No,,,,,,,,,,,,
CUST07713,22,Female,One Year,96.22,708.88,14,Direct Debit,0,No,,,,,,,,,,,,
CUST07714,49,Female,Monthly,32.6,3228.1,32,Debit Card,5,No,,,,,,,,,,,,
CUST07715,39,Female,Monthly,87.44,2053.01,60,Direct Debit,1,No,,,,,,,,,,,,
CUST07716,73,Male,One Year,48.97,5637.37,60,Bank Transfer,1,No,,,,,,,,,,,,
CUST07717,23,Female,Two Year,105.52,2475.83,52,Bank Transfer,1,No,,,,,,,,,,,,
CUST07718,52,Female,Monthly,86.05,7518.57,66,Direct Debit,1,No,,,,,,,,,,,,
CUST07719,39,Male,Monthly,56.74,333.22,4,Bank Transfer,1,Yes,,,,,,,,,,,,
CUST07720,18,Female,One Year,45.28,3546.81,63,Debit Card,1,No,,,,,,,,,,,,
CUST07721,37,Male,One Year,37.3,1543.55,33,Credit Card,3,No,,,,,,,,,,,,
CUST07722,39,Male,Monthly,69.45,35.24,1,Credit Card,2,No,,,,,,,,,,,,
CUST07723,65,Male,Monthly,72.46,4278.65,64,Direct Debit,2,No,,,,,,,,,,,,
CUST07724,72,Male,Monthly,85.21,2778.87,37,Credit Card,0,No,,,,,,,,,,,,
CUST07725,28,Male,One Year,54.82,6417.43,70,Debit Card,1,No,,,,,,,,,,,,
CUST07726,30,Male,Monthly,69.84,398.03,7,Debit Card,0,No,,,,,,,,,,,,
CUST07727,76,Female,Two Year,58.57,1773.32,24,Bank Transfer,0,No,,,,,,,,,,,,
CUST07728,59,Female,One Year,93.72,3688.03,68,Credit Card,3,No,,,,,,,,,,,,
CUST07729,20,Male,One Year,57.48,5218.13,55,Direct Debit,2,No,,,,,,,,,,,,
CUST07730,26,Female,Two Year,56.98,183.86,3,Credit Card,3,No,,,,,,,,,,,,
CUST07731,77,Female,Monthly,45.21,1348.79,23,Direct Debit,4,No,,,,,,,,,,,,
CUST07732,29,Male,Monthly,60.7,1673.51,36,Direct Debit,0,No,,,,,,,,,,,,
CUST07733,40,Male,Monthly,64.63,3295.51,57,Credit Card,1,No,,,,,,,,,,,,
CUST07734,31,Female,Monthly,66.29,3281.5,48,Direct Debit,3,No,,,,,,,,,,,,
CUST07735,50,Female,Monthly,78.02,912.1,13,Direct Debit,1,Yes,,,,,,,,,,,,
CUST07736,35,Male,Monthly,55.4,4846.03,61,Direct Debit,3,Yes,,,,,,,,,,,,
CUST07737,66,Male,Two Year,49.91,1313.99,24,Bank Transfer,1,No,,,,,,,,,,,,
CUST07738,76,Female,One Year,53.24,2257.48,43,Credit Card,2,No,,,,,,,,,,,,
CUST07739,58,Female,Two Year,64.68,1747.08,33,Direct Debit,1,No,,,,,,,,,,,,
CUST07740,26,Male,Monthly,53.42,1632.45,24,Direct Debit,3,No,,,,,,,,,,,,
CUST07741,40,Female,One Year,36.89,1172.4,22,Credit Card,2,No,,,,,,,,,,,,
CUST07742,27,Male,Monthly,39.16,1942.77,52,Direct Debit,0,No,,,,,,,,,,,,
CUST07743,36,Male,Monthly,27.53,244.28,6,Direct Debit,3,Yes,,,,,,,,,,,,
CUST07744,78,Male,One Year,74.34,503.4,19,Debit Card,1,No,,,,,,,,,,,,
CUST07745,64,Female,Monthly,72.87,2068.54,29,Credit Card,1,No,,,,,,,,,,,,
CUST07746,22,Male,One Year,54.14,4788.92,64,Bank Transfer,2,No,,,,,,,,,,,,
CUST07747,64,Male,Monthly,80.91,813.01,14,Direct Debit,4,No,,,,,,,,,,,,
CUST07748,69,Female,Monthly,62.06,2406.34,30,Credit Card,1,No,,,,,,,,,,,,
CUST07749,40,Female,Monthly,58.17,4686.99,71,Bank Transfer,1,No,,,,,,,,,,,,
CUST07750,47,Male,Two Year,43.76,1225.12,21,Direct Debit,2,No,,,,,,,,,,,,
CUST07751,42,Male,Monthly,89.94,3060.09,65,Credit Card,1,No,,,,,,,,,,,,
CUST07752,45,Female,One Year,102.2,376.57,4,Bank Transfer,2,No,,,,,,,,,,,,
CUST07753,51,Female,Monthly,77.32,4971.66,46,Credit Card,3,No,,,,,,,,,,,,
CUST07754,62,Male,Monthly,51.2,636.34,8,Bank Transfer,8,No,,,,,,,,,,,,
CUST07755,73,Female,One Year,72.9,975.94,18,Debit Card,1,No,,,,,,,,,,,,
CUST07756,65,Male,Monthly,55.44,4438.94,60,Credit Card,3,No,,,,,,,,,,,,
CUST07757,64,Female,Monthly,43.08,2521.68,45,Direct Debit,3,No,,,,,,,,,,,,
CUST07758,42,Male,Monthly,74.17,3287.23,72,Debit Card,2,No,,,,,,,,,,,,
CUST07759,27,Female,Two Year,49.38,2120.87,31,Bank Transfer,2,No,,,,,,,,,,,,
CUST07760,31,Male,Monthly,53.69,1377.95,28,Direct Debit,0,No,,,,,,,,,,,,
CUST07761,59,Female,Monthly,27.09,3639.62,64,Credit Card,2,No,,,,,,,,,,,,
CUST07762,74,Female,Monthly,92.17,953.6,37,Credit Card,1,No,,,,,,,,,,,,
CUST07763,63,Male,Monthly,101.65,6627.93,67,Credit Card,1,No,,,,,,,,,,,,
CUST07764,75,Female,Monthly,67.4125,7178.29,68,Debit Card,4,No,,,,,,,,,,,,
CUST07765,47,Male,Monthly,87.58,3093.35,35,Direct Debit,2,No,,,,,,,,,,,,
CUST07766,72,Female,Monthly,44.97,3236.36,36,Direct Debit,0,Yes,,,,,,,,,,,,
CUST07767,80,Female,Monthly,60.43,2541.75,57,Direct Debit,3,No,,,,,,,,,,,,
CUST07768,58,Female,One Year,84.4,4203.67,70,Direct Debit,2,No,,,,,,,,,,,,
CUST07769,42,Female,Monthly,49.81,355.92,4,Credit Card,4,No,,,,,,,,,,,,
CUST07770,31,Female,Monthly,62.2,2299.77,49,Debit Card,1,No,,,,,,,,,,,,
CUST07771,52,Male,Monthly,38.52,2434.36,39,Credit Card,0,No,,,,,,,,,,,,
CUST07772,69,Male,Monthly,59.95,672.28,18,Credit Card,2,No,,,,,,,,,,,,
CUST07773,65,Female,One Year,66.66,3875.73,60,Debit Card,3,No,,,,,,,,,,,,
CUST07774,51,Female,Monthly,79.15,613.67,10,Debit Card,6,No,,,,,,,,,,,,
CUST07775,27,Female,Monthly,37.13,1693.36,23,Bank Transfer,0,No,,,,,,,,,,,,
CUST07776,52,Female,Monthly,35.66,2713.65,68,Credit Card,0,No,,,,,,,,,,,,
CUST07777,28,Male,Monthly,88.78,2118.68,59,Bank Transfer,3,No,,,,,,,,,,,,
CUST07778,28,Male,One Year,91.11,585.52,7,Credit Card,1,No,,,,,,,,,,,,
CUST07779,38,Male,Monthly,56.76,1174.7,13,Debit Card,3,Yes,,,,,,,,,,,,
CUST07780,38,Female,Monthly,100.23,165.45,3,Debit Card,2,Yes,,,,,,,,,,,,
CUST07781,39,Male,Monthly,69.18,4272.98,40,Credit Card,5,No,,,,,,,,,,,,
CUST07782,62,Male,One Year,91.7,783.82,11,Debit Card,5,No,,,,,,,,,,,,
CUST07783,24,Female,Monthly,65.54,4400.23,51,Credit Card,3,Yes,,,,,,,,,,,,
CUST07784,72,Female,Monthly,75.69,1516.21,23,Debit Card,1,No,,,,,,,,,,,,
CUST07785,34,Female,Monthly,64.88,2280.42,32,Credit Card,0,No,,,,,,,,,,,,
CUST07786,79,Female,Monthly,102.12,2730.4,41,Direct Debit,2,No,,,,,,,,,,,,
CUST07787,19,Female,Monthly,65.94,4444.97,42,Credit Card,1,No,,,,,,,,,,,,
CUST07788,29,Male,Monthly,64.73,2530.64,38,Direct Debit,0,No,,,,,,,,,,,,
CUST07789,74,Female,One Year,29.39,4660.24,67,Debit Card,0,No,,,,,,,,,,,,
CUST07790,59,Male,Two Year,62.07,2266.52,72,Bank Transfer,0,No,,,,,,,,,,,,
CUST07791,35,Female,One Year,106.13,4258.76,72,Direct Debit,5,No,,,,,,,,,,,,
CUST07792,71,Female,Monthly,93.64,4101.1,42,Bank Transfer,5,No,,,,,,,,,,,,
CUST07793,76,Female,One Year,60.5,4131.37,43,Credit Card,1,No,,,,,,,,,,,,
CUST07794,28,Male,One Year,58.56,1988.72,33,Credit Card,0,No,,,,,,,,,,,,
CUST07795,33,Male,Two Year,41.14,2109.4,37,Direct Debit,0,No,,,,,,,,,,,,
CUST07796,66,Female,One Year,73.12,2501.4,57,Credit Card,1,No,,,,,,,,,,,,
CUST07797,68,Male,One Year,76.01,5037.96,64,Bank Transfer,3,No,,,,,,,,,,,,
CUST07798,35,Female,Monthly,67.4125,5199.78,64,Direct Debit,4,No,,,,,,,,,,,,
CUST07799,52,Female,Monthly,39.45,4855.35,60,Bank Transfer,3,No,,,,,,,,,,,,
CUST07800,70,Female,Monthly,94.75,2118.15,52,Debit Card,1,No,,,,,,,,,,,,
CUST07801,76,Female,Monthly,65.31,6463.52,72,Credit Card,1,No,,,,,,,,,,,,
CUST07802,43,Female,Monthly,67.4125,4761.45,68,Credit Card,2,No,,,,,,,,,,,,
CUST07803,33,Male,Monthly,67.98,2449.63,27,Bank Transfer,3,Yes,,,,,,,,,,,,
CUST07804,23,Male,One Year,91.04,3813.64,59,Bank Transfer,3,No,,,,,,,,,,,,
CUST07805,74,Female,Two Year,83.78,1608.03,19,Debit Card,2,No,,,,,,,,,,,,
CUST07806,61,Female,Monthly,53.99,253.37,3,Credit Card,0,Yes,,,,,,,,,,,,
CUST07807,60,Female,Monthly,78.36,2256.7,39,Credit Card,1,No,,,,,,,,,,,,
CUST07808,64,Female,Two Year,82.3,4870.22,66,Direct Debit,2,No,,,,,,,,,,,,
CUST07809,64,Male,Two Year,75.2,4329.2,56,Credit Card,1,No,,,,,,,,,,,,
CUST07810,65,Male,Monthly,65.08,434.78,6,Debit Card,4,Yes,,,,,,,,,,,,
CUST07811,59,Male,Monthly,87.68,1870.46,28,Credit Card,1,No,,,,,,,,,,,,
CUST07812,29,Female,Monthly,94.67,4240.84,48,Credit Card,3,No,,,,,,,,,,,,
CUST07813,77,Male,Monthly,34.01,4250.58,48,Direct Debit,2,No,,,,,,,,,,,,
CUST07814,30,Male,Two Year,66.5,2257.63,67,Credit Card,2,No,,,,,,,,,,,,
CUST07815,21,Female,One Year,66.62,3342.18,54,Bank Transfer,1,No,,,,,,,,,,,,
CUST07816,56,Male,Monthly,100.22,1125.94,16,Debit Card,0,No,,,,,,,,,,,,
CUST07817,71,Female,Two Year,49.41,3287.2,35,Bank Transfer,3,No,,,,,,,,,,,,
CUST07818,19,Male,One Year,72,1475.49,30,Direct Debit,0,No,,,,,,,,,,,,
CUST07819,43,Male,Two Year,76.4,3461.79,48,Debit Card,1,No,,,,,,,,,,,,
CUST07820,76,Male,Two Year,71.19,5297.01,69,Credit Card,0,No,,,,,,,,,,,,
CUST07821,44,Female,Monthly,97.58,579.47,8,Credit Card,2,Yes,,,,,,,,,,,,
CUST07822,44,Male,Monthly,67.46,5137.09,51,Debit Card,1,No,,,,,,,,,,,,
CUST07823,32,Male,Monthly,38.29,621.1,10,Bank Transfer,1,Yes,,,,,,,,,,,,
CUST07824,80,Male,Two Year,89.37,991.65,28,Direct Debit,0,No,,,,,,,,,,,,
CUST07825,25,Male,Two Year,55.02,3274.74,36,Credit Card,3,No,,,,,,,,,,,,
CUST07826,24,Female,One Year,73.64,3133.31,60,Direct Debit,1,No,,,,,,,,,,,,
CUST07827,80,Male,Monthly,67.83,775.5,10,Credit Card,3,No,,,,,,,,,,,,
CUST07828,64,Female,Monthly,47.46,968.99,14,Credit Card,4,No,,,,,,,,,,,,
CUST07829,72,Male,One Year,47.57,3219.8,63,Bank Transfer,3,No,,,,,,,,,,,,
CUST07830,63,Female,One Year,40.94,2317.35,47,Direct Debit,0,No,,,,,,,,,,,,
CUST07831,80,Female,Monthly,80.98,2639.87,69,Debit Card,0,No,,,,,,,,,,,,
CUST07832,57,Female,Monthly,81,4296.15,56,Credit Card,1,No,,,,,,,,,,,,
CUST07833,77,Female,One Year,65.17,450.74,6,Bank Transfer,2,No,,,,,,,,,,,,
CUST07834,29,Male,Two Year,81.44,1286.01,19,Direct Debit,2,Yes,,,,,,,,,,,,
CUST07835,30,Female,Monthly,69.08,3982.02,52,Direct Debit,2,No,,,,,,,,,,,,
CUST07836,79,Male,Monthly,69.79,4395.19,62,Credit Card,1,No,,,,,,,,,,,,
CUST07837,60,Male,One Year,59.89,3450.02,49,Direct Debit,0,No,,,,,,,,,,,,
CUST07838,34,Female,Two Year,70.31,672.84,11,Debit Card,1,No,,,,,,,,,,,,
CUST07839,80,Male,Monthly,49.98,3238.75,46,Bank Transfer,2,No,,,,,,,,,,,,
CUST07840,78,Female,Monthly,95.79,3179.92,69,Credit Card,1,No,,,,,,,,,,,,
CUST07841,34,Male,Monthly,65.61,4140.35,45,Credit Card,2,Yes,,,,,,,,,,,,
CUST07842,73,Female,Monthly,61.13,4039.78,58,Direct Debit,1,No,,,,,,,,,,,,
CUST07843,53,Female,Monthly,53.41,2090.51,32,Bank Transfer,1,No,,,,,,,,,,,,
CUST07844,38,Female,One Year,61.3,499.68,10,Credit Card,2,No,,,,,,,,,,,,
CUST07845,25,Female,Monthly,56.36,854.61,13,Direct Debit,1,No,,,,,,,,,,,,
CUST07846,22,Female,One Year,73.82,752.67,13,Bank Transfer,0,No,,,,,,,,,,,,
CUST07847,43,Female,Monthly,35.73,2837.19,36,Debit Card,1,No,,,,,,,,,,,,
CUST07848,33,Male,Monthly,53.19,668.13,19,Debit Card,2,No,,,,,,,,,,,,
CUST07849,53,Female,Monthly,99.75,348.6,7,Debit Card,3,No,,,,,,,,,,,,
CUST07850,45,Male,Monthly,99.67,1448.96,15,Credit Card,1,No,,,,,,,,,,,,
CUST07851,71,Male,Monthly,55.83,4723.96,46,Direct Debit,1,No,,,,,,,,,,,,
CUST07852,46,Male,Two Year,120,2806.42,48,Bank Transfer,2,No,,,,,,,,,,,,
CUST07853,64,Male,Monthly,83.22,7349.91,66,Direct Debit,2,Yes,,,,,,,,,,,,
CUST07854,29,Female,Monthly,94.89,332.19,4,Bank Transfer,2,No,,,,,,,,,,,,
CUST07855,54,Female,One Year,62.93,264.83,3,Bank Transfer,2,No,,,,,,,,,,,,
CUST07856,47,Female,Two Year,64.74,199.77,3,Credit Card,0,No,,,,,,,,,,,,
CUST07857,40,Female,Monthly,88.45,4450.15,69,Bank Transfer,3,No,,,,,,,,,,,,
CUST07858,33,Male,Monthly,86.65,2640.98,28,Direct Debit,4,No,,,,,,,,,,,,
CUST07859,31,Male,One Year,63.66,1858.57,23,Credit Card,1,Yes,,,,,,,,,,,,
CUST07860,27,Male,Monthly,72.76,1858,30,Bank Transfer,5,Yes,,,,,,,,,,,,
CUST07861,24,Female,One Year,20,4638.54,62,Credit Card,1,No,,,,,,,,,,,,
CUST07862,62,Male,Monthly,49.2,986.31,51,Direct Debit,0,No,,,,,,,,,,,,
CUST07863,69,Female,Two Year,100.15,2127.44,41,Direct Debit,2,No,,,,,,,,,,,,
CUST07864,77,Female,Monthly,51.95,6908.87,64,Bank Transfer,0,No,,,,,,,,,,,,
CUST07865,78,Female,Two Year,69.39,2155.65,43,Credit Card,1,No,,,,,,,,,,,,
CUST07866,54,Female,Monthly,58.58,3935.16,58,Bank Transfer,0,No,,,,,,,,,,,,
CUST07867,46,Female,Two Year,46.85,3714.66,59,Direct Debit,1,No,,,,,,,,,,,,
CUST07868,20,Male,Monthly,67.58,1831.44,40,Direct Debit,2,No,,,,,,,,,,,,
CUST07869,32,Male,Monthly,66.23,3136.53,46,Credit Card,2,No,,,,,,,,,,,,
CUST07870,53,Female,Monthly,43.63,4283.15,62,Direct Debit,1,No,,,,,,,,,,,,
CUST07871,64,Female,Two Year,68.01,2116.78,49,Credit Card,1,No,,,,,,,,,,,,
CUST07872,63,Female,Monthly,47.66,1532.35,23,Direct Debit,4,Yes,,,,,,,,,,,,
CUST07873,69,Male,Monthly,68.57,2095.56,44,Direct Debit,1,No,,,,,,,,,,,,
CUST07874,36,Female,Monthly,58.77,3152.01,44,Direct Debit,1,No,,,,,,,,,,,,
CUST07875,30,Male,Two Year,110.15,1083.07,19,Bank Transfer,1,No,,,,,,,,,,,,
CUST07876,59,Male,Monthly,53.65,4730.91,44,Bank Transfer,2,No,,,,,,,,,,,,
CUST07877,38,Male,Monthly,77.68,560.8,11,Direct Debit,1,No,,,,,,,,,,,,
CUST07878,54,Male,Two Year,32.04,4811.15,60,Bank Transfer,3,No,,,,,,,,,,,,
CUST07879,44,Male,Two Year,120,1295.33,38,Credit Card,2,No,,,,,,,,,,,,
CUST07880,72,Male,Monthly,70.13,341.9,3,Direct Debit,2,Yes,,,,,,,,,,,,
CUST07881,69,Female,Two Year,74.84,1038.52,16,Debit Card,1,No,,,,,,,,,,,,
CUST07882,46,Female,Monthly,81.85,660.76,9,Bank Transfer,3,No,,,,,,,,,,,,
CUST07883,37,Female,Monthly,62.14,3307.61,41,Credit Card,2,No,,,,,,,,,,,,
CUST07884,42,Male,Two Year,55.62,2416.43,38,Credit Card,0,No,,,,,,,,,,,,
CUST07885,23,Female,One Year,53.01,3583.31,69,Bank Transfer,0,No,,,,,,,,,,,,
CUST07886,80,Male,Monthly,74.45,3622.89,65,Bank Transfer,4,No,,,,,,,,,,,,
CUST07887,53,Male,Monthly,93.77,2636.6,35,Debit Card,2,No,,,,,,,,,,,,
CUST07888,19,Female,Monthly,27.36,3306.09,35,Debit Card,2,No,,,,,,,,,,,,
CUST07889,39,Male,One Year,105.47,1274.69,48,Debit Card,1,No,,,,,,,,,,,,
CUST07890,49,Female,Two Year,52.16,825.57,8,Direct Debit,4,No,,,,,,,,,,,,
CUST07891,33,Female,Monthly,70.68,1308.14,27,Debit Card,5,No,,,,,,,,,,,,
CUST07892,35,Female,One Year,54.38,661.95,9,Direct Debit,4,No,,,,,,,,,,,,
CUST07893,22,Female,Monthly,65.14,1658.74,30,Credit Card,1,No,,,,,,,,,,,,
CUST07894,71,Female,One Year,76.95,981.48,14,Direct Debit,0,Yes,,,,,,,,,,,,
CUST07895,53,Male,Monthly,61.54,1728.38,23,Bank Transfer,0,No,,,,,,,,,,,,
CUST07896,47,Female,One Year,74.42,1832.13,29,Debit Card,1,No,,,,,,,,,,,,
CUST07897,62,Male,Monthly,62.75,2064.81,26,Credit Card,3,No,,,,,,,,,,,,
CUST07898,36,Female,Two Year,81.02,973.13,15,Direct Debit,1,No,,,,,,,,,,,,
CUST07899,40,Female,Monthly,80.21,5029.08,67,Direct Debit,1,No,,,,,,,,,,,,
CUST07900,51,Male,Monthly,20,1310.51,16,Direct Debit,2,No,,,,,,,,,,,,
CUST07901,30,Female,Two Year,64.07,261.89,13,Debit Card,1,No,,,,,,,,,,,,
CUST07902,60,Male,Monthly,98.47,1537.51,24,Credit Card,1,No,,,,,,,,,,,,
CUST07903,79,Male,Monthly,88.19,6156.95,62,Debit Card,3,No,,,,,,,,,,,,
CUST07904,71,Female,Monthly,38.74,4995.11,57,Debit Card,1,No,,,,,,,,,,,,
CUST07905,46,Male,Two Year,62.96,1437.45,36,Credit Card,0,No,,,,,,,,,,,,
CUST07906,53,Male,Monthly,65.14,3484.41,60,Bank Transfer,2,No,,,,,,,,,,,,
CUST07907,39,Male,Monthly,66.31,1361.67,22,Bank Transfer,0,No,,,,,,,,,,,,
CUST07908,69,Female,Monthly,58.97,194.65,3,Direct Debit,1,No,,,,,,,,,,,,
CUST07909,69,Male,Two Year,60.75,2106.84,36,Credit Card,0,No,,,,,,,,,,,,
CUST07910,64,Male,Monthly,51.03,2057.7,36,Credit Card,2,No,,,,,,,,,,,,
CUST07911,53,Female,Monthly,106.59,536.44,10,Debit Card,2,Yes,,,,,,,,,,,,
CUST07912,26,Male,One Year,74.2,2392.17,21,Direct Debit,2,Yes,,,,,,,,,,,,
CUST07913,56,Male,Monthly,66.83,3781.94,49,Direct Debit,3,No,,,,,,,,,,,,
CUST07914,68,Female,Monthly,75.59,642.74,9,Credit Card,3,No,,,,,,,,,,,,
CUST07915,36,Female,Two Year,39.32,4083.64,52,Debit Card,3,No,,,,,,,,,,,,
CUST07916,55,Female,Monthly,74.84,1869.56,48,Debit Card,3,No,,,,,,,,,,,,
CUST07917,23,Male,One Year,32.92,4413.62,60,Bank Transfer,2,No,,,,,,,,,,,,
CUST07918,69,Female,Two Year,78.2,1558.14,50,Debit Card,1,No,,,,,,,,,,,,
CUST07919,64,Female,Monthly,52.09,2848,39,Debit Card,1,No,,,,,,,,,,,,
CUST07920,32,Male,Monthly,76.47,796.05,16,Credit Card,1,No,,,,,,,,,,,,
CUST07921,74,Male,Two Year,117.75,2152.17,28,Direct Debit,3,No,,,,,,,,,,,,
CUST07922,37,Female,One Year,72.13,665.23,6,Debit Card,4,Yes,,,,,,,,,,,,
CUST07923,26,Male,Monthly,40.31,4717.54,61,Bank Transfer,3,No,,,,,,,,,,,,
CUST07924,49,Female,Monthly,50.78,230.97,6,Bank Transfer,0,No,,,,,,,,,,,,
CUST07925,21,Female,One Year,77.96,3530.39,66,Direct Debit,3,No,,,,,,,,,,,,
CUST07926,67,Female,Monthly,94.86,3277.47,40,Credit Card,4,No,,,,,,,,,,,,
CUST07927,35,Female,Monthly,37.52,6348.42,71,Debit Card,5,No,,,,,,,,,,,,
CUST07928,22,Male,Two Year,107.06,2404.68,62,Direct Debit,2,No,,,,,,,,,,,,
CUST07929,37,Male,Monthly,73.41,3153.13,28,Debit Card,2,No,,,,,,,,,,,,
CUST07930,40,Female,Two Year,66.48,3662.41,47,Debit Card,3,Yes,,,,,,,,,,,,
CUST07931,79,Female,One Year,86.43,641.78,9,Credit Card,4,No,,,,,,,,,,,,
CUST07932,28,Female,Monthly,40.12,4803.65,52,Direct Debit,1,No,,,,,,,,,,,,
CUST07933,54,Female,One Year,51.43,583.61,15,Credit Card,3,No,,,,,,,,,,,,
CUST07934,39,Female,Monthly,44.01,1683.61,34,Bank Transfer,2,No,,,,,,,,,,,,
CUST07935,75,Male,Monthly,113.63,865.77,20,Debit Card,0,No,,,,,,,,,,,,
CUST07936,21,Female,Monthly,65.31,6779.63,60,Debit Card,2,No,,,,,,,,,,,,
CUST07937,46,Male,One Year,69.46,3626.69,58,Bank Transfer,2,No,,,,,,,,,,,,
CUST07938,61,Male,One Year,83.95,4345.61,67,Bank Transfer,2,No,,,,,,,,,,,,
CUST07939,51,Male,Two Year,31.76,172.11,2,Debit Card,5,No,,,,,,,,,,,,
CUST07940,30,Female,Two Year,54.43,1505.23,50,Credit Card,1,No,,,,,,,,,,,,
CUST07941,59,Female,Monthly,71.12,812.61,14,Bank Transfer,2,No,,,,,,,,,,,,
CUST07942,26,Male,One Year,104.43,3847.43,56,Credit Card,2,No,,,,,,,,,,,,
CUST07943,59,Male,Monthly,87.89,6857.13,69,Credit Card,4,No,,,,,,,,,,,,
CUST07944,48,Female,Monthly,76.07,3677.92,44,Direct Debit,2,Yes,,,,,,,,,,,,
CUST07945,24,Female,Monthly,68.96,3381.35,46,Direct Debit,3,No,,,,,,,,,,,,
CUST07946,21,Female,One Year,92.07,421.19,6,Credit Card,2,Yes,,,,,,,,,,,,
CUST07947,36,Female,Monthly,51.41,792.93,8,Credit Card,3,Yes,,,,,,,,,,,,
CUST07948,59,Female,Monthly,76.08,2000.58,39,Credit Card,0,No,,,,,,,,,,,,
CUST07949,47,Male,Monthly,79.54,3400.91,44,Direct Debit,2,No,,,,,,,,,,,,
CUST07950,48,Male,Monthly,56.07,2265.3,27,Direct Debit,0,No,,,,,,,,,,,,
CUST07951,52,Male,Two Year,59.81,873.3,16,Debit Card,0,No,,,,,,,,,,,,
CUST07952,74,Female,Two Year,32.44,2213.12,39,Direct Debit,0,No,,,,,,,,,,,,
CUST07953,38,Male,One Year,55.64,32.1,1,Direct Debit,2,No,,,,,,,,,,,,
CUST07954,78,Female,One Year,20,2755.32,51,Direct Debit,1,No,,,,,,,,,,,,
CUST07955,48,Male,One Year,78,1333.81,63,Direct Debit,0,No,,,,,,,,,,,,
CUST07956,36,Male,One Year,67.63,2770.83,33,Direct Debit,3,No,,,,,,,,,,,,
CUST07957,48,Male,One Year,68.57,3483.39,50,Credit Card,4,No,,,,,,,,,,,,
CUST07958,70,Male,Monthly,75.37,3793.87,54,Credit Card,0,No,,,,,,,,,,,,
CUST07959,49,Male,Monthly,74.73,2104.74,27,Direct Debit,3,No,,,,,,,,,,,,
CUST07960,19,Female,Monthly,64.66,1412.52,19,Debit Card,3,Yes,,,,,,,,,,,,
CUST07961,76,Male,Monthly,43.29,1847.79,28,Debit Card,0,No,,,,,,,,,,,,
CUST07962,69,Female,Monthly,74.06,927.37,23,Credit Card,1,No,,,,,,,,,,,,
CUST07963,27,Male,One Year,43.89,4734.87,64,Direct Debit,2,No,,,,,,,,,,,,
CUST07964,19,Female,One Year,75.71,1665.8,39,Debit Card,1,No,,,,,,,,,,,,
CUST07965,19,Female,Monthly,97.8,3444.57,49,Credit Card,4,No,,,,,,,,,,,,
CUST07966,77,Female,Monthly,100.25,5811.54,59,Bank Transfer,2,No,,,,,,,,,,,,
CUST07967,41,Male,One Year,77.05,1960.17,20,Direct Debit,1,No,,,,,,,,,,,,
CUST07968,34,Male,Monthly,64.01,4768.19,61,Debit Card,1,No,,,,,,,,,,,,
CUST07969,49,Female,Monthly,50.92,577.3,9,Bank Transfer,1,Yes,,,,,,,,,,,,
CUST07970,33,Male,Two Year,76.18,1129.23,23,Credit Card,1,No,,,,,,,,,,,,
CUST07971,33,Female,Monthly,23.05,536.67,7,Credit Card,4,Yes,,,,,,,,,,,,
CUST07972,63,Male,Two Year,45.46,700.69,31,Debit Card,2,No,,,,,,,,,,,,
CUST07973,56,Female,Two Year,47.01,2911.38,60,Direct Debit,1,No,,,,,,,,,,,,
CUST07974,70,Male,Two Year,78.36,2810.55,61,Direct Debit,1,No,,,,,,,,,,,,
CUST07975,48,Female,Monthly,69.64,1887.46,26,Bank Transfer,2,No,,,,,,,,,,,,
CUST07976,60,Female,Monthly,72.88,3919.15,54,Debit Card,2,No,,,,,,,,,,,,
CUST07977,41,Male,Monthly,66.18,2426.89,31,Direct Debit,7,No,,,,,,,,,,,,
CUST07978,18,Male,Monthly,64.76,2569.85,41,Debit Card,0,No,,,,,,,,,,,,
CUST07979,28,Male,Monthly,72.46,1950.45,28,Credit Card,2,No,,,,,,,,,,,,
CUST07980,72,Female,One Year,74.6,442.91,6,Direct Debit,2,Yes,,,,,,,,,,,,
CUST07981,38,Male,Two Year,81.16,2677.38,34,Direct Debit,1,No,,,,,,,,,,,,
CUST07982,21,Male,Two Year,68.41,727.27,9,Direct Debit,2,No,,,,,,,,,,,,
CUST07983,24,Female,Monthly,85.94,837.01,12,Bank Transfer,0,No,,,,,,,,,,,,
CUST07984,43,Male,One Year,102.76,1450.07,16,Direct Debit,1,No,,,,,,,,,,,,
CUST07985,64,Male,Monthly,58.93,7859.56,71,Credit Card,1,No,,,,,,,,,,,,
CUST07986,67,Male,Monthly,76.03,1734.7,31,Credit Card,2,No,,,,,,,,,,,,
CUST07987,29,Female,Two Year,58.76,2669.06,33,Direct Debit,2,No,,,,,,,,,,,,
CUST07988,48,Female,Monthly,94.01,422.33,7,Debit Card,3,No,,,,,,,,,,,,
CUST07989,34,Male,Monthly,65.01,302.19,3,Credit Card,2,Yes,,,,,,,,,,,,
CUST07990,50,Female,Two Year,61.29,1262.36,20,Direct Debit,0,No,,,,,,,,,,,,
CUST07991,28,Male,Monthly,42.84,293.83,5,Direct Debit,4,No,,,,,,,,,,,,
CUST07992,45,Male,Two Year,58.75,2808.52,67,Debit Card,1,No,,,,,,,,,,,,
CUST07993,49,Female,Monthly,56.54,2369.84,38,Debit Card,4,No,,,,,,,,,,,,
CUST07994,18,Male,Two Year,93.43,3145.79,56,Direct Debit,3,No,,,,,,,,,,,,
CUST07995,64,Female,Monthly,64.06,2304.12,23,Direct Debit,0,Yes,,,,,,,,,,,,
CUST07996,45,Female,Monthly,62.24,122.84,2,Direct Debit,2,Yes,,,,,,,,,,,,
CUST07997,70,Female,Monthly,101.19,1248.6,21,Bank Transfer,2,No,,,,,,,,,,,,
CUST07998,59,Male,One Year,51.91,1457.1,14,Credit Card,3,No,,,,,,,,,,,,
CUST07999,24,Male,Two Year,40.56,3111.14,62,Bank Transfer,0,No,,,,,,,,,,,,
CUST08000,19,Female,One Year,34.33,419.69,11,Debit Card,3,No,,,,,,,,,,,,
CUST08001,59,Male,Two Year,46.06,134.59,4,Credit Card,3,No,,,,,,,,,,,,
CUST08002,49,Female,Two Year,68.74,2083.83,47,Credit Card,1,No,,,,,,,,,,,,
CUST08003,21,Male,Monthly,66.34,1355.66,20,Credit Card,0,Yes,,,,,,,,,,,,
CUST08004,61,Male,One Year,57.18,3276.65,52,Credit Card,1,Yes,,,,,,,,,,,,
CUST08005,36,Male,Monthly,38.99,981.77,16,Debit Card,1,No,,,,,,,,,,,,
CUST08006,43,Female,Monthly,51.43,1839.23,45,Bank Transfer,3,Yes,,,,,,,,,,,,
CUST08007,28,Female,Monthly,44.17,433.88,8,Debit Card,2,No,,,,,,,,,,,,
CUST08008,57,Male,Monthly,20,2649.94,62,Debit Card,1,No,,,,,,,,,,,,
CUST08009,67,Female,One Year,24.42,443.97,21,Bank Transfer,1,Yes,,,,,,,,,,,,
CUST08010,60,Male,Monthly,70.08,1585.58,64,Credit Card,0,No,,,,,,,,,,,,
CUST08011,28,Male,One Year,55.74,1953.29,30,Bank Transfer,5,Yes,,,,,,,,,,,,
CUST08012,62,Female,Two Year,80.51,1895.32,36,Direct Debit,1,No,,,,,,,,,,,,
CUST08013,20,Female,Monthly,50.79,399.07,5,Direct Debit,2,No,,,,,,,,,,,,
CUST08014,29,Male,One Year,51.61,1897.22,38,Debit Card,2,No,,,,,,,,,,,,
CUST08015,20,Male,One Year,53.52,1026.92,19,Direct Debit,2,Yes,,,,,,,,,,,,
CUST08016,59,Female,Monthly,47.13,1531.43,27,Bank Transfer,2,No,,,,,,,,,,,,
CUST08017,44,Female,One Year,55.88,648.46,13,Bank Transfer,1,No,,,,,,,,,,,,
CUST08018,66,Female,Monthly,105.92,492.88,9,Direct Debit,3,Yes,,,,,,,,,,,,
CUST08019,71,Male,Monthly,66.49,1839.76,17,Bank Transfer,4,No,,,,,,,,,,,,
CUST08020,19,Female,Monthly,55.2,2924.2,44,Debit Card,2,No,,,,,,,,,,,,
CUST08021,66,Male,Monthly,88.61,2638.57,45,Direct Debit,0,No,,,,,,,,,,,,
CUST08022,33,Female,Monthly,68.19,3953.24,42,Direct Debit,2,No,,,,,,,,,,,,
CUST08023,19,Male,Monthly,93.22,3229.45,51,Direct Debit,1,No,,,,,,,,,,,,
CUST08024,77,Male,Monthly,72.25,5469.17,58,Direct Debit,0,No,,,,,,,,,,,,
CUST08025,71,Male,Two Year,63.84,4192.82,58,Credit Card,1,No,,,,,,,,,,,,
CUST08026,47,Female,Two Year,75.59,1998.06,30,Debit Card,1,No,,,,,,,,,,,,
CUST08027,37,Female,Monthly,78.07,359.55,5,Debit Card,3,No,,,,,,,,,,,,
CUST08028,55,Male,Monthly,44.53,644.05,8,Debit Card,4,Yes,,,,,,,,,,,,
CUST08029,45,Female,Monthly,63.22,1710.51,37,Credit Card,0,No,,,,,,,,,,,,
CUST08030,42,Female,Two Year,75.82,2746.35,47,Direct Debit,2,No,,,,,,,,,,,,
CUST08031,49,Male,Monthly,79.83,3374.38,45,Bank Transfer,0,No,,,,,,,,,,,,
CUST08032,78,Female,Monthly,59.33,429.74,5,Bank Transfer,3,No,,,,,,,,,,,,
CUST08033,27,Female,Monthly,90.73,3618.54,63,Debit Card,2,No,,,,,,,,,,,,
CUST08034,77,Male,One Year,75.22,4526.67,47,Debit Card,0,No,,,,,,,,,,,,
CUST08035,59,Male,Monthly,62.34,1906.64,25,Direct Debit,4,No,,,,,,,,,,,,
CUST08036,57,Male,Monthly,73.32,3015.53,50,Bank Transfer,0,No,,,,,,,,,,,,
CUST08037,50,Male,One Year,85.07,3476.77,45,Bank Transfer,1,No,,,,,,,,,,,,
CUST08038,30,Male,One Year,51.85,2752.45,30,Credit Card,2,No,,,,,,,,,,,,
CUST08039,73,Female,One Year,53.48,2585.17,48,Debit Card,1,No,,,,,,,,,,,,
CUST08040,58,Female,Monthly,82.64,2536.03,51,Credit Card,3,Yes,,,,,,,,,,,,
CUST08041,71,Male,One Year,89.98,4219.7,55,Credit Card,1,No,,,,,,,,,,,,
CUST08042,59,Female,Monthly,68.78,4942.21,55,Bank Transfer,3,Yes,,,,,,,,,,,,
CUST08043,64,Female,Monthly,66.71,2913.84,46,Credit Card,1,No,,,,,,,,,,,,
CUST08044,54,Female,Monthly,89.08,2126.23,31,Direct Debit,2,No,,,,,,,,,,,,
CUST08045,71,Male,Monthly,53.46,2794.32,34,Bank Transfer,3,No,,,,,,,,,,,,
CUST08046,33,Female,Monthly,23.13,3910.44,68,Bank Transfer,0,No,,,,,,,,,,,,
CUST08047,62,Female,Monthly,71.94,809.78,33,Credit Card,1,Yes,,,,,,,,,,,,
CUST08048,39,Female,Monthly,73.71,4231.93,56,Credit Card,3,No,,,,,,,,,,,,
CUST08049,74,Male,Monthly,83.25,4488.88,58,Bank Transfer,1,No,,,,,,,,,,,,
CUST08050,37,Male,One Year,87.15,4999.12,57,Direct Debit,2,No,,,,,,,,,,,,
CUST08051,67,Female,Monthly,95.05,1465.97,17,Credit Card,3,No,,,,,,,,,,,,
CUST08052,60,Male,Two Year,75.27,1094.37,11,Bank Transfer,3,No,,,,,,,,,,,,
CUST08053,44,Female,Monthly,114.88,5230.57,71,Credit Card,2,No,,,,,,,,,,,,
CUST08054,58,Female,Monthly,92.82,2061.82,17,Direct Debit,1,No,,,,,,,,,,,,
CUST08055,33,Male,Monthly,67.52,945.72,10,Bank Transfer,2,Yes,,,,,,,,,,,,
CUST08056,51,Female,One Year,86.58,1715.73,26,Credit Card,2,Yes,,,,,,,,,,,,
CUST08057,49,Male,One Year,43.05,539.88,6,Bank Transfer,4,Yes,,,,,,,,,,,,
CUST08058,43,Male,Two Year,64.29,660.46,16,Direct Debit,2,No,,,,,,,,,,,,
CUST08059,42,Female,Monthly,65.7,276.28,4,Bank Transfer,2,Yes,,,,,,,,,,,,
CUST08060,19,Female,Monthly,60.42,4180.77,62,Debit Card,2,No,,,,,,,,,,,,
CUST08061,29,Male,One Year,82.67,3805.75,64,Credit Card,0,No,,,,,,,,,,,,
CUST08062,57,Female,One Year,82.12,4667.1,56,Direct Debit,2,No,,,,,,,,,,,,
CUST08063,26,Male,Two Year,84.87,1960.55,23,Bank Transfer,3,No,,,,,,,,,,,,
CUST08064,29,Male,Monthly,52.38,2933.94,33,Debit Card,2,No,,,,,,,,,,,,
CUST08065,43,Male,One Year,82.64,1747.18,31,Credit Card,0,No,,,,,,,,,,,,
CUST08066,26,Male,Monthly,93.37,551.54,7,Direct Debit,4,No,,,,,,,,,,,,
CUST08067,27,Female,Monthly,84.72,467.18,5,Unknown,3,No,,,,,,,,,,,,
CUST08068,49,Female,Monthly,38.24,2929.74,37,Credit Card,3,Yes,,,,,,,,,,,,
CUST08069,74,Female,One Year,45.94,35.68,1,Credit Card,2,No,,,,,,,,,,,,
CUST08070,51,Female,One Year,82.17,3012.22,70,Direct Debit,2,No,,,,,,,,,,,,
CUST08071,65,Male,Monthly,92.87,3555.37,45,Direct Debit,0,No,,,,,,,,,,,,
CUST08072,37,Male,Monthly,50.98,4502.01,47,Credit Card,3,No,,,,,,,,,,,,
CUST08073,56,Female,Monthly,71.5,3666.95,68,Bank Transfer,2,No,,,,,,,,,,,,
CUST08074,77,Female,Monthly,69.58,2123.03,30,Debit Card,0,No,,,,,,,,,,,,
CUST08075,19,Female,Monthly,48.51,4211.67,60,Direct Debit,1,No,,,,,,,,,,,,
CUST08076,18,Male,Monthly,71.81,1109.54,24,Credit Card,1,Yes,,,,,,,,,,,,
CUST08077,68,Male,One Year,79.48,2329.79,31,Debit Card,0,No,,,,,,,,,,,,
CUST08078,77,Male,Monthly,73.81,2363.72,28,Credit Card,0,No,,,,,,,,,,,,
CUST08079,53,Male,Monthly,80.75,3313.8,45,Credit Card,2,Yes,,,,,,,,,,,,
CUST08080,41,Male,Two Year,70.5,305.47,4,Credit Card,4,Yes,,,,,,,,,,,,
CUST08081,71,Female,Monthly,79.11,3959.97,61,Credit Card,1,No,,,,,,,,,,,,
CUST08082,44,Male,One Year,77.29,3103.26,39,Credit Card,2,No,,,,,,,,,,,,
CUST08083,19,Female,Monthly,74.38,1854.26,24,Direct Debit,5,No,,,,,,,,,,,,
CUST08084,48,Female,Two Year,62.1,5640.77,71,Direct Debit,1,No,,,,,,,,,,,,
CUST08085,74,Male,Monthly,75.03,2644.75,46,Credit Card,3,No,,,,,,,,,,,,
CUST08086,31,Female,One Year,91.98,3753.23,53,Bank Transfer,1,No,,,,,,,,,,,,
CUST08087,19,Male,Monthly,79.81,4201.48,48,Direct Debit,2,No,,,,,,,,,,,,
CUST08088,46,Female,Two Year,93.95,723.71,9,Credit Card,3,No,,,,,,,,,,,,
CUST08089,32,Female,Monthly,73.06,1995.71,22,Credit Card,2,No,,,,,,,,,,,,
CUST08090,29,Female,Monthly,102.5,139.24,2,Bank Transfer,2,No,,,,,,,,,,,,
CUST08091,54,Female,Monthly,55.32,1643.78,16,Debit Card,0,No,,,,,,,,,,,,
CUST08092,45,Male,Two Year,59.6,256.27,5,Bank Transfer,1,No,,,,,,,,,,,,
CUST08093,37,Female,One Year,106.75,769.58,12,Bank Transfer,1,No,,,,,,,,,,,,
CUST08094,78,Female,Monthly,79.89,5871.64,52,Credit Card,3,No,,,,,,,,,,,,
CUST08095,56,Female,Monthly,88.07,2001.35,26,Bank Transfer,1,Yes,,,,,,,,,,,,
CUST08096,41,Female,Monthly,35.39,1286.42,15,Credit Card,0,No,,,,,,,,,,,,
CUST08097,38,Female,Monthly,76.4,2274.73,67,Debit Card,2,No,,,,,,,,,,,,
CUST08098,27,Female,Monthly,67.49,4816.57,59,Direct Debit,0,No,,,,,,,,,,,,
CUST08099,63,Male,Two Year,75.9,2696.63,39,Direct Debit,1,No,,,,,,,,,,,,
CUST08100,31,Male,One Year,72.58,4797.9,63,Debit Card,1,No,,,,,,,,,,,,
CUST08101,54,Female,Two Year,62.78,1817,25,Credit Card,1,No,,,,,,,,,,,,
CUST08102,35,Female,Monthly,113.81,2436.39,41,Direct Debit,0,No,,,,,,,,,,,,
CUST08103,41,Female,One Year,53.6,3422.57,28,Direct Debit,1,No,,,,,,,,,,,,
CUST08104,31,Male,Monthly,65.6,1200.27,21,Direct Debit,1,No,,,,,,,,,,,,
CUST08105,51,Male,Monthly,90.29,4291.27,61,Debit Card,2,No,,,,,,,,,,,,
CUST08106,75,Female,Monthly,49.1,4974.37,57,Credit Card,6,No,,,,,,,,,,,,
CUST08107,29,Female,Monthly,59.76,538.08,11,Direct Debit,2,No,,,,,,,,,,,,
CUST08108,39,Female,Two Year,87.12,1138.88,19,Debit Card,1,No,,,,,,,,,,,,
CUST08109,73,Male,Monthly,54.83,86.98,1,Credit Card,4,Yes,,,,,,,,,,,,
CUST08110,23,Male,One Year,52.06,1619.58,32,Debit Card,2,No,,,,,,,,,,,,
CUST08111,53,Male,One Year,79.8,1864.39,34,Credit Card,0,No,,,,,,,,,,,,
CUST08112,62,Male,Monthly,73.95,1410.11,17,Debit Card,1,No,,,,,,,,,,,,
CUST08113,53,Female,Monthly,57.58,4050.85,55,Debit Card,1,No,,,,,,,,,,,,
CUST08114,39,Male,Monthly,72.5,1053.31,19,Direct Debit,2,No,,,,,,,,,,,,
CUST08115,31,Male,Monthly,66.7,3110.76,42,Bank Transfer,1,No,,,,,,,,,,,,
CUST08116,80,Male,One Year,80.45,3707.55,59,Debit Card,1,No,,,,,,,,,,,,
CUST08117,33,Male,Two Year,52.69,3300.34,38,Bank Transfer,1,No,,,,,,,,,,,,
CUST08118,78,Female,Monthly,45.02,1535.48,31,Bank Transfer,1,No,,,,,,,,,,,,
CUST08119,53,Male,Two Year,66.8,2761.4,66,Direct Debit,2,No,,,,,,,,,,,,
CUST08120,73,Male,Monthly,64.74,4692.1,69,Credit Card,1,No,,,,,,,,,,,,
CUST08121,42,Female,Monthly,89.45,3218.05,50,Bank Transfer,0,No,,,,,,,,,,,,
CUST08122,49,Male,Monthly,73.55,2777.53,30,Debit Card,3,Yes,,,,,,,,,,,,
CUST08123,50,Female,Monthly,84.2,2421.02,35,Bank Transfer,3,Yes,,,,,,,,,,,,
CUST08124,62,Male,Monthly,99.28,4859.5,59,Bank Transfer,1,No,,,,,,,,,,,,
CUST08125,53,Female,Monthly,53.61,1688.04,17,Credit Card,3,No,,,,,,,,,,,,
CUST08126,37,Male,Monthly,98.59,3508.25,66,Bank Transfer,1,No,,,,,,,,,,,,
CUST08127,35,Male,Monthly,71.18,2097.9,21,Direct Debit,1,No,,,,,,,,,,,,
CUST08128,55,Female,Monthly,22.82,3465.51,52,Credit Card,1,No,,,,,,,,,,,,
CUST08129,20,Male,Monthly,74.58,1484.18,65,Credit Card,0,No,,,,,,,,,,,,
CUST08130,40,Female,Monthly,37.62,1053.27,14,Credit Card,0,No,,,,,,,,,,,,
CUST08131,49,Male,One Year,39.54,638.62,16,Bank Transfer,2,No,,,,,,,,,,,,
CUST08132,62,Female,One Year,51.74,2199.43,55,Debit Card,2,No,,,,,,,,,,,,
CUST08133,76,Female,Monthly,68.02,469.18,9,Direct Debit,0,Yes,,,,,,,,,,,,
CUST08134,33,Male,Monthly,41.63,571.33,8,Debit Card,5,Yes,,,,,,,,,,,,
CUST08135,76,Male,One Year,94.26,1316.91,34,Debit Card,1,No,,,,,,,,,,,,
CUST08136,22,Female,Monthly,86.24,3184.22,33,Bank Transfer,1,No,,,,,,,,,,,,
CUST08137,21,Female,One Year,120,633.8,7,Debit Card,1,No,,,,,,,,,,,,
CUST08138,38,Male,Monthly,69.06,2356.54,21,Bank Transfer,1,No,,,,,,,,,,,,
CUST08139,57,Male,Monthly,61.59,362.51,5,Debit Card,3,No,,,,,,,,,,,,
CUST08140,68,Male,Monthly,73.69,4573.8,71,Credit Card,1,No,,,,,,,,,,,,
CUST08141,31,Male,Monthly,82.92,813.67,12,Direct Debit,2,No,,,,,,,,,,,,
CUST08142,56,Female,One Year,96.07,4693.58,59,Credit Card,1,No,,,,,,,,,,,,
CUST08143,48,Female,Monthly,48.25,5261.15,58,Debit Card,1,No,,,,,,,,,,,,
CUST08144,31,Female,Two Year,89.1,1788.49,37,Credit Card,2,No,,,,,,,,,,,,
CUST08145,23,Male,Monthly,80.28,4275.09,45,Direct Debit,0,No,,,,,,,,,,,,
CUST08146,29,Male,Two Year,120,2039.98,25,Debit Card,2,No,,,,,,,,,,,,
CUST08147,33,Female,Monthly,97.79,3292.77,27,Credit Card,5,No,,,,,,,,,,,,
CUST08148,34,Male,Monthly,103.42,4686.34,51,Credit Card,2,No,,,,,,,,,,,,
CUST08149,62,Male,One Year,109.6,4459.27,42,Credit Card,2,No,,,,,,,,,,,,
CUST08150,40,Male,Monthly,51.15,8265.08,71,Direct Debit,2,No,,,,,,,,,,,,
CUST08151,31,Female,One Year,56.45,2124.01,42,Direct Debit,1,No,,,,,,,,,,,,
CUST08152,78,Male,Monthly,83.97,3485.5,60,Direct Debit,1,No,,,,,,,,,,,,
CUST08153,24,Male,One Year,63.8,5847.47,72,Credit Card,2,No,,,,,,,,,,,,
CUST08154,63,Female,Monthly,80.91,3563.57,58,Credit Card,0,No,,,,,,,,,,,,
CUST08155,49,Female,One Year,62.96,5532,72,Debit Card,3,No,,,,,,,,,,,,
CUST08156,32,Male,One Year,74.1,1327.83,22,Credit Card,1,No,,,,,,,,,,,,
CUST08157,61,Female,One Year,76.18,4189.67,58,Direct Debit,1,No,,,,,,,,,,,,
CUST08158,34,Male,Monthly,76.2,846.93,11,Direct Debit,7,No,,,,,,,,,,,,
CUST08159,58,Male,Two Year,38.73,477.73,6,Credit Card,1,No,,,,,,,,,,,,
CUST08160,71,Female,Two Year,36.33,823.37,22,Debit Card,0,No,,,,,,,,,,,,
CUST08161,64,Male,Two Year,63.96,412.81,12,Debit Card,1,No,,,,,,,,,,,,
CUST08162,61,Male,One Year,72.69,1713.04,27,Direct Debit,1,No,,,,,,,,,,,,
CUST08163,51,Female,Monthly,102.41,76.06,1,Bank Transfer,3,No,,,,,,,,,,,,
CUST08164,22,Female,Monthly,70.5,6438.19,64,Direct Debit,3,No,,,,,,,,,,,,
CUST08165,62,Female,Two Year,65.83,2931.31,39,Bank Transfer,6,No,,,,,,,,,,,,
CUST08166,44,Male,Two Year,66.2,3790.49,60,Direct Debit,3,No,,,,,,,,,,,,
CUST08167,69,Male,Monthly,80.17,4825.52,70,Credit Card,4,No,,,,,,,,,,,,
CUST08168,40,Male,Monthly,57.02,4306.85,54,Direct Debit,3,No,,,,,,,,,,,,
CUST08169,57,Male,Two Year,47.89,1335.89,25,Bank Transfer,2,No,,,,,,,,,,,,
CUST08170,76,Male,Monthly,90.71,924.25,20,Bank Transfer,1,No,,,,,,,,,,,,
CUST08171,31,Female,Monthly,50.45,3452.73,36,Debit Card,4,Yes,,,,,,,,,,,,
CUST08172,32,Male,Two Year,53.26,1068.62,23,Credit Card,0,No,,,,,,,,,,,,
CUST08173,60,Male,Two Year,32.85,55.44,1,Credit Card,1,No,,,,,,,,,,,,
CUST08174,50,Female,Two Year,78.88,931.14,27,Credit Card,1,No,,,,,,,,,,,,
CUST08175,70,Male,Monthly,104.36,3852.27,52,Direct Debit,1,No,,,,,,,,,,,,
CUST08176,48,Female,Monthly,31.17,224.15,2,Direct Debit,4,Yes,,,,,,,,,,,,
CUST08177,52,Male,One Year,37.31,693.56,21,Direct Debit,0,No,,,,,,,,,,,,
CUST08178,34,Female,Monthly,78.1,318.52,9,Direct Debit,4,Yes,,,,,,,,,,,,
CUST08179,45,Female,Monthly,65.87,3593.72,48,Debit Card,0,No,,,,,,,,,,,,
CUST08180,36,Female,Two Year,52.43,2699.83,39,Credit Card,1,No,,,,,,,,,,,,
CUST08181,63,Male,Two Year,60.24,2218.4,42,Credit Card,0,No,,,,,,,,,,,,
CUST08182,71,Female,Monthly,77.54,4566.21,71,Direct Debit,3,No,,,,,,,,,,,,
CUST08183,79,Male,Monthly,67.4125,3756.8,45,Credit Card,2,No,,,,,,,,,,,,
CUST08184,40,Male,Monthly,44.1,61.97,2,Bank Transfer,0,No,,,,,,,,,,,,
CUST08185,49,Male,Monthly,50.41,2764.17,67,Bank Transfer,2,No,,,,,,,,,,,,
CUST08186,57,Male,Monthly,61.44,2238.21,43,Bank Transfer,0,No,,,,,,,,,,,,
CUST08187,30,Male,Monthly,64.28,1180.79,18,Direct Debit,1,No,,,,,,,,,,,,
CUST08188,76,Male,Monthly,20,2372.5,39,Credit Card,3,No,,,,,,,,,,,,
CUST08189,37,Male,Two Year,44.34,129.32,6,Direct Debit,0,No,,,,,,,,,,,,
CUST08190,52,Female,Monthly,75.38,1771.66,42,Bank Transfer,2,No,,,,,,,,,,,,
CUST08191,22,Male,One Year,74.2,3660.29,52,Direct Debit,0,No,,,,,,,,,,,,
CUST08192,26,Female,One Year,82.35,2002.02,27,Direct Debit,3,No,,,,,,,,,,,,
CUST08193,46,Female,One Year,70.38,1295.64,15,Credit Card,2,No,,,,,,,,,,,,
CUST08194,23,Male,Two Year,64.65,1306.06,19,Debit Card,1,No,,,,,,,,,,,,
CUST08195,49,Female,One Year,41.38,3900.45,62,Direct Debit,3,No,,,,,,,,,,,,
CUST08196,42,Female,Two Year,50.42,2519.98,64,Credit Card,0,No,,,,,,,,,,,,
CUST08197,48,Male,Monthly,47.73,2771.41,51,Debit Card,1,Yes,,,,,,,,,,,,
CUST08198,39,Male,One Year,85.16,2186.55,47,Bank Transfer,1,No,,,,,,,,,,,,
CUST08199,19,Female,Monthly,72.42,4983.41,57,Bank Transfer,4,No,,,,,,,,,,,,
CUST08200,62,Female,Two Year,49.53,1363.21,20,Bank Transfer,3,No,,,,,,,,,,,,
CUST08201,22,Female,Monthly,79.17,982.64,20,Direct Debit,2,No,,,,,,,,,,,,
CUST08202,77,Male,Monthly,77.5,5306.71,64,Direct Debit,1,No,,,,,,,,,,,,
CUST08203,44,Female,One Year,80.1,3166.63,38,Direct Debit,3,No,,,,,,,,,,,,
CUST08204,42,Male,Monthly,81.9,2886.66,38,Direct Debit,1,No,,,,,,,,,,,,
CUST08205,25,Male,One Year,63.35,4978.24,65,Debit Card,3,No,,,,,,,,,,,,
CUST08206,72,Male,Two Year,54.38,341.46,5,Credit Card,2,No,,,,,,,,,,,,
CUST08207,18,Male,Two Year,71.07,3510.49,64,Debit Card,1,No,,,,,,,,,,,,
CUST08208,37,Female,Monthly,91.1,1871.43,27,Direct Debit,0,No,,,,,,,,,,,,
CUST08209,61,Female,Monthly,79.92,1956.18,20,Credit Card,1,No,,,,,,,,,,,,
CUST08210,40,Female,One Year,67.09,4710.95,60,Bank Transfer,0,No,,,,,,,,,,,,
CUST08211,49,Male,One Year,87.11,2568.53,40,Debit Card,2,No,,,,,,,,,,,,
CUST08212,28,Female,One Year,102.69,548.04,6,Direct Debit,4,No,,,,,,,,,,,,
CUST08213,56,Female,One Year,117.13,3586.8,36,Direct Debit,2,No,,,,,,,,,,,,
CUST08214,64,Male,One Year,67.4125,7396.59,65,Direct Debit,3,No,,,,,,,,,,,,
CUST08215,71,Female,Monthly,120,1308.38,11,Credit Card,4,Yes,,,,,,,,,,,,
CUST08216,41,Female,One Year,96.13,6061.54,49,Credit Card,6,Yes,,,,,,,,,,,,
CUST08217,28,Female,Monthly,20,2838.82,28,Credit Card,3,Yes,,,,,,,,,,,,
CUST08218,46,Male,Monthly,70.54,420.72,22,Debit Card,0,No,,,,,,,,,,,,
CUST08219,71,Female,One Year,40.54,3242.44,47,Credit Card,2,No,,,,,,,,,,,,
CUST08220,43,Female,Monthly,97.93,2674,66,Debit Card,0,No,,,,,,,,,,,,
CUST08221,33,Male,One Year,64.09,2262.42,25,Credit Card,2,No,,,,,,,,,,,,
CUST08222,52,Female,Monthly,78.54,4429.45,67,Direct Debit,0,No,,,,,,,,,,,,
CUST08223,37,Male,Monthly,67.98,2539.81,32,Direct Debit,6,No,,,,,,,,,,,,
CUST08224,63,Female,Monthly,99.72,1087.9,17,Debit Card,1,No,,,,,,,,,,,,
CUST08225,20,Female,One Year,44.94,3752.87,40,Direct Debit,2,Yes,,,,,,,,,,,,
CUST08226,18,Female,Monthly,80.89,1433.45,30,Credit Card,2,No,,,,,,,,,,,,
CUST08227,80,Female,One Year,45.64,4912.49,59,Credit Card,2,No,,,,,,,,,,,,
CUST08228,75,Male,One Year,28.53,1255.03,28,Credit Card,0,No,,,,,,,,,,,,
CUST08229,70,Male,Monthly,65.7,1306.17,47,Direct Debit,2,No,,,,,,,,,,,,
CUST08230,64,Female,Two Year,35.16,1466.82,23,Debit Card,0,No,,,,,,,,,,,,
CUST08231,18,Male,Two Year,30.55,2053.71,57,Direct Debit,1,No,,,,,,,,,,,,
CUST08232,34,Male,Two Year,32.3,28.98,1,Credit Card,1,No,,,,,,,,,,,,
CUST08233,19,Male,One Year,62.27,1009.75,29,Direct Debit,0,No,,,,,,,,,,,,
CUST08234,46,Male,Monthly,88.26,3206.68,50,Debit Card,1,No,,,,,,,,,,,,
CUST08235,37,Female,Monthly,34.67,5311.64,64,Direct Debit,1,No,,,,,,,,,,,,
CUST08236,23,Female,One Year,90.63,1208.5,37,Direct Debit,0,No,,,,,,,,,,,,
CUST08237,25,Male,Monthly,54.29,5659.6,61,Direct Debit,3,No,,,,,,,,,,,,
CUST08238,46,Male,One Year,49.71,372.93,7,Direct Debit,2,No,,,,,,,,,,,,
CUST08239,65,Male,Monthly,95.43,3262.86,64,Credit Card,3,No,,,,,,,,,,,,
CUST08240,68,Male,Monthly,84.53,1778.9,18,Bank Transfer,3,No,,,,,,,,,,,,
CUST08241,50,Male,One Year,85.02,2466.24,29,Direct Debit,3,No,,,,,,,,,,,,
CUST08242,20,Male,Monthly,76.23,4902.5,60,Debit Card,2,Yes,,,,,,,,,,,,
CUST08243,77,Female,Monthly,39.9,4150.12,54,Direct Debit,2,No,,,,,,,,,,,,
CUST08244,52,Female,Two Year,93.69,2836.89,72,Credit Card,0,No,,,,,,,,,,,,
CUST08245,22,Male,Monthly,70.53,2090.37,21,Credit Card,0,No,,,,,,,,,,,,
CUST08246,44,Female,Monthly,73.51,1538.06,21,Bank Transfer,3,No,,,,,,,,,,,,
CUST08247,61,Female,Monthly,77.06,4344.75,58,Debit Card,0,No,,,,,,,,,,,,
CUST08248,29,Male,Monthly,89.43,3497.86,49,Credit Card,0,No,,,,,,,,,,,,
CUST08249,37,Male,Monthly,33.29,3471.97,36,Debit Card,1,No,,,,,,,,,,,,
CUST08250,62,Female,One Year,59.75,571.93,17,Bank Transfer,3,No,,,,,,,,,,,,
CUST08251,37,Male,Two Year,50.97,3044.63,53,Direct Debit,0,No,,,,,,,,,,,,
CUST08252,26,Female,Two Year,100.23,775.75,15,Credit Card,1,Yes,,,,,,,,,,,,
CUST08253,56,Female,Monthly,98.49,4213.12,40,Direct Debit,3,No,,,,,,,,,,,,
CUST08254,21,Male,One Year,72.01,5053.98,51,Credit Card,1,No,,,,,,,,,,,,
CUST08255,68,Female,One Year,45.03,4888.01,65,Direct Debit,8,No,,,,,,,,,,,,
CUST08256,71,Female,Monthly,57.74,577.24,13,Debit Card,2,No,,,,,,,,,,,,
CUST08257,36,Male,Monthly,20,2225.7,38,Debit Card,0,No,,,,,,,,,,,,
CUST08258,55,Male,One Year,85.26,513.53,26,Bank Transfer,0,No,,,,,,,,,,,,
CUST08259,44,Female,One Year,59.42,1284.59,15,Bank Transfer,1,Yes,,,,,,,,,,,,
CUST08260,62,Female,Monthly,94.98,281.29,5,Direct Debit,5,Yes,,,,,,,,,,,,
CUST08261,60,Female,Monthly,58.06,192.96,2,Direct Debit,2,Yes,,,,,,,,,,,,
CUST08262,30,Female,Monthly,65.3,4063.1,65,Credit Card,1,No,,,,,,,,,,,,
CUST08263,30,Male,Monthly,64.05,4084.01,60,Direct Debit,0,No,,,,,,,,,,,,
CUST08264,77,Male,Monthly,39.53,3483.53,56,Debit Card,4,No,,,,,,,,,,,,
CUST08265,74,Male,Monthly,32.14,1589.59,38,Unknown,2,No,,,,,,,,,,,,
CUST08266,39,Male,One Year,104.48,1947.97,57,Bank Transfer,1,No,,,,,,,,,,,,
CUST08267,45,Female,One Year,50.99,5052.94,51,Credit Card,3,No,,,,,,,,,,,,
CUST08268,69,Female,One Year,80.91,1941.12,41,Bank Transfer,2,No,,,,,,,,,,,,
CUST08269,64,Female,One Year,120,5729.38,70,Direct Debit,1,No,,,,,,,,,,,,
CUST08270,70,Female,Monthly,62.56,6215.92,52,Credit Card,4,Yes,,,,,,,,,,,,
CUST08271,62,Male,Monthly,78.91,64.71,1,Debit Card,4,No,,,,,,,,,,,,
CUST08272,39,Male,Monthly,76.53,1373.35,18,Bank Transfer,3,Yes,,,,,,,,,,,,
CUST08273,60,Male,Monthly,67.23,2026.71,27,Credit Card,0,No,,,,,,,,,,,,
CUST08274,36,Female,Two Year,73.78,4657.67,72,Bank Transfer,0,No,,,,,,,,,,,,
CUST08275,25,Male,One Year,47.2,2995.7,42,Credit Card,3,No,,,,,,,,,,,,
CUST08276,69,Female,Monthly,40.08,260.96,6,Direct Debit,3,Yes,,,,,,,,,,,,
CUST08277,25,Female,Monthly,70.01,963.58,24,Direct Debit,2,No,,,,,,,,,,,,
CUST08278,59,Male,Monthly,97.9,3136.92,45,Direct Debit,0,No,,,,,,,,,,,,
CUST08279,43,Male,Monthly,89.39,6790.61,71,Debit Card,1,No,,,,,,,,,,,,
CUST08280,65,Female,Monthly,42.83,629.75,7,Credit Card,5,Yes,,,,,,,,,,,,
CUST08281,68,Male,Monthly,81.41,673.41,16,Debit Card,0,No,,,,,,,,,,,,
CUST08282,43,Female,Monthly,74.8,4670.83,58,Bank Transfer,1,No,,,,,,,,,,,,
CUST08283,40,Female,Monthly,68.52,3923.87,57,Direct Debit,0,No,,,,,,,,,,,,
CUST08284,60,Male,One Year,66.7,2678.14,42,Direct Debit,1,No,,,,,,,,,,,,
CUST08285,30,Male,One Year,67.16,881.61,14,Bank Transfer,2,No,,,,,,,,,,,,
CUST08286,45,Male,Two Year,68.45,3570.82,56,Direct Debit,1,No,,,,,,,,,,,,
CUST08287,26,Female,Monthly,48.65,815.12,12,Direct Debit,0,No,,,,,,,,,,,,
CUST08288,37,Male,Two Year,61.93,773.52,15,Direct Debit,3,Yes,,,,,,,,,,,,
CUST08289,73,Female,One Year,32.57,487.99,8,Bank Transfer,6,No,,,,,,,,,,,,
CUST08290,36,Female,Monthly,81.45,1927.5,58,Bank Transfer,1,No,,,,,,,,,,,,
CUST08291,65,Female,Monthly,80.52,3989.32,53,Debit Card,1,No,,,,,,,,,,,,
CUST08292,56,Male,Monthly,104.3,765.82,9,Direct Debit,3,Yes,,,,,,,,,,,,
CUST08293,68,Female,Monthly,67.4125,4500.82,46,Direct Debit,3,No,,,,,,,,,,,,
CUST08294,29,Female,Monthly,56.52,550.47,7,Credit Card,4,Yes,,,,,,,,,,,,
CUST08295,32,Female,Two Year,79.88,2612.91,44,Debit Card,1,No,,,,,,,,,,,,
CUST08296,48,Female,Monthly,64.98,1076.25,14,Direct Debit,3,No,,,,,,,,,,,,
CUST08297,72,Female,Monthly,55.88,374.78,6,Bank Transfer,0,Yes,,,,,,,,,,,,
CUST08298,31,Female,Monthly,21.34,1988.03,35,Bank Transfer,3,No,,,,,,,,,,,,
CUST08299,28,Male,Monthly,68.66,1590.18,70,Debit Card,1,No,,,,,,,,,,,,
CUST08300,43,Female,Two Year,71.67,3996.37,61,Bank Transfer,2,No,,,,,,,,,,,,
CUST08301,59,Male,Two Year,95.85,1753.33,24,Bank Transfer,0,No,,,,,,,,,,,,
CUST08302,44,Female,Monthly,98.05,194.77,2,Debit Card,9,No,,,,,,,,,,,,
CUST08303,28,Female,Monthly,72.44,5128.18,51,Direct Debit,4,No,,,,,,,,,,,,
CUST08304,55,Male,One Year,45.38,2406.17,31,Bank Transfer,1,No,,,,,,,,,,,,
CUST08305,51,Female,Monthly,41.72,1159.76,27,Direct Debit,0,No,,,,,,,,,,,,
CUST08306,60,Female,One Year,64.98,1325.26,31,Credit Card,3,No,,,,,,,,,,,,
CUST08307,36,Male,Two Year,81.85,4317.44,70,Direct Debit,1,No,,,,,,,,,,,,
CUST08308,23,Female,One Year,90.07,3414.98,43,Bank Transfer,1,No,,,,,,,,,,,,
CUST08309,63,Male,Monthly,53.52,4601.18,52,Debit Card,3,No,,,,,,,,,,,,
CUST08310,69,Female,Two Year,20,789.49,14,Credit Card,1,No,,,,,,,,,,,,
CUST08311,55,Female,Two Year,41.92,1095.74,59,Debit Card,0,No,,,,,,,,,,,,
CUST08312,66,Female,One Year,32.04,869.74,20,Debit Card,1,No,,,,,,,,,,,,
CUST08313,59,Female,Monthly,67.71,1776.07,52,Credit Card,2,No,,,,,,,,,,,,
CUST08314,45,Female,Two Year,54.39,2526.07,40,Bank Transfer,2,No,,,,,,,,,,,,
CUST08315,18,Male,Two Year,55.38,3870.56,68,Debit Card,0,No,,,,,,,,,,,,
CUST08316,52,Male,Two Year,80.15,2283.75,44,Direct Debit,2,No,,,,,,,,,,,,
CUST08317,57,Female,Monthly,56.8,516.51,6,Bank Transfer,6,Yes,,,,,,,,,,,,
CUST08318,25,Female,One Year,105.02,3400.96,57,Debit Card,0,No,,,,,,,,,,,,
CUST08319,76,Female,One Year,67.39,6281.19,58,Debit Card,4,Yes,,,,,,,,,,,,
CUST08320,69,Female,Monthly,36.71,4890.94,72,Direct Debit,1,No,,,,,,,,,,,,
CUST08321,71,Female,Monthly,20,1175.45,30,Direct Debit,0,No,,,,,,,,,,,,
CUST08322,64,Male,One Year,73.08,976.61,52,Debit Card,0,No,,,,,,,,,,,,
CUST08323,73,Female,Two Year,72.63,755.23,11,Bank Transfer,2,No,,,,,,,,,,,,
CUST08324,24,Male,Two Year,81.46,3589.75,47,Direct Debit,3,Yes,,,,,,,,,,,,
CUST08325,28,Male,Monthly,44.32,406.15,5,Direct Debit,4,No,,,,,,,,,,,,
CUST08326,56,Female,Monthly,53.95,140.3,3,Credit Card,3,Yes,,,,,,,,,,,,
CUST08327,78,Female,Monthly,93.31,795.09,15,Bank Transfer,1,Yes,,,,,,,,,,,,
CUST08328,21,Male,Two Year,66.16,185.18,2,Direct Debit,5,No,,,,,,,,,,,,
CUST08329,42,Female,Monthly,51.81,128.76,2,Credit Card,2,Yes,,,,,,,,,,,,
CUST08330,29,Female,One Year,92.6,3999.34,72,Direct Debit,1,No,,,,,,,,,,,,
CUST08331,43,Female,One Year,40.91,4972.36,54,Debit Card,2,No,,,,,,,,,,,,
CUST08332,55,Female,Two Year,62.58,1958.67,46,Debit Card,0,No,,,,,,,,,,,,
CUST08333,63,Male,Monthly,88.95,2646.21,41,Credit Card,2,No,,,,,,,,,,,,
CUST08334,29,Female,One Year,88.26,5877.4,69,Debit Card,2,No,,,,,,,,,,,,
CUST08335,60,Female,Two Year,93.19,2823.18,30,Credit Card,3,No,,,,,,,,,,,,
CUST08336,68,Female,One Year,86.03,4129.67,44,Direct Debit,2,No,,,,,,,,,,,,
CUST08337,70,Female,Monthly,110.78,909.28,10,Debit Card,1,No,,,,,,,,,,,,
CUST08338,54,Male,Monthly,80.74,3500.04,30,Credit Card,2,No,,,,,,,,,,,,
CUST08339,63,Male,Two Year,77.87,3676.9,49,Credit Card,3,No,,,,,,,,,,,,
CUST08340,70,Female,Monthly,65.04,2777.68,35,Unknown,1,No,,,,,,,,,,,,
CUST08341,41,Female,One Year,58.33,4423.07,65,Bank Transfer,2,No,,,,,,,,,,,,
CUST08342,33,Female,One Year,37.65,1056.1,17,Direct Debit,3,No,,,,,,,,,,,,
CUST08343,74,Male,Two Year,24.97,1168.33,31,Direct Debit,0,No,,,,,,,,,,,,
CUST08344,30,Male,Monthly,83.92,1818.02,70,Bank Transfer,2,No,,,,,,,,,,,,
CUST08345,42,Male,One Year,69.65,4691.74,52,Debit Card,2,No,,,,,,,,,,,,
CUST08346,78,Female,Monthly,54.15,1905.89,26,Debit Card,2,No,,,,,,,,,,,,
CUST08347,71,Male,Monthly,111.93,286.1,5,Bank Transfer,6,Yes,,,,,,,,,,,,
CUST08348,71,Female,Monthly,86.38,1543.77,14,Bank Transfer,4,Yes,,,,,,,,,,,,
CUST08349,74,Male,Two Year,59.06,4117.58,51,Bank Transfer,2,No,,,,,,,,,,,,
CUST08350,69,Female,Two Year,82.69,951.96,15,Bank Transfer,3,No,,,,,,,,,,,,
CUST08351,71,Male,Monthly,68.26,1023.37,12,Credit Card,1,Yes,,,,,,,,,,,,
CUST08352,21,Male,Monthly,56.87,2974.75,46,Bank Transfer,4,No,,,,,,,,,,,,
CUST08353,28,Female,One Year,90.18,3915.62,64,Credit Card,2,No,,,,,,,,,,,,
CUST08354,49,Female,One Year,71.44,6717.13,72,Credit Card,0,No,,,,,,,,,,,,
CUST08355,66,Male,One Year,34.97,3938.71,59,Debit Card,2,No,,,,,,,,,,,,
CUST08356,24,Female,Two Year,69.16,861.33,26,Bank Transfer,1,No,,,,,,,,,,,,
CUST08357,63,Male,Two Year,84.19,2122.9,29,Credit Card,0,No,,,,,,,,,,,,
CUST08358,75,Male,Monthly,103.09,361.21,4,Credit Card,4,No,,,,,,,,,,,,
CUST08359,28,Male,Monthly,70.81,5043.02,50,Debit Card,2,No,,,,,,,,,,,,
CUST08360,45,Male,One Year,67.47,1745.68,25,Credit Card,3,No,,,,,,,,,,,,
CUST08361,71,Female,One Year,80.93,2653.66,40,Direct Debit,1,No,,,,,,,,,,,,
CUST08362,58,Male,Monthly,43.69,2728.72,32,Direct Debit,5,No,,,,,,,,,,,,
CUST08363,49,Female,One Year,120,1604.44,37,Direct Debit,1,No,,,,,,,,,,,,
CUST08364,62,Male,Monthly,100.04,1176.05,10,Bank Transfer,5,Yes,,,,,,,,,,,,
CUST08365,40,Female,Two Year,85.47,3875.65,38,Direct Debit,3,No,,,,,,,,,,,,
CUST08366,67,Male,One Year,76.34,5205.77,61,Direct Debit,2,No,,,,,,,,,,,,
CUST08367,45,Male,Monthly,43.2,2072.2,27,Debit Card,2,Yes,,,,,,,,,,,,
CUST08368,60,Male,Monthly,71.52,297.9,7,Bank Transfer,3,No,,,,,,,,,,,,
CUST08369,64,Female,Monthly,76.43,639.61,9,Bank Transfer,1,No,,,,,,,,,,,,
CUST08370,74,Female,One Year,44.39,4174.58,59,Bank Transfer,4,No,,,,,,,,,,,,
CUST08371,43,Female,One Year,53.94,1706.91,36,Direct Debit,3,No,,,,,,,,,,,,
CUST08372,42,Male,One Year,61.6,1496.66,30,Bank Transfer,1,No,,,,,,,,,,,,
CUST08373,71,Female,Monthly,57.55,1221.49,19,Direct Debit,2,No,,,,,,,,,,,,
CUST08374,46,Female,Monthly,103.26,2283.39,41,Credit Card,1,No,,,,,,,,,,,,
CUST08375,36,Male,Monthly,66.95,5326.96,55,Direct Debit,2,No,,,,,,,,,,,,
CUST08376,50,Male,Monthly,97.41,408.75,6,Credit Card,1,Yes,,,,,,,,,,,,
CUST08377,53,Female,Monthly,59.57,2213.98,22,Direct Debit,1,Yes,,,,,,,,,,,,
CUST08378,31,Female,Monthly,62.39,4256.77,70,Bank Transfer,2,No,,,,,,,,,,,,
CUST08379,31,Male,Monthly,66.28,1515.59,24,Debit Card,2,No,,,,,,,,,,,,
CUST08380,52,Female,One Year,65.23,4133.15,62,Debit Card,0,No,,,,,,,,,,,,
CUST08381,47,Female,Two Year,48.97,2757.66,42,Debit Card,2,No,,,,,,,,,,,,
CUST08382,45,Female,Monthly,71.56,1140.33,22,Direct Debit,4,No,,,,,,,,,,,,
CUST08383,34,Male,One Year,46.52,1069.88,16,Credit Card,1,No,,,,,,,,,,,,
CUST08384,20,Female,Monthly,106.42,571.61,13,Credit Card,0,No,,,,,,,,,,,,
CUST08385,33,Male,Monthly,51.24,4134.51,37,Credit Card,4,No,,,,,,,,,,,,
CUST08386,63,Male,Two Year,87.4,2580.51,52,Debit Card,2,No,,,,,,,,,,,,
CUST08387,47,Female,Monthly,59.98,2188.74,24,Debit Card,1,No,,,,,,,,,,,,
CUST08388,69,Male,Monthly,95.36,995.63,17,Bank Transfer,1,No,,,,,,,,,,,,
CUST08389,46,Male,Monthly,61.37,1629.61,16,Direct Debit,5,Yes,,,,,,,,,,,,
CUST08390,62,Male,Monthly,63.27,59.22,1,Direct Debit,1,Yes,,,,,,,,,,,,
CUST08391,32,Male,One Year,66.06,62.53,1,Direct Debit,2,No,,,,,,,,,,,,
CUST08392,63,Male,Monthly,65.49,1873.62,30,Bank Transfer,1,No,,,,,,,,,,,,
CUST08393,73,Male,Monthly,31.49,1613.68,24,Credit Card,3,Yes,,,,,,,,,,,,
CUST08394,42,Female,Two Year,56.61,1426.03,46,Debit Card,0,No,,,,,,,,,,,,
CUST08395,68,Male,Monthly,77.52,121.21,2,Credit Card,0,Yes,,,,,,,,,,,,
CUST08396,55,Female,Monthly,72.64,1072.71,15,Credit Card,0,Yes,,,,,,,,,,,,
CUST08397,59,Male,Two Year,48.8,2068.69,29,Debit Card,1,No,,,,,,,,,,,,
CUST08398,76,Male,Monthly,48.87,2794.99,62,Direct Debit,1,No,,,,,,,,,,,,
CUST08399,64,Female,Two Year,60.67,617.93,13,Direct Debit,0,No,,,,,,,,,,,,
CUST08400,70,Male,Two Year,72.93,3867.99,65,Direct Debit,0,No,,,,,,,,,,,,
CUST08401,71,Female,Monthly,78.87,3154.85,45,Credit Card,2,No,,,,,,,,,,,,
CUST08402,69,Female,Monthly,92.34,3561.89,47,Bank Transfer,0,No,,,,,,,,,,,,
CUST08403,75,Male,Monthly,68.23,1420.72,16,Direct Debit,2,No,,,,,,,,,,,,
CUST08404,55,Female,Two Year,49.65,197.03,3,Debit Card,0,No,,,,,,,,,,,,
CUST08405,40,Male,Monthly,78.75,3354.43,70,Debit Card,2,No,,,,,,,,,,,,
CUST08406,42,Female,One Year,81.33,415.88,5,Direct Debit,5,Yes,,,,,,,,,,,,
CUST08407,59,Female,Two Year,28.34,1958.63,26,Debit Card,0,Yes,,,,,,,,,,,,
CUST08408,24,Female,Two Year,70.1,458.35,15,Direct Debit,1,No,,,,,,,,,,,,
CUST08409,39,Male,Two Year,90.77,3720.73,55,Credit Card,2,No,,,,,,,,,,,,
CUST08410,34,Male,One Year,47.54,1846.11,22,Direct Debit,4,No,,,,,,,,,,,,
CUST08411,35,Male,Two Year,85,1667.56,37,Credit Card,3,No,,,,,,,,,,,,
CUST08412,66,Male,Monthly,51.65,2639.27,29,Debit Card,3,No,,,,,,,,,,,,
CUST08413,58,Female,One Year,58.16,1449.8,26,Debit Card,0,No,,,,,,,,,,,,
CUST08414,27,Female,One Year,51.48,3906.24,70,Bank Transfer,0,No,,,,,,,,,,,,
CUST08415,27,Male,Monthly,83.91,541.4,11,Debit Card,4,No,,,,,,,,,,,,
CUST08416,74,Female,Monthly,79.26,1768.44,20,Direct Debit,3,No,,,,,,,,,,,,
CUST08417,24,Female,One Year,79.39,5915.9,70,Direct Debit,4,No,,,,,,,,,,,,
CUST08418,65,Female,Monthly,83.54,2682.9,33,Debit Card,1,No,,,,,,,,,,,,
CUST08419,78,Male,Monthly,85.59,2680.96,30,Bank Transfer,0,No,,,,,,,,,,,,
CUST08420,67,Male,Monthly,88.71,4587.63,50,Debit Card,3,No,,,,,,,,,,,,
CUST08421,55,Female,Two Year,58.45,3141.46,34,Credit Card,1,Yes,,,,,,,,,,,,
CUST08422,44,Female,Monthly,20,285.18,5,Direct Debit,5,Yes,,,,,,,,,,,,
CUST08423,69,Female,Two Year,62.07,226.54,12,Credit Card,1,No,,,,,,,,,,,,
CUST08424,50,Female,Monthly,60.64,3236.77,52,Direct Debit,1,No,,,,,,,,,,,,
CUST08425,18,Male,Monthly,87.23,2988.53,51,Debit Card,1,No,,,,,,,,,,,,
CUST08426,61,Female,Monthly,21.19,1720.02,21,Bank Transfer,2,Yes,,,,,,,,,,,,
CUST08427,70,Male,One Year,72,1478.97,71,Direct Debit,2,No,,,,,,,,,,,,
CUST08428,77,Female,One Year,92.17,4162.48,58,Credit Card,2,No,,,,,,,,,,,,
CUST08429,51,Female,One Year,64.07,6051.77,64,Bank Transfer,2,No,,,,,,,,,,,,
CUST08430,21,Female,One Year,80.84,367.27,6,Credit Card,2,No,,,,,,,,,,,,
CUST08431,34,Female,Monthly,49.63,4194.71,49,Bank Transfer,1,No,,,,,,,,,,,,
CUST08432,21,Female,One Year,85.15,3393.52,72,Bank Transfer,1,No,,,,,,,,,,,,
CUST08433,60,Male,Monthly,69.51,3401.2,37,Credit Card,2,Yes,,,,,,,,,,,,
CUST08434,71,Male,Monthly,49.56,701.43,10,Bank Transfer,3,No,,,,,,,,,,,,
CUST08435,43,Female,Two Year,60.96,3086.13,66,Debit Card,0,No,,,,,,,,,,,,
CUST08436,21,Male,Two Year,85.44,3596.41,56,Bank Transfer,4,No,,,,,,,,,,,,
CUST08437,18,Male,Monthly,57.75,5827.21,71,Direct Debit,1,No,,,,,,,,,,,,
CUST08438,24,Male,Two Year,61.78,3621.42,66,Debit Card,3,No,,,,,,,,,,,,
CUST08439,47,Female,One Year,70.15,2617.65,45,Debit Card,0,No,,,,,,,,,,,,
CUST08440,67,Male,Monthly,74.47,4809.04,68,Debit Card,1,No,,,,,,,,,,,,
CUST08441,26,Female,Monthly,66.79,5055.34,64,Bank Transfer,3,No,,,,,,,,,,,,
CUST08442,78,Female,Two Year,69.25,1136.54,16,Debit Card,0,No,,,,,,,,,,,,
CUST08443,52,Female,One Year,44.61,724.15,10,Direct Debit,0,No,,,,,,,,,,,,
CUST08444,25,Male,Monthly,63.72,949.02,21,Debit Card,2,Yes,,,,,,,,,,,,
CUST08445,78,Female,One Year,90.06,768.3,12,Debit Card,1,No,,,,,,,,,,,,
CUST08446,41,Female,One Year,81.1,1147.13,13,Bank Transfer,4,No,,,,,,,,,,,,
CUST08447,36,Female,Monthly,89.52,751.84,10,Credit Card,5,No,,,,,,,,,,,,
CUST08448,53,Female,One Year,79.37,1226.43,13,Credit Card,3,No,,,,,,,,,,,,
CUST08449,67,Female,Monthly,70.56,2914.24,34,Credit Card,2,No,,,,,,,,,,,,
CUST08450,69,Male,One Year,91.36,4443.36,59,Direct Debit,0,No,,,,,,,,,,,,
CUST08451,76,Female,Two Year,52.91,4786.81,49,Credit Card,6,No,,,,,,,,,,,,
CUST08452,60,Male,Two Year,54.99,308.99,6,Credit Card,4,No,,,,,,,,,,,,
CUST08453,44,Male,One Year,95.92,617.57,12,Direct Debit,2,No,,,,,,,,,,,,
CUST08454,49,Female,Two Year,78.4,2947.06,29,Direct Debit,2,No,,,,,,,,,,,,
CUST08455,31,Male,Two Year,65.81,2124.44,26,Bank Transfer,2,No,,,,,,,,,,,,
CUST08456,74,Male,Monthly,47.82,4396.59,68,Direct Debit,1,No,,,,,,,,,,,,
CUST08457,35,Female,Two Year,49.37,805.96,16,Direct Debit,0,No,,,,,,,,,,,,
CUST08458,45,Female,Monthly,65.23,2465.36,53,Debit Card,2,No,,,,,,,,,,,,
CUST08459,77,Male,Monthly,83.5,1269.33,19,Debit Card,0,No,,,,,,,,,,,,
CUST08460,49,Female,One Year,25.94,4209.19,47,Bank Transfer,1,No,,,,,,,,,,,,
CUST08461,33,Male,Monthly,92.24,884.59,32,Bank Transfer,1,No,,,,,,,,,,,,
CUST08462,52,Male,Monthly,80.11,6726.28,70,Credit Card,2,No,,,,,,,,,,,,
CUST08463,64,Male,One Year,50.9,5398.27,70,Direct Debit,0,No,,,,,,,,,,,,
CUST08464,76,Male,Monthly,63.72,2907.46,61,Bank Transfer,0,No,,,,,,,,,,,,
CUST08465,76,Male,Two Year,60.04,309.67,5,Direct Debit,2,No,,,,,,,,,,,,
CUST08466,48,Male,Monthly,41.73,3608.87,59,Direct Debit,1,No,,,,,,,,,,,,
CUST08467,21,Female,Two Year,76.28,81.01,2,Debit Card,0,No,,,,,,,,,,,,
CUST08468,54,Female,Monthly,75.23,150.44,2,Direct Debit,3,Yes,,,,,,,,,,,,
CUST08469,34,Female,One Year,85.94,222.21,3,Direct Debit,4,Yes,,,,,,,,,,,,
CUST08470,56,Female,Monthly,30.26,5857.78,70,Debit Card,2,No,,,,,,,,,,,,
CUST08471,65,Male,One Year,62.04,1389.34,43,Direct Debit,0,No,,,,,,,,,,,,
CUST08472,63,Female,Monthly,82.33,301.26,5,Credit Card,4,No,,,,,,,,,,,,
CUST08473,43,Female,Monthly,90.42,4441.56,50,Bank Transfer,2,No,,,,,,,,,,,,
CUST08474,65,Male,Monthly,70.6,862.15,10,Credit Card,1,No,,,,,,,,,,,,
CUST08475,56,Male,One Year,83.29,2019.85,27,Direct Debit,3,No,,,,,,,,,,,,
CUST08476,58,Female,Two Year,72.72,2073.27,24,Direct Debit,1,No,,,,,,,,,,,,
CUST08477,21,Female,Monthly,75.66,1643.05,22,Credit Card,3,Yes,,,,,,,,,,,,
CUST08478,47,Female,One Year,48.39,225,3,Credit Card,1,Yes,,,,,,,,,,,,
CUST08479,47,Male,One Year,84.23,813.46,16,Debit Card,3,No,,,,,,,,,,,,
CUST08480,39,Male,Monthly,43.03,2523.75,30,Bank Transfer,1,No,,,,,,,,,,,,
CUST08481,28,Female,Monthly,48.22,1742.39,43,Debit Card,2,No,,,,,,,,,,,,
CUST08482,19,Female,Monthly,55.45,186.11,4,Direct Debit,3,Yes,,,,,,,,,,,,
CUST08483,61,Male,Monthly,102.75,2105.3,40,Direct Debit,3,No,,,,,,,,,,,,
CUST08484,29,Male,Monthly,62.95,1662.31,16,Bank Transfer,1,No,,,,,,,,,,,,
CUST08485,47,Female,Monthly,79.35,4645.1,72,Debit Card,1,No,,,,,,,,,,,,
CUST08486,53,Female,Monthly,75.73,1236.27,16,Direct Debit,1,No,,,,,,,,,,,,
CUST08487,35,Male,One Year,75.5,4629.93,66,Direct Debit,3,No,,,,,,,,,,,,
CUST08488,43,Male,One Year,46.01,4257.97,55,Credit Card,1,No,,,,,,,,,,,,
CUST08489,70,Female,One Year,74.11,855.71,20,Debit Card,0,No,,,,,,,,,,,,
CUST08490,80,Female,One Year,49.55,4061.22,51,Direct Debit,2,No,,,,,,,,,,,,
CUST08491,24,Male,Monthly,38.78,2999.36,57,Debit Card,0,No,,,,,,,,,,,,
CUST08492,78,Male,Monthly,102.63,2082.49,51,Direct Debit,1,No,,,,,,,,,,,,
CUST08493,18,Female,Monthly,61.79,1808.19,18,Direct Debit,1,Yes,,,,,,,,,,,,
CUST08494,80,Male,One Year,58.55,3788.51,59,Unknown,2,No,,,,,,,,,,,,
CUST08495,75,Female,Two Year,91.26,1520.28,28,Direct Debit,2,No,,,,,,,,,,,,
CUST08496,43,Female,Monthly,86.57,5883.49,69,Credit Card,1,No,,,,,,,,,,,,
CUST08497,40,Male,Monthly,53.46,2421.84,28,Credit Card,3,Yes,,,,,,,,,,,,
CUST08498,43,Female,One Year,69.05,704.63,13,Credit Card,1,No,,,,,,,,,,,,
CUST08499,62,Female,Two Year,80.7,432,6,Debit Card,2,Yes,,,,,,,,,,,,
CUST08500,23,Female,Monthly,44.24,2264.55,29,Credit Card,2,Yes,,,,,,,,,,,,
CUST08501,23,Male,Monthly,48.44,400.87,9,Debit Card,2,No,,,,,,,,,,,,
CUST08502,61,Female,Two Year,64.15,1306.44,29,Credit Card,1,No,,,,,,,,,,,,
CUST08503,25,Male,Monthly,67.13,2426.34,38,Debit Card,2,No,,,,,,,,,,,,
CUST08504,41,Female,One Year,88.7,4483.02,65,Direct Debit,0,No,,,,,,,,,,,,
CUST08505,39,Female,Two Year,48.76,5356.34,56,Bank Transfer,3,No,,,,,,,,,,,,
CUST08506,36,Male,Two Year,101.85,1525.52,30,Direct Debit,3,No,,,,,,,,,,,,
CUST08507,54,Female,Monthly,80.92,6485.54,59,Credit Card,2,No,,,,,,,,,,,,
CUST08508,35,Female,Monthly,39.94,4691.79,58,Debit Card,5,No,,,,,,,,,,,,
CUST08509,48,Male,Monthly,75.16,395.12,10,Credit Card,2,No,,,,,,,,,,,,
CUST08510,79,Male,One Year,96.45,1662.76,21,Debit Card,2,No,,,,,,,,,,,,
CUST08511,54,Female,One Year,59.19,5368.69,56,Bank Transfer,2,No,,,,,,,,,,,,
CUST08512,47,Male,Two Year,58.74,1602.01,26,Bank Transfer,1,No,,,,,,,,,,,,
CUST08513,74,Male,Monthly,56.36,950.81,15,Credit Card,1,No,,,,,,,,,,,,
CUST08514,59,Female,One Year,82.1,2043.49,35,Credit Card,6,No,,,,,,,,,,,,
CUST08515,50,Female,Monthly,43.52,1135.8,15,Debit Card,3,No,,,,,,,,,,,,
CUST08516,27,Female,Monthly,107.76,247.76,6,Direct Debit,3,No,,,,,,,,,,,,
CUST08517,54,Male,Monthly,67.4125,2909.27,28,Credit Card,2,No,,,,,,,,,,,,
CUST08518,29,Male,Monthly,82.36,6194.11,63,Bank Transfer,3,No,,,,,,,,,,,,
CUST08519,71,Male,One Year,49.18,2553.58,29,Credit Card,3,Yes,,,,,,,,,,,,
CUST08520,47,Female,Monthly,101.62,2417.18,48,Direct Debit,1,No,,,,,,,,,,,,
CUST08521,44,Female,Monthly,98.34,5980.07,63,Debit Card,3,No,,,,,,,,,,,,
CUST08522,56,Male,Monthly,100.62,5703.29,58,Credit Card,0,No,,,,,,,,,,,,
CUST08523,26,Male,Monthly,80.43,2234.41,21,Direct Debit,3,No,,,,,,,,,,,,
CUST08524,71,Female,Monthly,63.99,1730.44,22,Debit Card,0,No,,,,,,,,,,,,
CUST08525,38,Female,Two Year,68.71,1607.56,27,Direct Debit,1,No,,,,,,,,,,,,
CUST08526,29,Male,Two Year,84.12,4091.67,57,Bank Transfer,1,No,,,,,,,,,,,,
CUST08527,72,Female,Monthly,93.96,862.35,10,Bank Transfer,3,Yes,,,,,,,,,,,,
CUST08528,46,Male,One Year,46.29,2056.2,22,Direct Debit,0,No,,,,,,,,,,,,
CUST08529,50,Female,Monthly,78.65,2150.76,44,Debit Card,1,No,,,,,,,,,,,,
CUST08530,60,Female,Monthly,80.2,2325.42,28,Direct Debit,2,No,,,,,,,,,,,,
CUST08531,79,Female,One Year,95.44,4138.94,50,Credit Card,3,No,,,,,,,,,,,,
CUST08532,70,Male,Monthly,66.68,5211.91,51,Direct Debit,0,No,,,,,,,,,,,,
CUST08533,32,Male,Monthly,73.78,66.19,1,Bank Transfer,3,Yes,,,,,,,,,,,,
CUST08534,19,Female,Monthly,72.24,2600.4,34,Bank Transfer,2,Yes,,,,,,,,,,,,
CUST08535,69,Male,Monthly,79.94,2662.18,35,Debit Card,3,No,,,,,,,,,,,,
CUST08536,56,Female,Monthly,63.34,4982.13,61,Credit Card,1,No,,,,,,,,,,,,
CUST08537,70,Female,Monthly,87.23,1916.35,30,Bank Transfer,2,Yes,,,,,,,,,,,,
CUST08538,61,Female,Monthly,77.61,6151.82,68,Debit Card,2,No,,,,,,,,,,,,
CUST08539,71,Female,One Year,43.93,3032.13,40,Credit Card,0,No,,,,,,,,,,,,
CUST08540,35,Female,Monthly,48.77,2794.43,65,Credit Card,4,No,,,,,,,,,,,,
CUST08541,20,Female,Monthly,68.72,1942.1,37,Bank Transfer,2,No,,,,,,,,,,,,
CUST08542,24,Male,Monthly,120,4129.86,64,Credit Card,2,No,,,,,,,,,,,,
CUST08543,60,Male,Two Year,67.28,126.57,1,Direct Debit,5,Yes,,,,,,,,,,,,
CUST08544,35,Male,Monthly,44.74,1055.82,15,Credit Card,2,No,,,,,,,,,,,,
CUST08545,61,Male,Two Year,59.65,540.13,13,Credit Card,1,No,,,,,,,,,,,,
CUST08546,55,Female,Monthly,74.89,1786.17,29,Credit Card,1,No,,,,,,,,,,,,
CUST08547,54,Female,Two Year,106.78,3851.31,55,Credit Card,0,No,,,,,,,,,,,,
CUST08548,75,Female,Monthly,60.62,4582.53,45,Direct Debit,0,No,,,,,,,,,,,,
CUST08549,50,Female,Monthly,77.91,260.26,4,Debit Card,1,Yes,,,,,,,,,,,,
CUST08550,61,Female,Monthly,58.94,4876.26,64,Credit Card,1,No,,,,,,,,,,,,
CUST08551,76,Female,One Year,81,821.41,15,Direct Debit,1,No,,,,,,,,,,,,
CUST08552,48,Male,One Year,63.9,3901.19,48,Credit Card,1,No,,,,,,,,,,,,
CUST08553,75,Female,Monthly,87.81,3410.31,56,Credit Card,1,No,,,,,,,,,,,,
CUST08554,28,Male,Monthly,20,6074.25,70,Debit Card,1,No,,,,,,,,,,,,
CUST08555,21,Female,One Year,67.4125,280.88,15,Debit Card,0,Yes,,,,,,,,,,,,
CUST08556,76,Male,Two Year,58.15,2851.55,39,Direct Debit,2,No,,,,,,,,,,,,
CUST08557,35,Female,Two Year,76.76,4015.01,69,Direct Debit,2,No,,,,,,,,,,,,
CUST08558,21,Female,One Year,71.38,4484.66,60,Direct Debit,3,No,,,,,,,,,,,,
CUST08559,66,Female,Monthly,46.95,2967.49,44,Direct Debit,0,No,,,,,,,,,,,,
CUST08560,51,Female,Monthly,65.32,2044.81,43,Direct Debit,2,No,,,,,,,,,,,,
CUST08561,46,Female,Two Year,77.14,242.98,4,Direct Debit,0,No,,,,,,,,,,,,
CUST08562,41,Male,Two Year,66.03,4012.97,50,Credit Card,1,No,,,,,,,,,,,,
CUST08563,39,Male,Two Year,34.9,2390.31,39,Debit Card,2,No,,,,,,,,,,,,
CUST08564,19,Female,One Year,66.26,2026.43,54,Bank Transfer,0,No,,,,,,,,,,,,
CUST08565,61,Male,Two Year,73.11,1581.43,23,Debit Card,3,No,,,,,,,,,,,,
CUST08566,80,Male,Two Year,55.77,4665.39,60,Credit Card,3,No,,,,,,,,,,,,
CUST08567,23,Female,One Year,20,1933.2,35,Direct Debit,1,No,,,,,,,,,,,,
CUST08568,59,Male,One Year,60.13,1003.64,54,Credit Card,0,No,,,,,,,,,,,,
CUST08569,42,Male,Monthly,41.11,3336.57,58,Bank Transfer,0,No,,,,,,,,,,,,
CUST08570,72,Male,One Year,60.47,2740.94,62,Debit Card,0,No,,,,,,,,,,,,
CUST08571,74,Male,Two Year,44.62,2957.77,48,Bank Transfer,1,No,,,,,,,,,,,,
CUST08572,38,Female,Monthly,40.53,298.74,7,Debit Card,0,No,,,,,,,,,,,,
CUST08573,72,Female,One Year,87.03,1818.84,45,Debit Card,1,No,,,,,,,,,,,,
CUST08574,76,Female,Monthly,67.66,1098.34,13,Direct Debit,1,Yes,,,,,,,,,,,,
CUST08575,33,Male,One Year,75.01,3580.08,53,Direct Debit,6,No,,,,,,,,,,,,
CUST08576,48,Female,One Year,48.89,3082.95,39,Bank Transfer,1,No,,,,,,,,,,,,
CUST08577,31,Male,Two Year,55.95,840.95,18,Bank Transfer,2,No,,,,,,,,,,,,
CUST08578,56,Female,One Year,57.23,1211.03,22,Direct Debit,2,No,,,,,,,,,,,,
CUST08579,45,Female,Monthly,60.06,2042.51,36,Credit Card,1,No,,,,,,,,,,,,
CUST08580,49,Female,Monthly,55.79,3227.52,53,Credit Card,0,No,,,,,,,,,,,,
CUST08581,45,Female,One Year,51.26,3745.49,72,Debit Card,2,No,,,,,,,,,,,,
CUST08582,68,Male,Monthly,52.12,146.57,3,Debit Card,5,Yes,,,,,,,,,,,,
CUST08583,72,Male,One Year,74.95,3178.62,62,Direct Debit,0,No,,,,,,,,,,,,
CUST08584,66,Female,Monthly,40.05,2281.13,29,Bank Transfer,2,No,,,,,,,,,,,,
CUST08585,26,Male,Two Year,78.04,304.35,8,Bank Transfer,2,No,,,,,,,,,,,,
CUST08586,75,Male,Monthly,30.45,3808.98,46,Bank Transfer,1,No,,,,,,,,,,,,
CUST08587,62,Male,Two Year,70.77,1661.32,56,Direct Debit,0,No,,,,,,,,,,,,
CUST08588,39,Male,One Year,68.69,3331.15,49,Credit Card,3,No,,,,,,,,,,,,
CUST08589,49,Female,Monthly,70.29,2910.85,43,Bank Transfer,3,No,,,,,,,,,,,,
CUST08590,22,Female,One Year,67.21,708.94,10,Credit Card,1,No,,,,,,,,,,,,
CUST08591,40,Male,Two Year,43.4,906.44,13,Direct Debit,4,Yes,,,,,,,,,,,,
CUST08592,22,Male,One Year,71.83,2464.67,57,Direct Debit,4,No,,,,,,,,,,,,
CUST08593,59,Female,Monthly,39.66,150.97,2,Direct Debit,2,No,,,,,,,,,,,,
CUST08594,70,Female,Two Year,61.98,2709.37,65,Debit Card,0,No,,,,,,,,,,,,
CUST08595,49,Female,Monthly,90.32,2395.63,42,Credit Card,1,No,,,,,,,,,,,,
CUST08596,76,Female,Monthly,44.43,5482.96,58,Direct Debit,5,No,,,,,,,,,,,,
CUST08597,27,Female,One Year,70.42,440.23,10,Direct Debit,1,No,,,,,,,,,,,,
CUST08598,76,Female,Monthly,54.35,4768.01,63,Credit Card,2,No,,,,,,,,,,,,
CUST08599,56,Female,Monthly,72.61,4056.56,71,Credit Card,1,No,,,,,,,,,,,,
CUST08600,75,Male,One Year,82.81,4347.01,61,Debit Card,1,No,,,,,,,,,,,,
CUST08601,32,Female,One Year,59.59,84.59,1,Debit Card,1,Yes,,,,,,,,,,,,
CUST08602,24,Male,Monthly,69.37,1473.54,26,Direct Debit,1,No,,,,,,,,,,,,
CUST08603,46,Female,One Year,62.1,335.22,5,Credit Card,4,No,,,,,,,,,,,,
CUST08604,76,Male,One Year,46.44,2069.9,35,Direct Debit,1,No,,,,,,,,,,,,
CUST08605,64,Female,One Year,66.85,627.98,13,Debit Card,2,No,,,,,,,,,,,,
CUST08606,49,Male,Two Year,79.27,1662.93,27,Credit Card,0,No,,,,,,,,,,,,
CUST08607,36,Female,Monthly,44.36,937.13,12,Debit Card,4,No,,,,,,,,,,,,
CUST08608,27,Male,One Year,82.27,2337.8,50,Bank Transfer,1,No,,,,,,,,,,,,
CUST08609,45,Male,One Year,90.47,5016.31,59,Direct Debit,0,No,,,,,,,,,,,,
CUST08610,46,Male,One Year,51.52,2769.46,31,Bank Transfer,4,No,,,,,,,,,,,,
CUST08611,32,Male,Monthly,97.92,3630.55,69,Bank Transfer,3,No,,,,,,,,,,,,
CUST08612,52,Male,Monthly,68.98,3583.5,37,Credit Card,3,No,,,,,,,,,,,,
CUST08613,23,Male,Monthly,62.82,145.55,2,Credit Card,2,Yes,,,,,,,,,,,,
CUST08614,29,Female,One Year,104.21,4512.03,71,Credit Card,2,Yes,,,,,,,,,,,,
CUST08615,64,Male,Monthly,87.25,6917.38,65,Credit Card,1,No,,,,,,,,,,,,
CUST08616,55,Male,Monthly,51.78,282.21,3,Bank Transfer,5,No,,,,,,,,,,,,
CUST08617,49,Female,One Year,50.89,1080.36,20,Debit Card,2,No,,,,,,,,,,,,
CUST08618,46,Female,Two Year,76.07,98.29,2,Credit Card,3,No,,,,,,,,,,,,
CUST08619,36,Male,Monthly,66.06,3334.48,42,Debit Card,1,No,,,,,,,,,,,,
CUST08620,20,Female,Two Year,68.23,3035.32,43,Credit Card,3,No,,,,,,,,,,,,
CUST08621,25,Female,Monthly,54.93,1385.85,21,Direct Debit,2,Yes,,,,,,,,,,,,
CUST08622,25,Male,Monthly,55.41,2597.34,45,Debit Card,0,No,,,,,,,,,,,,
CUST08623,72,Male,One Year,71.02,1061.71,20,Debit Card,1,No,,,,,,,,,,,,
CUST08624,75,Female,Monthly,28.89,3021.63,43,Bank Transfer,1,No,,,,,,,,,,,,
CUST08625,37,Male,Two Year,80.9,1488.45,50,Debit Card,0,No,,,,,,,,,,,,
CUST08626,64,Female,Monthly,73.95,3335.95,43,Direct Debit,1,No,,,,,,,,,,,,
CUST08627,21,Male,Monthly,47.43,1686,24,Direct Debit,4,Yes,,,,,,,,,,,,
CUST08628,68,Female,One Year,74.35,2828.75,60,Debit Card,0,No,,,,,,,,,,,,
CUST08629,38,Female,One Year,25.47,2487.01,32,Debit Card,2,No,,,,,,,,,,,,
CUST08630,20,Male,Two Year,78.23,129.3,5,Bank Transfer,2,Yes,,,,,,,,,,,,
CUST08631,62,Female,Monthly,86.96,161.5,2,Bank Transfer,1,Yes,,,,,,,,,,,,
CUST08632,25,Female,Monthly,77.64,2329.43,26,Direct Debit,1,Yes,,,,,,,,,,,,
CUST08633,40,Female,Monthly,76.45,1954.82,25,Debit Card,2,Yes,,,,,,,,,,,,
CUST08634,33,Female,One Year,77.57,3709.73,50,Credit Card,0,No,,,,,,,,,,,,
CUST08635,30,Male,One Year,67.66,2987.34,39,Bank Transfer,2,No,,,,,,,,,,,,
CUST08636,20,Female,Two Year,64.94,730.04,11,Direct Debit,3,No,,,,,,,,,,,,
CUST08637,65,Male,One Year,53.66,3815.68,63,Direct Debit,0,No,,,,,,,,,,,,
CUST08638,26,Male,Two Year,85.52,3881.51,68,Direct Debit,0,No,,,,,,,,,,,,
CUST08639,77,Male,Two Year,81.44,1574.3,18,Credit Card,1,No,,,,,,,,,,,,
CUST08640,31,Male,Monthly,92.96,2410.64,28,Direct Debit,1,Yes,,,,,,,,,,,,
CUST08641,30,Male,Monthly,91.07,4076.77,42,Credit Card,2,Yes,,,,,,,,,,,,
CUST08642,70,Female,Monthly,48.02,5086.77,60,Debit Card,5,Yes,,,,,,,,,,,,
CUST08643,74,Female,Monthly,55.63,1008.49,22,Debit Card,1,No,,,,,,,,,,,,
CUST08644,24,Male,Monthly,32.51,2385.68,40,Direct Debit,0,No,,,,,,,,,,,,
CUST08645,32,Male,Monthly,37.8,2003.34,62,Credit Card,2,No,,,,,,,,,,,,
CUST08646,24,Female,Monthly,34.39,119.06,3,Direct Debit,6,Yes,,,,,,,,,,,,
CUST08647,55,Male,Monthly,25.12,2471.18,71,Credit Card,1,No,,,,,,,,,,,,
CUST08648,51,Male,Monthly,65.89,1664.49,63,Direct Debit,1,No,,,,,,,,,,,,
CUST08649,58,Female,Monthly,93.2,1367.27,20,Debit Card,4,No,,,,,,,,,,,,
CUST08650,39,Male,Monthly,76.9,6383.99,71,Direct Debit,1,Yes,,,,,,,,,,,,
CUST08651,41,Male,Monthly,84.96,5889.02,71,Bank Transfer,4,Yes,,,,,,,,,,,,
CUST08652,66,Female,Monthly,62.53,2205.61,26,Debit Card,0,Yes,,,,,,,,,,,,
CUST08653,54,Female,Two Year,73.68,2598.59,41,Credit Card,3,No,,,,,,,,,,,,
CUST08654,61,Male,Monthly,75.19,222.47,3,Bank Transfer,3,Yes,,,,,,,,,,,,
CUST08655,18,Female,Two Year,60.84,3432.43,43,Credit Card,2,No,,,,,,,,,,,,
CUST08656,27,Female,One Year,73.26,997.86,17,Credit Card,2,No,,,,,,,,,,,,
CUST08657,60,Male,Monthly,61.26,3610.5,53,Bank Transfer,1,Yes,,,,,,,,,,,,
CUST08658,33,Male,Monthly,46.54,3148.87,52,Direct Debit,3,Yes,,,,,,,,,,,,
CUST08659,63,Male,Monthly,66.43,1638.61,33,Credit Card,0,No,,,,,,,,,,,,
CUST08660,25,Male,Monthly,42.89,3947.1,60,Bank Transfer,3,Yes,,,,,,,,,,,,
CUST08661,73,Male,One Year,79.66,2812.72,68,Bank Transfer,0,No,,,,,,,,,,,,
CUST08662,66,Male,Two Year,70.63,4545.54,56,Direct Debit,1,No,,,,,,,,,,,,
CUST08663,42,Male,Two Year,95.9,4692.13,64,Direct Debit,0,No,,,,,,,,,,,,
CUST08664,67,Female,One Year,53.53,762.63,8,Debit Card,5,No,,,,,,,,,,,,
CUST08665,29,Female,Monthly,42.39,3622.67,69,Unknown,1,No,,,,,,,,,,,,
CUST08666,42,Female,Monthly,33.92,1368.54,33,Debit Card,1,No,,,,,,,,,,,,
CUST08667,34,Female,One Year,94.1,837.32,25,Credit Card,3,No,,,,,,,,,,,,
CUST08668,77,Female,Two Year,61.96,7047.41,71,Debit Card,2,No,,,,,,,,,,,,
CUST08669,43,Female,Monthly,31.91,432.51,7,Direct Debit,3,Yes,,,,,,,,,,,,
CUST08670,63,Male,Two Year,80.41,1826.77,59,Direct Debit,1,No,,,,,,,,,,,,
CUST08671,65,Male,Monthly,62.62,2518.65,33,Direct Debit,1,No,,,,,,,,,,,,
CUST08672,31,Female,Monthly,42.73,2478.12,41,Bank Transfer,1,No,,,,,,,,,,,,
CUST08673,58,Male,Two Year,91.14,1401.68,33,Debit Card,2,No,,,,,,,,,,,,
CUST08674,49,Male,Two Year,63.62,2663.28,29,Credit Card,1,No,,,,,,,,,,,,
CUST08675,74,Female,One Year,81.09,2529.41,39,Credit Card,1,No,,,,,,,,,,,,
CUST08676,40,Female,Monthly,79.41,4305.15,57,Bank Transfer,1,No,,,,,,,,,,,,
CUST08677,60,Female,Monthly,120,5174.27,64,Direct Debit,2,No,,,,,,,,,,,,
CUST08678,23,Male,Monthly,61.92,7732.45,66,Debit Card,3,No,,,,,,,,,,,,
CUST08679,64,Male,One Year,48.87,535.61,9,Bank Transfer,2,No,,,,,,,,,,,,
CUST08680,22,Female,Monthly,52.16,1378.92,29,Bank Transfer,0,No,,,,,,,,,,,,
CUST08681,60,Male,One Year,89.65,1526.95,28,Direct Debit,2,No,,,,,,,,,,,,
CUST08682,42,Male,Monthly,74.51,4982.02,53,Credit Card,6,No,,,,,,,,,,,,
CUST08683,35,Female,Monthly,57.29,3210.16,46,Bank Transfer,2,No,,,,,,,,,,,,
CUST08684,79,Female,One Year,67.11,2232.41,39,Debit Card,1,No,,,,,,,,,,,,
CUST08685,30,Female,Two Year,97.32,3910.75,58,Credit Card,5,Yes,,,,,,,,,,,,
CUST08686,60,Female,Monthly,97.49,4860.26,54,Debit Card,2,No,,,,,,,,,,,,
CUST08687,31,Male,One Year,77.38,605.26,6,Debit Card,3,No,,,,,,,,,,,,
CUST08688,45,Male,Monthly,87.2,3407.89,45,Bank Transfer,2,No,,,,,,,,,,,,
CUST08689,35,Male,One Year,34.1,3442.24,40,Bank Transfer,3,No,,,,,,,,,,,,
CUST08690,76,Female,Two Year,84.04,798.09,23,Direct Debit,0,No,,,,,,,,,,,,
CUST08691,77,Male,Monthly,68.14,3512.14,42,Direct Debit,2,No,,,,,,,,,,,,
CUST08692,80,Male,Monthly,48.48,2692.04,38,Debit Card,2,No,,,,,,,,,,,,
CUST08693,74,Female,Monthly,51.36,787.58,16,Direct Debit,0,No,,,,,,,,,,,,
CUST08694,45,Male,Monthly,49.82,2308.11,47,Direct Debit,0,No,,,,,,,,,,,,
CUST08695,68,Female,One Year,77.27,1108.24,21,Bank Transfer,1,No,,,,,,,,,,,,
CUST08696,73,Female,Monthly,47.81,1548.88,21,Credit Card,0,No,,,,,,,,,,,,
CUST08697,44,Male,Monthly,79.37,1236.09,25,Credit Card,2,No,,,,,,,,,,,,
CUST08698,49,Male,One Year,85.23,5067.93,61,Direct Debit,1,No,,,,,,,,,,,,
CUST08699,64,Male,One Year,66.67,4741.07,54,Debit Card,1,No,,,,,,,,,,,,
CUST08700,26,Male,Monthly,61.47,3950.15,60,Credit Card,2,No,,,,,,,,,,,,
CUST08701,57,Male,One Year,68.33,2737.86,42,Debit Card,2,No,,,,,,,,,,,,
CUST08702,49,Female,One Year,59.73,4053.22,61,Credit Card,2,No,,,,,,,,,,,,
CUST08703,37,Male,Monthly,94.22,1968.57,32,Direct Debit,1,No,,,,,,,,,,,,
CUST08704,45,Female,One Year,20,5295.41,53,Direct Debit,2,No,,,,,,,,,,,,
CUST08705,50,Male,Two Year,61.06,831.48,44,Debit Card,1,No,,,,,,,,,,,,
CUST08706,21,Male,Monthly,34.6,688.06,11,Credit Card,2,Yes,,,,,,,,,,,,
CUST08707,63,Male,One Year,73.97,1730.53,47,Debit Card,0,No,,,,,,,,,,,,
CUST08708,74,Female,Two Year,65.57,4156.34,60,Credit Card,4,No,,,,,,,,,,,,
CUST08709,51,Male,Two Year,81.07,2226.73,36,Debit Card,4,Yes,,,,,,,,,,,,
CUST08710,65,Female,One Year,66.95,4769.45,60,Direct Debit,2,No,,,,,,,,,,,,
CUST08711,20,Female,One Year,72.74,2384.09,33,Debit Card,2,No,,,,,,,,,,,,
CUST08712,43,Female,One Year,46.53,2920.14,42,Bank Transfer,2,No,,,,,,,,,,,,
CUST08713,25,Female,One Year,71.86,587.93,13,Credit Card,1,No,,,,,,,,,,,,
CUST08714,23,Male,Monthly,53.76,1059.98,14,Debit Card,2,No,,,,,,,,,,,,
CUST08715,33,Female,Monthly,82.04,2933.86,58,Credit Card,1,No,,,,,,,,,,,,
CUST08716,41,Female,Monthly,52.04,3542.14,40,Bank Transfer,2,No,,,,,,,,,,,,
CUST08717,65,Female,Monthly,60.24,3511.88,65,Debit Card,0,No,,,,,,,,,,,,
CUST08718,56,Male,Monthly,68.42,323.33,5,Direct Debit,3,No,,,,,,,,,,,,
CUST08719,47,Female,Monthly,92.49,1935.81,30,Debit Card,0,No,,,,,,,,,,,,
CUST08720,62,Male,Two Year,60.88,3983.87,45,Bank Transfer,3,No,,,,,,,,,,,,
CUST08721,30,Male,Two Year,104.28,3458.03,58,Direct Debit,1,No,,,,,,,,,,,,
CUST08722,22,Female,One Year,88.5,3774.76,39,Bank Transfer,4,No,,,,,,,,,,,,
CUST08723,42,Female,Two Year,54.53,987.35,12,Bank Transfer,1,No,,,,,,,,,,,,
CUST08724,37,Female,Two Year,70.37,1973.81,34,Credit Card,1,No,,,,,,,,,,,,
CUST08725,71,Female,Two Year,80.59,913.1,14,Direct Debit,3,No,,,,,,,,,,,,
CUST08726,35,Male,Monthly,20,3184.9,38,Bank Transfer,4,Yes,,,,,,,,,,,,
CUST08727,64,Male,Monthly,35.2,331.14,16,Credit Card,0,No,,,,,,,,,,,,
CUST08728,35,Female,Monthly,77.68,2000.44,61,Credit Card,1,No,,,,,,,,,,,,
CUST08729,19,Male,Monthly,74.34,4354.06,59,Bank Transfer,2,No,,,,,,,,,,,,
CUST08730,27,Female,One Year,74.38,4944.77,67,Credit Card,0,No,,,,,,,,,,,,
CUST08731,72,Male,Monthly,48.57,836.72,11,Direct Debit,1,Yes,,,,,,,,,,,,
CUST08732,62,Male,Monthly,119.34,568.11,11,Credit Card,0,No,,,,,,,,,,,,
CUST08733,67,Female,Monthly,82.29,1917.64,16,Debit Card,1,No,,,,,,,,,,,,
CUST08734,64,Male,Monthly,87.14,3345.34,38,Credit Card,2,No,,,,,,,,,,,,
CUST08735,80,Female,One Year,82.86,2484.64,30,Debit Card,3,No,,,,,,,,,,,,
CUST08736,29,Male,One Year,73.9,3464,41,Credit Card,1,Yes,,,,,,,,,,,,
CUST08737,64,Male,Monthly,65.95,77.98,1,Bank Transfer,1,Yes,,,,,,,,,,,,
CUST08738,30,Female,One Year,84.17,2399.17,38,Direct Debit,3,No,,,,,,,,,,,,
CUST08739,67,Male,One Year,55.49,5283.35,60,Direct Debit,1,No,,,,,,,,,,,,
CUST08740,64,Female,One Year,90.91,1037.49,19,Credit Card,3,No,,,,,,,,,,,,
CUST08741,74,Male,Monthly,74.87,5792.46,59,Debit Card,3,No,,,,,,,,,,,,
CUST08742,72,Male,Monthly,80.98,4758.44,68,Debit Card,1,No,,,,,,,,,,,,
CUST08743,28,Female,Monthly,68.12,816.7,10,Direct Debit,4,No,,,,,,,,,,,,
CUST08744,36,Female,One Year,52.61,1210.48,17,Direct Debit,0,No,,,,,,,,,,,,
CUST08745,52,Male,Monthly,67.19,3894.71,72,Credit Card,0,No,,,,,,,,,,,,
CUST08746,56,Female,Monthly,95.67,1950.25,29,Credit Card,1,No,,,,,,,,,,,,
CUST08747,70,Female,Monthly,77.78,575.22,6,Direct Debit,3,Yes,,,,,,,,,,,,
CUST08748,43,Male,One Year,88,5055.8,66,Credit Card,0,No,,,,,,,,,,,,
CUST08749,63,Male,One Year,88.1,5404.11,63,Direct Debit,2,No,,,,,,,,,,,,
CUST08750,31,Female,Monthly,54.91,2772.03,31,Direct Debit,0,No,,,,,,,,,,,,
CUST08751,71,Male,One Year,39.66,1427.3,25,Direct Debit,0,No,,,,,,,,,,,,
CUST08752,62,Male,Monthly,87.75,803.45,21,Credit Card,1,Yes,,,,,,,,,,,,
CUST08753,61,Female,Monthly,66.4,1504.33,16,Debit Card,2,No,,,,,,,,,,,,
CUST08754,41,Male,Monthly,84.46,259.86,4,Debit Card,4,Yes,,,,,,,,,,,,
CUST08755,58,Female,Monthly,87.66,3844.12,46,Direct Debit,2,No,,,,,,,,,,,,
CUST08756,18,Female,Two Year,59.07,691.31,8,Debit Card,1,No,,,,,,,,,,,,
CUST08757,68,Female,One Year,50.5,332.38,6,Debit Card,4,No,,,,,,,,,,,,
CUST08758,60,Female,One Year,50.92,2512.02,53,Credit Card,1,No,,,,,,,,,,,,
CUST08759,72,Male,Monthly,69.26,3412.84,64,Debit Card,3,No,,,,,,,,,,,,
CUST08760,39,Male,Monthly,41.51,3465.19,51,Direct Debit,0,No,,,,,,,,,,,,
CUST08761,40,Male,Monthly,73.45,2496.29,63,Direct Debit,0,No,,,,,,,,,,,,
CUST08762,73,Female,One Year,79.3,455.35,6,Direct Debit,2,No,,,,,,,,,,,,
CUST08763,71,Male,Monthly,77.44,5278.26,62,Direct Debit,1,No,,,,,,,,,,,,
CUST08764,36,Male,Monthly,30.7,2734.12,33,Credit Card,2,No,,,,,,,,,,,,
CUST08765,35,Female,One Year,84,63.59,2,Bank Transfer,2,No,,,,,,,,,,,,
CUST08766,29,Female,Two Year,73.9,3274.07,41,Debit Card,2,No,,,,,,,,,,,,
CUST08767,72,Male,Monthly,60.99,1116.96,16,Debit Card,1,No,,,,,,,,,,,,
CUST08768,45,Male,Monthly,82.99,3812.02,59,Debit Card,0,No,,,,,,,,,,,,
CUST08769,45,Female,Monthly,79.33,802.22,9,Direct Debit,4,Yes,,,,,,,,,,,,
CUST08770,77,Female,One Year,48.64,5580.9,69,Debit Card,3,Yes,,,,,,,,,,,,
CUST08771,76,Male,Monthly,64.26,517.63,10,Direct Debit,3,Yes,,,,,,,,,,,,
CUST08772,50,Male,One Year,52.56,472.48,7,Direct Debit,1,No,,,,,,,,,,,,
CUST08773,36,Female,One Year,61.62,3276.93,66,Credit Card,1,No,,,,,,,,,,,,
CUST08774,45,Female,Monthly,82.01,1177.77,20,Credit Card,5,Yes,,,,,,,,,,,,
CUST08775,76,Female,Monthly,53.79,4809.31,63,Direct Debit,3,No,,,,,,,,,,,,
CUST08776,69,Male,Monthly,82.75,214.27,4,Debit Card,2,No,,,,,,,,,,,,
CUST08777,78,Male,Monthly,53.2,2251.73,28,Direct Debit,1,No,,,,,,,,,,,,
CUST08778,79,Female,Monthly,95.2,3785.08,72,Debit Card,1,No,,,,,,,,,,,,
CUST08779,66,Male,Monthly,52.41,3070.06,35,Direct Debit,3,Yes,,,,,,,,,,,,
CUST08780,54,Male,One Year,115.8,108.53,2,Direct Debit,2,No,,,,,,,,,,,,
CUST08781,43,Male,Monthly,81.62,4520.34,41,Debit Card,0,No,,,,,,,,,,,,
CUST08782,52,Female,One Year,66.46,2237.19,28,Debit Card,0,No,,,,,,,,,,,,
CUST08783,51,Female,Monthly,47.73,65.42,1,Debit Card,4,Yes,,,,,,,,,,,,
CUST08784,80,Female,One Year,75.76,1199.27,27,Credit Card,2,No,,,,,,,,,,,,
CUST08785,52,Female,One Year,85.89,4966.7,67,Bank Transfer,0,No,,,,,,,,,,,,
CUST08786,57,Female,One Year,81.84,3564.01,39,Credit Card,0,No,,,,,,,,,,,,
CUST08787,33,Female,Monthly,53.93,3479.55,40,Direct Debit,2,No,,,,,,,,,,,,
CUST08788,55,Male,One Year,92.79,1395.18,28,Direct Debit,2,No,,,,,,,,,,,,
CUST08789,30,Male,One Year,77.52,2059.42,24,Direct Debit,5,No,,,,,,,,,,,,
CUST08790,79,Female,Monthly,51.74,4012.96,51,Credit Card,4,No,,,,,,,,,,,,
CUST08791,40,Male,One Year,106.92,2760.6,56,Credit Card,1,No,,,,,,,,,,,,
CUST08792,77,Female,Two Year,84.35,2957.17,26,Direct Debit,1,Yes,,,,,,,,,,,,
CUST08793,71,Male,Monthly,77.86,4374.17,52,Direct Debit,0,No,,,,,,,,,,,,
CUST08794,39,Male,Monthly,54.73,454.14,6,Debit Card,2,No,,,,,,,,,,,,
CUST08795,33,Female,One Year,69.29,3463.26,59,Debit Card,4,No,,,,,,,,,,,,
CUST08796,45,Female,Monthly,54.73,807.26,12,Debit Card,3,Yes,,,,,,,,,,,,
CUST08797,65,Female,Monthly,74.05,3349.14,63,Direct Debit,0,No,,,,,,,,,,,,
CUST08798,52,Female,Monthly,82.56,2509.31,36,Direct Debit,1,No,,,,,,,,,,,,
CUST08799,77,Male,Monthly,32.21,710.02,9,Credit Card,4,No,,,,,,,,,,,,
CUST08800,62,Male,Monthly,45.11,2248.02,67,Bank Transfer,0,No,,,,,,,,,,,,
CUST08801,63,Female,Monthly,50.79,1362.56,29,Credit Card,3,No,,,,,,,,,,,,
CUST08802,25,Male,Monthly,35.7,3540.66,71,Direct Debit,2,No,,,,,,,,,,,,
CUST08803,61,Male,One Year,54.82,278.72,8,Direct Debit,3,No,,,,,,,,,,,,
CUST08804,72,Male,Monthly,100.83,2326.48,43,Direct Debit,1,Yes,,,,,,,,,,,,
CUST08805,72,Male,Monthly,92.53,3416.59,35,Bank Transfer,4,No,,,,,,,,,,,,
CUST08806,39,Female,Monthly,57.24,2070.77,22,Credit Card,1,Yes,,,,,,,,,,,,
CUST08807,38,Female,Monthly,80.96,3981.29,66,Direct Debit,1,No,,,,,,,,,,,,
CUST08808,43,Female,Monthly,47.59,1566.7,21,Direct Debit,1,No,,,,,,,,,,,,
CUST08809,57,Female,Monthly,103.77,3614.61,71,Bank Transfer,0,No,,,,,,,,,,,,
CUST08810,38,Male,One Year,65.91,3994.5,41,Credit Card,0,No,,,,,,,,,,,,
CUST08811,42,Male,Monthly,30.18,2875.13,41,Credit Card,1,No,,,,,,,,,,,,
CUST08812,58,Male,Monthly,108.3,1415.78,49,Credit Card,1,No,,,,,,,,,,,,
CUST08813,18,Male,One Year,62.91,462.11,4,Credit Card,3,No,,,,,,,,,,,,
CUST08814,23,Male,Monthly,105.43,4277.14,65,Credit Card,0,No,,,,,,,,,,,,
CUST08815,40,Male,One Year,80.5,1015.36,10,Debit Card,1,No,,,,,,,,,,,,
CUST08816,68,Female,Two Year,75.66,4986.42,67,Direct Debit,1,No,,,,,,,,,,,,
CUST08817,40,Female,Monthly,25.03,782.73,10,Bank Transfer,2,Yes,,,,,,,,,,,,
CUST08818,60,Female,Two Year,63.93,447.42,17,Debit Card,0,No,,,,,,,,,,,,
CUST08819,60,Female,Two Year,38.55,4406.51,67,Credit Card,0,No,,,,,,,,,,,,
CUST08820,40,Male,Monthly,54.57,2004.47,53,Direct Debit,1,No,,,,,,,,,,,,
CUST08821,49,Male,Two Year,68.34,1796.08,35,Debit Card,2,No,,,,,,,,,,,,
CUST08822,47,Male,One Year,86.83,266.67,4,Direct Debit,3,Yes,,,,,,,,,,,,
CUST08823,30,Male,Two Year,53.69,5685.82,68,Direct Debit,0,No,,,,,,,,,,,,
CUST08824,60,Male,One Year,107.57,611.67,11,Credit Card,1,No,,,,,,,,,,,,
CUST08825,35,Male,One Year,39.03,4475.12,44,Direct Debit,3,No,,,,,,,,,,,,
CUST08826,40,Female,Monthly,53.05,2461.53,60,Bank Transfer,1,No,,,,,,,,,,,,
CUST08827,32,Female,Monthly,73.82,3780.01,70,Debit Card,2,No,,,,,,,,,,,,
CUST08828,50,Female,Monthly,23.13,4564.08,62,Direct Debit,1,No,,,,,,,,,,,,
CUST08829,38,Male,Monthly,38.85,723.61,32,Direct Debit,1,No,,,,,,,,,,,,
CUST08830,74,Female,Two Year,79.88,1789.24,46,Direct Debit,0,No,,,,,,,,,,,,
CUST08831,56,Female,Monthly,83.4,1849.04,23,Direct Debit,1,Yes,,,,,,,,,,,,
CUST08832,40,Female,One Year,50.45,2955.94,37,Bank Transfer,3,No,,,,,,,,,,,,
CUST08833,44,Male,Monthly,60.28,3154.92,58,Bank Transfer,1,No,,,,,,,,,,,,
CUST08834,62,Female,Monthly,80.89,2761.89,43,Direct Debit,1,No,,,,,,,,,,,,
CUST08835,61,Female,Monthly,34.87,1192.15,15,Bank Transfer,2,No,,,,,,,,,,,,
CUST08836,35,Male,Monthly,57.17,2244.34,67,Credit Card,0,No,,,,,,,,,,,,
CUST08837,41,Male,Two Year,66.44,110.81,2,Bank Transfer,2,No,,,,,,,,,,,,
CUST08838,68,Male,Monthly,106.25,5079.65,71,Credit Card,1,No,,,,,,,,,,,,
CUST08839,64,Female,Monthly,81.3,523.35,5,Credit Card,4,Yes,,,,,,,,,,,,
CUST08840,57,Female,Monthly,71.53,4592.89,53,Credit Card,3,No,,,,,,,,,,,,
CUST08841,68,Male,Monthly,86.06,2991.74,45,Credit Card,1,No,,,,,,,,,,,,
CUST08842,59,Male,Monthly,73.36,3684.73,41,Credit Card,3,No,,,,,,,,,,,,
CUST08843,24,Female,Monthly,52.45,4815.51,63,Credit Card,1,No,,,,,,,,,,,,
CUST08844,67,Male,Monthly,85.38,3867.63,72,Bank Transfer,1,No,,,,,,,,,,,,
CUST08845,65,Male,Monthly,86.77,2566.53,32,Credit Card,1,Yes,,,,,,,,,,,,
CUST08846,37,Male,Monthly,54.55,186.91,2,Credit Card,2,Yes,,,,,,,,,,,,
CUST08847,44,Female,Two Year,72.9,520.43,10,Direct Debit,3,No,,,,,,,,,,,,
CUST08848,23,Female,Monthly,109.01,3239.88,43,Direct Debit,3,No,,,,,,,,,,,,
CUST08849,44,Male,Monthly,68.21,4876.03,43,Debit Card,1,No,,,,,,,,,,,,
CUST08850,26,Female,One Year,62.15,4760.13,67,Direct Debit,1,No,,,,,,,,,,,,
CUST08851,70,Female,One Year,45.74,1504.01,23,Bank Transfer,2,No,,,,,,,,,,,,
CUST08852,62,Male,One Year,44.47,2959.18,60,Credit Card,1,No,,,,,,,,,,,,
CUST08853,74,Female,Two Year,72.07,249.57,6,Direct Debit,1,No,,,,,,,,,,,,
CUST08854,48,Male,Monthly,57.1,932.74,13,Direct Debit,1,No,,,,,,,,,,,,
CUST08855,38,Female,Monthly,81.87,1290.2,21,Bank Transfer,0,No,,,,,,,,,,,,
CUST08856,43,Male,Monthly,53.18,5038.75,58,Credit Card,1,No,,,,,,,,,,,,
CUST08857,57,Female,Two Year,120,1605.93,28,Credit Card,1,No,,,,,,,,,,,,
CUST08858,65,Male,Monthly,70.49,8510.79,70,Credit Card,2,No,,,,,,,,,,,,
CUST08859,62,Female,One Year,32.66,579.52,8,Debit Card,3,No,,,,,,,,,,,,
CUST08860,30,Male,One Year,74.84,1822.69,58,Debit Card,1,No,,,,,,,,,,,,
CUST08861,66,Female,Monthly,62.35,2973.64,40,Debit Card,1,No,,,,,,,,,,,,
CUST08862,40,Male,Monthly,83.95,57.57,1,Bank Transfer,1,No,,,,,,,,,,,,
CUST08863,37,Female,Monthly,70.55,5648.58,65,Debit Card,2,No,,,,,,,,,,,,
CUST08864,54,Female,Monthly,79.59,753.57,10,Debit Card,1,No,,,,,,,,,,,,
CUST08865,71,Male,Monthly,120,4479.06,60,Credit Card,3,No,,,,,,,,,,,,
CUST08866,70,Female,Monthly,60.75,8219.56,69,Debit Card,7,Yes,,,,,,,,,,,,
CUST08867,45,Male,One Year,75.17,1238.94,20,Direct Debit,1,Yes,,,,,,,,,,,,
CUST08868,49,Female,Two Year,87.14,4759.1,62,Bank Transfer,1,No,,,,,,,,,,,,
CUST08869,45,Female,One Year,71.89,1097.75,13,Debit Card,1,No,,,,,,,,,,,,
CUST08870,58,Male,One Year,36.47,3849.25,58,Credit Card,2,No,,,,,,,,,,,,
CUST08871,19,Female,Monthly,85.41,1433.12,37,Credit Card,1,No,,,,,,,,,,,,
CUST08872,42,Male,Monthly,31.69,798.31,10,Bank Transfer,3,Yes,,,,,,,,,,,,
CUST08873,75,Male,Monthly,105.26,90.17,3,Debit Card,3,No,,,,,,,,,,,,
CUST08874,67,Female,Monthly,39.56,3843.84,34,Credit Card,1,Yes,,,,,,,,,,,,
CUST08875,58,Female,One Year,99.15,1345.12,34,Credit Card,0,No,,,,,,,,,,,,
CUST08876,23,Male,Two Year,70.83,3152.51,30,Debit Card,6,No,,,,,,,,,,,,
CUST08877,28,Male,Monthly,88.93,2787.15,37,Credit Card,2,No,,,,,,,,,,,,
CUST08878,74,Female,Monthly,81.87,6520.8,68,Direct Debit,5,No,,,,,,,,,,,,
CUST08879,78,Male,Monthly,89.94,2579.02,34,Credit Card,1,No,,,,,,,,,,,,
CUST08880,55,Female,Monthly,24.48,2672.24,32,Direct Debit,3,No,,,,,,,,,,,,
CUST08881,23,Female,One Year,52.99,1349.58,58,Bank Transfer,2,No,,,,,,,,,,,,
CUST08882,62,Male,One Year,72.29,1303.58,24,Debit Card,1,Yes,,,,,,,,,,,,
CUST08883,28,Male,One Year,65.34,625.83,9,Bank Transfer,2,No,,,,,,,,,,,,
CUST08884,31,Female,One Year,60.67,2677.06,41,Debit Card,1,No,,,,,,,,,,,,
CUST08885,19,Male,Monthly,65.44,1522.79,24,Bank Transfer,3,No,,,,,,,,,,,,
CUST08886,57,Female,Two Year,59.34,1553.75,25,Credit Card,0,No,,,,,,,,,,,,
CUST08887,20,Female,One Year,115.52,2063.06,36,Credit Card,0,No,,,,,,,,,,,,
CUST08888,72,Female,Monthly,98.11,957.8,8,Bank Transfer,3,Yes,,,,,,,,,,,,
CUST08889,70,Male,Monthly,95.04,5332.53,59,Unknown,0,No,,,,,,,,,,,,
CUST08890,52,Male,One Year,106.4,3463.38,35,Debit Card,1,No,,,,,,,,,,,,
CUST08891,50,Female,Monthly,79.62,4157.24,38,Direct Debit,4,No,,,,,,,,,,,,
CUST08892,41,Female,Monthly,50.87,2396.84,32,Direct Debit,1,No,,,,,,,,,,,,
CUST08893,36,Female,Monthly,54.91,2488.05,51,Direct Debit,0,No,,,,,,,,,,,,
CUST08894,35,Male,Two Year,78.1,1418.27,28,Bank Transfer,1,No,,,,,,,,,,,,
CUST08895,66,Female,Monthly,69.24,4430.57,56,Credit Card,1,No,,,,,,,,,,,,
CUST08896,69,Male,One Year,36.13,544.8,8,Credit Card,2,No,,,,,,,,,,,,
CUST08897,78,Female,Two Year,67.94,1463.18,41,Direct Debit,1,No,,,,,,,,,,,,
CUST08898,41,Female,Two Year,39.45,1463.41,23,Direct Debit,1,Yes,,,,,,,,,,,,
CUST08899,62,Female,Two Year,109.2,2079.96,54,Debit Card,0,No,,,,,,,,,,,,
CUST08900,52,Male,Monthly,87.29,2679.98,23,Direct Debit,4,No,,,,,,,,,,,,
CUST08901,79,Female,Monthly,64.84,2598.75,32,Direct Debit,6,Yes,,,,,,,,,,,,
CUST08902,18,Male,Monthly,71.68,697.67,10,Bank Transfer,3,Yes,,,,,,,,,,,,
CUST08903,53,Female,Monthly,95.36,2648.49,35,Direct Debit,3,No,,,,,,,,,,,,
CUST08904,42,Male,Two Year,31.95,5722.19,63,Credit Card,4,No,,,,,,,,,,,,
CUST08905,62,Male,Two Year,61.46,2211.01,67,Debit Card,3,No,,,,,,,,,,,,
CUST08906,66,Male,Monthly,82.27,2067.75,36,Bank Transfer,4,No,,,,,,,,,,,,
CUST08907,77,Female,Monthly,30.57,3811.72,49,Bank Transfer,1,No,,,,,,,,,,,,
CUST08908,79,Female,Monthly,67.95,1403.51,46,Direct Debit,1,No,,,,,,,,,,,,
CUST08909,60,Female,Monthly,61.42,1805.43,27,Direct Debit,1,No,,,,,,,,,,,,
CUST08910,51,Female,Monthly,114.23,1999.99,31,Credit Card,1,No,,,,,,,,,,,,
CUST08911,42,Female,One Year,61.7,4156.78,34,Credit Card,3,No,,,,,,,,,,,,
CUST08912,33,Male,One Year,40.67,3898.22,59,Bank Transfer,3,No,,,,,,,,,,,,
CUST08913,51,Female,Two Year,52.34,2072.14,54,Credit Card,1,No,,,,,,,,,,,,
CUST08914,46,Female,Monthly,20,3557.37,66,Credit Card,2,No,,,,,,,,,,,,
CUST08915,36,Male,Monthly,94.47,606.8,30,Bank Transfer,2,No,,,,,,,,,,,,
CUST08916,40,Male,Two Year,71.72,2127.7,23,Bank Transfer,4,Yes,,,,,,,,,,,,
CUST08917,36,Male,Monthly,66.36,696.58,9,Direct Debit,2,No,,,,,,,,,,,,
CUST08918,42,Male,Monthly,88.21,3624.13,55,Debit Card,0,No,,,,,,,,,,,,
CUST08919,33,Male,Monthly,77.27,90.54,1,Debit Card,0,Yes,,,,,,,,,,,,
CUST08920,71,Male,One Year,66.47,4329.09,56,Credit Card,2,No,,,,,,,,,,,,
CUST08921,68,Female,One Year,40.01,2427.63,39,Bank Transfer,1,No,,,,,,,,,,,,
CUST08922,26,Male,Two Year,57.82,678.82,18,Direct Debit,0,No,,,,,,,,,,,,
CUST08923,18,Male,Monthly,68.19,2525.63,42,Credit Card,2,No,,,,,,,,,,,,
CUST08924,59,Female,One Year,77.93,4646.3,65,Credit Card,3,No,,,,,,,,,,,,
CUST08925,36,Female,One Year,43.61,2515.66,33,Credit Card,4,No,,,,,,,,,,,,
CUST08926,50,Male,Monthly,59.58,1217.65,30,Direct Debit,2,No,,,,,,,,,,,,
CUST08927,51,Female,Two Year,90.26,319.68,5,Credit Card,3,No,,,,,,,,,,,,
CUST08928,33,Male,One Year,37.01,4510.89,50,Credit Card,4,No,,,,,,,,,,,,
CUST08929,61,Male,Two Year,76.48,2264.83,65,Credit Card,2,No,,,,,,,,,,,,
CUST08930,57,Male,Two Year,45.35,727.9,10,Direct Debit,1,No,,,,,,,,,,,,
CUST08931,72,Female,Monthly,58.86,2523.07,60,Credit Card,3,No,,,,,,,,,,,,
CUST08932,35,Female,Monthly,30.7,1642.58,27,Credit Card,2,Yes,,,,,,,,,,,,
CUST08933,51,Female,Monthly,70.88,2282.58,72,Credit Card,0,No,,,,,,,,,,,,
CUST08934,42,Female,One Year,51.25,2017.19,28,Debit Card,1,No,,,,,,,,,,,,
CUST08935,78,Female,One Year,25.91,2323.33,45,Bank Transfer,2,No,,,,,,,,,,,,
CUST08936,62,Female,One Year,71.67,1321.77,52,Debit Card,0,No,,,,,,,,,,,,
CUST08937,23,Female,Monthly,85.85,5071.28,66,Debit Card,2,No,,,,,,,,,,,,
CUST08938,38,Male,One Year,79.69,5578.63,62,Direct Debit,4,No,,,,,,,,,,,,
CUST08939,75,Male,Monthly,76.1,5093.24,60,Direct Debit,5,No,,,,,,,,,,,,
CUST08940,23,Female,Monthly,80.89,2952.27,40,Debit Card,2,No,,,,,,,,,,,,
CUST08941,49,Female,One Year,56.27,1306.2,15,Credit Card,6,No,,,,,,,,,,,,
CUST08942,58,Female,Monthly,73.19,372.8,7,Direct Debit,3,No,,,,,,,,,,,,
CUST08943,65,Male,Monthly,114.73,2651.76,39,Bank Transfer,2,No,,,,,,,,,,,,
CUST08944,60,Female,Monthly,73.49,5682.57,51,Direct Debit,1,No,,,,,,,,,,,,
CUST08945,56,Female,Monthly,53.44,489.84,7,Direct Debit,4,Yes,,,,,,,,,,,,
CUST08946,48,Male,Monthly,72.68,643.08,12,Bank Transfer,0,Yes,,,,,,,,,,,,
CUST08947,59,Female,One Year,56.49,993.13,14,Credit Card,0,No,,,,,,,,,,,,
CUST08948,27,Female,One Year,69.35,1819.79,34,Credit Card,0,No,,,,,,,,,,,,
CUST08949,47,Female,Monthly,86.34,2853.63,39,Direct Debit,1,No,,,,,,,,,,,,
CUST08950,74,Female,Monthly,60.43,5532.81,64,Bank Transfer,3,No,,,,,,,,,,,,
CUST08951,69,Male,Monthly,20,679.86,12,Bank Transfer,2,Yes,,,,,,,,,,,,
CUST08952,35,Male,One Year,68.14,633.8,34,Bank Transfer,0,No,,,,,,,,,,,,
CUST08953,77,Female,Monthly,79.65,1805.39,27,Bank Transfer,2,No,,,,,,,,,,,,
CUST08954,41,Male,Monthly,106.16,1866.69,22,Bank Transfer,3,No,,,,,,,,,,,,
CUST08955,69,Male,Monthly,93.06,1913.33,18,Credit Card,1,Yes,,,,,,,,,,,,
CUST08956,78,Male,Monthly,57.39,4033.6,46,Debit Card,4,No,,,,,,,,,,,,
CUST08957,26,Male,One Year,79.75,2422.79,44,Credit Card,2,No,,,,,,,,,,,,
CUST08958,48,Male,Monthly,64.43,1332.02,18,Bank Transfer,1,No,,,,,,,,,,,,
CUST08959,32,Male,Monthly,86.5,2510.48,37,Debit Card,2,No,,,,,,,,,,,,
CUST08960,21,Female,Monthly,59.58,648.71,7,Bank Transfer,3,Yes,,,,,,,,,,,,
CUST08961,80,Female,Two Year,80.68,3777.77,68,Direct Debit,3,No,,,,,,,,,,,,
CUST08962,57,Male,One Year,102.42,4587.51,60,Bank Transfer,3,No,,,,,,,,,,,,
CUST08963,26,Male,Monthly,120,4657.43,48,Debit Card,1,No,,,,,,,,,,,,
CUST08964,62,Male,Monthly,30.23,6417.39,51,Credit Card,1,Yes,,,,,,,,,,,,
CUST08965,26,Male,Two Year,34.01,1657.29,52,Credit Card,2,No,,,,,,,,,,,,
CUST08966,43,Female,Monthly,41.07,1745.68,52,Direct Debit,3,No,,,,,,,,,,,,
CUST08967,21,Female,Two Year,68.31,2384.32,54,Bank Transfer,3,No,,,,,,,,,,,,
CUST08968,34,Female,Monthly,58.85,2692.93,41,Debit Card,0,No,,,,,,,,,,,,
CUST08969,33,Male,Monthly,89.32,2481.63,42,Credit Card,0,No,,,,,,,,,,,,
CUST08970,32,Female,One Year,49.51,2121.08,22,Direct Debit,3,No,,,,,,,,,,,,
CUST08971,52,Male,One Year,40.18,2031.95,39,Debit Card,1,No,,,,,,,,,,,,
CUST08972,74,Female,Two Year,92.94,922.25,23,Debit Card,1,No,,,,,,,,,,,,
CUST08973,69,Female,One Year,79.73,4181.69,48,Credit Card,2,No,,,,,,,,,,,,
CUST08974,22,Female,Monthly,72.3,2801.31,33,Credit Card,2,No,,,,,,,,,,,,
CUST08975,72,Male,One Year,41.58,2984.28,41,Credit Card,2,No,,,,,,,,,,,,
CUST08976,22,Male,One Year,91.04,1209.15,30,Bank Transfer,1,No,,,,,,,,,,,,
CUST08977,37,Female,Monthly,64.75,4245.48,47,Credit Card,2,No,,,,,,,,,,,,
CUST08978,32,Male,Monthly,72.21,3579.1,57,Credit Card,2,No,,,,,,,,,,,,
CUST08979,35,Male,Monthly,77.76,5241.59,72,Debit Card,4,No,,,,,,,,,,,,
CUST08980,64,Female,Monthly,87.42,4271.29,57,Bank Transfer,2,No,,,,,,,,,,,,
CUST08981,19,Male,Two Year,78.93,5373.2,62,Credit Card,4,No,,,,,,,,,,,,
CUST08982,46,Female,Monthly,55.55,4445.93,57,Debit Card,1,No,,,,,,,,,,,,
CUST08983,30,Male,Monthly,63.67,3847.55,68,Credit Card,2,No,,,,,,,,,,,,
CUST08984,21,Female,One Year,84.28,4227.89,72,Direct Debit,0,No,,,,,,,,,,,,
CUST08985,59,Male,Monthly,99.82,2140.29,25,Direct Debit,4,Yes,,,,,,,,,,,,
CUST08986,62,Female,One Year,51.98,4052.29,40,Direct Debit,3,No,,,,,,,,,,,,
CUST08987,27,Male,Two Year,61.79,868.43,17,Bank Transfer,0,No,,,,,,,,,,,,
CUST08988,78,Female,Monthly,85.4,2845.81,48,Bank Transfer,0,Yes,,,,,,,,,,,,
CUST08989,48,Female,Monthly,52.98,3511.39,39,Bank Transfer,0,Yes,,,,,,,,,,,,
CUST08990,58,Male,Monthly,51.37,774.96,15,Direct Debit,0,Yes,,,,,,,,,,,,
CUST08991,25,Male,One Year,69.26,846.98,17,Direct Debit,1,No,,,,,,,,,,,,
CUST08992,20,Male,Monthly,79.74,2409.81,35,Debit Card,1,No,,,,,,,,,,,,
CUST08993,65,Male,Monthly,92.13,2537.95,33,Bank Transfer,3,Yes,,,,,,,,,,,,
CUST08994,80,Female,Monthly,69.18,1746.1,18,Credit Card,2,No,,,,,,,,,,,,
CUST08995,63,Male,One Year,70.8,2096.97,30,Bank Transfer,1,No,,,,,,,,,,,,
CUST08996,26,Female,Monthly,76.55,2726.22,37,Direct Debit,1,No,,,,,,,,,,,,
CUST08997,47,Female,One Year,35.59,556.89,7,Direct Debit,6,No,,,,,,,,,,,,
CUST08998,70,Male,One Year,65.74,1042.47,28,Direct Debit,1,No,,,,,,,,,,,,
CUST08999,28,Female,One Year,67.4125,1253.22,18,Debit Card,1,No,,,,,,,,,,,,
CUST09000,52,Male,Two Year,86.1,4694.95,47,Direct Debit,3,Yes,,,,,,,,,,,,
CUST09001,54,Male,Monthly,71.14,1943.42,23,Direct Debit,1,Yes,,,,,,,,,,,,
CUST09002,78,Male,Monthly,80.41,1409.99,20,Direct Debit,2,No,,,,,,,,,,,,
CUST09003,59,Female,One Year,44.58,2313.26,31,Bank Transfer,1,No,,,,,,,,,,,,
CUST09004,30,Male,Monthly,74.07,666.63,14,Bank Transfer,0,No,,,,,,,,,,,,
CUST09005,53,Female,One Year,61.71,1727.36,23,Debit Card,2,Yes,,,,,,,,,,,,
CUST09006,73,Male,Two Year,62.32,127.61,2,Debit Card,1,No,,,,,,,,,,,,
CUST09007,30,Female,Two Year,56.82,1788.77,29,Debit Card,4,No,,,,,,,,,,,,
CUST09008,29,Female,One Year,89.52,2829.11,50,Credit Card,1,No,,,,,,,,,,,,
CUST09009,54,Male,Two Year,59.21,5318.17,59,Direct Debit,3,No,,,,,,,,,,,,
CUST09010,27,Female,Monthly,50.31,2046.27,33,Bank Transfer,1,Yes,,,,,,,,,,,,
CUST09011,77,Female,Monthly,41.79,2458.53,48,Direct Debit,0,No,,,,,,,,,,,,
CUST09012,73,Male,Monthly,25.97,1930.32,44,Debit Card,2,No,,,,,,,,,,,,
CUST09013,26,Male,Monthly,75.57,297.51,12,Debit Card,2,No,,,,,,,,,,,,
CUST09014,69,Male,Monthly,44.28,3024.56,42,Credit Card,1,Yes,,,,,,,,,,,,
CUST09015,24,Female,Two Year,37.65,1477.1,35,Debit Card,1,No,,,,,,,,,,,,
CUST09016,19,Female,One Year,61.03,1421.35,41,Direct Debit,0,No,,,,,,,,,,,,
CUST09017,71,Male,One Year,85.07,3184.29,55,Bank Transfer,0,No,,,,,,,,,,,,
CUST09018,73,Male,Monthly,69.62,1038.45,13,Debit Card,2,No,,,,,,,,,,,,
CUST09019,77,Male,Monthly,63.43,2695.09,39,Bank Transfer,0,No,,,,,,,,,,,,
CUST09020,40,Female,Two Year,88.98,3936.7,66,Direct Debit,0,No,,,,,,,,,,,,
CUST09021,56,Female,One Year,82.07,3072.37,35,Credit Card,2,No,,,,,,,,,,,,
CUST09022,57,Female,One Year,63.78,6381.29,72,Direct Debit,0,No,,,,,,,,,,,,
CUST09023,56,Male,Two Year,44.95,2105.87,33,Bank Transfer,4,No,,,,,,,,,,,,
CUST09024,38,Male,One Year,53.81,1728.15,36,Direct Debit,0,Yes,,,,,,,,,,,,
CUST09025,40,Male,One Year,70.62,722.13,13,Bank Transfer,1,Yes,,,,,,,,,,,,
CUST09026,46,Female,Monthly,83.65,4204.23,56,Credit Card,2,No,,,,,,,,,,,,
CUST09027,31,Male,Monthly,71.72,3925.22,46,Bank Transfer,2,Yes,,,,,,,,,,,,
CUST09028,43,Male,One Year,58.79,3462.81,46,Credit Card,2,No,,,,,,,,,,,,
CUST09029,68,Female,Monthly,71.87,2505.14,44,Direct Debit,0,No,,,,,,,,,,,,
CUST09030,22,Male,One Year,105.47,3238.26,46,Bank Transfer,1,No,,,,,,,,,,,,
CUST09031,72,Male,Monthly,75.99,7813.35,69,Debit Card,3,No,,,,,,,,,,,,
CUST09032,48,Female,Monthly,82.17,2268.07,31,Credit Card,1,No,,,,,,,,,,,,
CUST09033,42,Male,Monthly,63.22,1947.27,24,Direct Debit,1,No,,,,,,,,,,,,
CUST09034,48,Male,Monthly,58.26,2071.97,32,Direct Debit,2,No,,,,,,,,,,,,
CUST09035,67,Male,Two Year,35.85,3836.22,67,Direct Debit,1,No,,,,,,,,,,,,
CUST09036,37,Male,Monthly,68.53,529.63,16,Debit Card,0,No,,,,,,,,,,,,
CUST09037,61,Male,One Year,20,4088.85,57,Direct Debit,1,No,,,,,,,,,,,,
CUST09038,72,Female,Monthly,38.99,467.38,24,Credit Card,0,No,,,,,,,,,,,,
CUST09039,34,Male,Monthly,77.57,1267.9,34,Credit Card,2,No,,,,,,,,,,,,
CUST09040,62,Female,Monthly,39.93,4037.23,52,Debit Card,1,No,,,,,,,,,,,,
CUST09041,19,Male,Two Year,30.22,1765.89,48,Direct Debit,1,No,,,,,,,,,,,,
CUST09042,42,Male,Monthly,61.62,1694.91,53,Bank Transfer,0,No,,,,,,,,,,,,
CUST09043,30,Male,Two Year,40.69,3259.69,55,Credit Card,0,No,,,,,,,,,,,,
CUST09044,75,Male,Monthly,91.58,1650.81,38,Bank Transfer,0,No,,,,,,,,,,,,
CUST09045,56,Male,Monthly,74.47,188.37,2,Direct Debit,5,No,,,,,,,,,,,,
CUST09046,45,Male,One Year,107.25,5178.43,69,Bank Transfer,0,No,,,,,,,,,,,,
CUST09047,59,Female,Monthly,79.17,5962.78,53,Direct Debit,2,No,,,,,,,,,,,,
CUST09048,72,Male,Monthly,106.63,4270.91,50,Bank Transfer,2,No,,,,,,,,,,,,
CUST09049,23,Female,Monthly,49.42,2969.18,29,Credit Card,6,Yes,,,,,,,,,,,,
CUST09050,20,Male,Monthly,59.4,2655.08,55,Direct Debit,3,No,,,,,,,,,,,,
CUST09051,75,Male,Monthly,67.2,3614.37,61,Credit Card,2,No,,,,,,,,,,,,
CUST09052,52,Male,Two Year,66.99,3381.22,50,Direct Debit,0,No,,,,,,,,,,,,
CUST09053,35,Female,Monthly,63.05,1080.92,16,Bank Transfer,3,No,,,,,,,,,,,,
CUST09054,28,Female,Two Year,70.71,4448.08,70,Direct Debit,1,No,,,,,,,,,,,,
CUST09055,71,Female,Monthly,65.46,3274.64,44,Direct Debit,1,No,,,,,,,,,,,,
CUST09056,37,Male,Monthly,50.1,1031.37,16,Debit Card,2,No,,,,,,,,,,,,
CUST09057,22,Male,Monthly,54.89,1293.04,28,Debit Card,2,No,,,,,,,,,,,,
CUST09058,36,Female,Monthly,51.83,3316.8,57,Direct Debit,7,No,,,,,,,,,,,,
CUST09059,39,Male,Monthly,51.92,1382.56,26,Credit Card,0,No,,,,,,,,,,,,
CUST09060,76,Male,Monthly,63.91,542.75,11,Credit Card,1,No,,,,,,,,,,,,
CUST09061,77,Male,Two Year,50.21,59.1,1,Bank Transfer,3,Yes,,,,,,,,,,,,
CUST09062,36,Male,One Year,56.21,3362.37,69,Credit Card,0,No,,,,,,,,,,,,
CUST09063,79,Male,One Year,98.95,2271.79,43,Credit Card,3,No,,,,,,,,,,,,
CUST09064,64,Female,Monthly,72.27,4840.7,46,Direct Debit,7,Yes,,,,,,,,,,,,
CUST09065,79,Female,Two Year,85.58,2509.25,36,Bank Transfer,1,No,,,,,,,,,,,,
CUST09066,33,Female,Monthly,83.24,5834.15,66,Direct Debit,2,No,,,,,,,,,,,,
CUST09067,41,Male,Two Year,103.52,4864.62,57,Direct Debit,3,No,,,,,,,,,,,,
CUST09068,58,Female,Monthly,68.56,642.38,6,Credit Card,2,Yes,,,,,,,,,,,,
CUST09069,21,Female,Monthly,65.83,4271.15,62,Direct Debit,2,No,,,,,,,,,,,,
CUST09070,32,Female,Two Year,59.53,1842.73,27,Direct Debit,1,No,,,,,,,,,,,,
CUST09071,42,Male,Monthly,45.02,1550.85,26,Credit Card,4,No,,,,,,,,,,,,
CUST09072,61,Female,Two Year,41.54,573.8,13,Direct Debit,1,No,,,,,,,,,,,,
CUST09073,72,Male,Monthly,50.09,790.6,18,Debit Card,1,No,,,,,,,,,,,,
CUST09074,52,Female,Monthly,51.86,1890.85,38,Direct Debit,0,No,,,,,,,,,,,,
CUST09075,72,Male,Two Year,68.3,314.55,6,Direct Debit,3,No,,,,,,,,,,,,
CUST09076,31,Male,One Year,43.22,1901.69,28,Debit Card,1,No,,,,,,,,,,,,
CUST09077,66,Male,One Year,50.11,225.63,5,Bank Transfer,2,No,,,,,,,,,,,,
CUST09078,36,Female,Monthly,28.65,2975.3,59,Credit Card,1,No,,,,,,,,,,,,
CUST09079,55,Male,Monthly,56.66,1283.22,45,Debit Card,3,No,,,,,,,,,,,,
CUST09080,53,Female,Monthly,70.2,2886.62,53,Credit Card,3,No,,,,,,,,,,,,
CUST09081,24,Female,Monthly,66.15,149.64,2,Direct Debit,4,Yes,,,,,,,,,,,,
CUST09082,47,Female,One Year,63.11,3429.7,49,Direct Debit,5,No,,,,,,,,,,,,
CUST09083,36,Female,Monthly,61.05,3932.35,63,Direct Debit,4,No,,,,,,,,,,,,
CUST09084,66,Female,One Year,64.96,4382.71,70,Bank Transfer,0,No,,,,,,,,,,,,
CUST09085,42,Female,One Year,94.31,3772.57,58,Credit Card,2,No,,,,,,,,,,,,
CUST09086,33,Male,Monthly,54.77,357.69,4,Bank Transfer,3,Yes,,,,,,,,,,,,
CUST09087,64,Female,Two Year,59.49,1610.51,30,Debit Card,1,No,,,,,,,,,,,,
CUST09088,71,Female,Two Year,44.69,3582.57,57,Credit Card,1,No,,,,,,,,,,,,
CUST09089,57,Male,Monthly,80.56,2200.39,47,Bank Transfer,2,No,,,,,,,,,,,,
CUST09090,68,Female,Monthly,67.73,1357.85,18,Direct Debit,2,Yes,,,,,,,,,,,,
CUST09091,25,Male,Monthly,53.9,2777.63,44,Direct Debit,3,No,,,,,,,,,,,,
CUST09092,35,Male,One Year,46.42,2961.33,52,Credit Card,0,No,,,,,,,,,,,,
CUST09093,45,Male,Monthly,71.37,2419.9,49,Direct Debit,0,No,,,,,,,,,,,,
CUST09094,49,Male,One Year,49.38,2070.61,30,Debit Card,0,No,,,,,,,,,,,,
CUST09095,69,Female,Monthly,71.17,2505.84,52,Credit Card,1,No,,,,,,,,,,,,
CUST09096,36,Female,Two Year,101.53,2564.11,37,Direct Debit,2,No,,,,,,,,,,,,
CUST09097,59,Female,One Year,83.49,6014.62,63,Credit Card,2,No,,,,,,,,,,,,
CUST09098,34,Female,Two Year,72.35,1041.16,12,Credit Card,2,No,,,,,,,,,,,,
CUST09099,80,Male,Monthly,83.33,1204.38,17,Debit Card,1,No,,,,,,,,,,,,
CUST09100,62,Male,Monthly,55.35,2985.64,34,Credit Card,5,Yes,,,,,,,,,,,,
CUST09101,30,Female,Monthly,42.67,1643.66,28,Credit Card,1,Yes,,,,,,,,,,,,
CUST09102,24,Female,Monthly,72.61,181.95,4,Bank Transfer,4,No,,,,,,,,,,,,
CUST09103,44,Male,Monthly,48.09,3509.97,46,Direct Debit,2,No,,,,,,,,,,,,
CUST09104,27,Female,Two Year,33.86,704.38,14,Bank Transfer,0,No,,,,,,,,,,,,
CUST09105,51,Female,Two Year,36.2,436.62,13,Credit Card,1,No,,,,,,,,,,,,
CUST09106,53,Female,Monthly,58.85,1940.68,58,Direct Debit,3,No,,,,,,,,,,,,
CUST09107,42,Male,One Year,88.76,2704.66,49,Direct Debit,1,No,,,,,,,,,,,,
CUST09108,23,Male,Monthly,66.66,4459.92,50,Debit Card,1,No,,,,,,,,,,,,
CUST09109,41,Female,Monthly,56.42,4366.19,67,Bank Transfer,0,No,,,,,,,,,,,,
CUST09110,35,Female,Two Year,59.7,1247.2,21,Debit Card,0,No,,,,,,,,,,,,
CUST09111,40,Male,Two Year,49.79,3075.46,51,Bank Transfer,2,No,,,,,,,,,,,,
CUST09112,23,Female,Monthly,56.25,1770.58,38,Direct Debit,2,No,,,,,,,,,,,,
CUST09113,46,Female,One Year,87.77,1457.48,26,Direct Debit,0,No,,,,,,,,,,,,
CUST09114,79,Male,Two Year,100.4,553.75,6,Bank Transfer,3,No,,,,,,,,,,,,
CUST09115,42,Male,Monthly,92.23,1912.19,18,Credit Card,6,No,,,,,,,,,,,,
CUST09116,72,Female,Monthly,79.85,523.81,6,Debit Card,5,Yes,,,,,,,,,,,,
CUST09117,34,Male,One Year,96.85,3064.48,41,Debit Card,1,No,,,,,,,,,,,,
CUST09118,63,Female,One Year,48.04,5420.63,57,Bank Transfer,4,No,,,,,,,,,,,,
CUST09119,41,Male,Monthly,120,2235.02,50,Direct Debit,2,No,,,,,,,,,,,,
CUST09120,28,Female,Monthly,23.77,3108.65,25,Credit Card,1,No,,,,,,,,,,,,
CUST09121,43,Female,One Year,60.25,1131.38,48,Bank Transfer,0,No,,,,,,,,,,,,
CUST09122,80,Male,One Year,20,1376.18,24,Debit Card,2,No,,,,,,,,,,,,
CUST09123,68,Female,Monthly,86.75,561.84,30,Direct Debit,1,No,,,,,,,,,,,,
CUST09124,79,Male,Monthly,37.96,4170.67,45,Direct Debit,1,Yes,,,,,,,,,,,,
CUST09125,51,Male,Two Year,43.8,1512.94,43,Direct Debit,0,No,,,,,,,,,,,,
CUST09126,45,Female,One Year,87.18,2950.7,72,Debit Card,0,Yes,,,,,,,,,,,,
CUST09127,20,Female,Two Year,55.27,4674.48,56,Credit Card,3,No,,,,,,,,,,,,
CUST09128,28,Male,Two Year,78.26,3617.99,70,Debit Card,2,No,,,,,,,,,,,,
CUST09129,55,Male,One Year,53.33,2642.2,33,Direct Debit,4,No,,,,,,,,,,,,
CUST09130,78,Male,Two Year,41.31,2291.65,45,Credit Card,3,No,,,,,,,,,,,,
CUST09131,31,Male,Two Year,84.02,288.24,7,Direct Debit,2,No,,,,,,,,,,,,
CUST09132,68,Male,One Year,68.33,1599.53,18,Direct Debit,0,Yes,,,,,,,,,,,,
CUST09133,43,Female,One Year,70.27,5031.65,70,Credit Card,1,No,,,,,,,,,,,,
CUST09134,65,Male,One Year,52.74,2983.17,45,Debit Card,1,No,,,,,,,,,,,,
CUST09135,38,Female,One Year,68.03,1822.97,37,Bank Transfer,1,No,,,,,,,,,,,,
CUST09136,71,Male,Monthly,59.45,1466.17,21,Credit Card,0,No,,,,,,,,,,,,
CUST09137,73,Female,Monthly,85.74,2494.55,44,Credit Card,2,No,,,,,,,,,,,,
CUST09138,56,Female,Monthly,70.73,2688.03,30,Bank Transfer,3,No,,,,,,,,,,,,
CUST09139,47,Female,Monthly,84,769.87,11,Direct Debit,1,No,,,,,,,,,,,,
CUST09140,76,Male,Monthly,53.64,634.85,8,Direct Debit,4,Yes,,,,,,,,,,,,
CUST09141,25,Female,Two Year,106.98,288.55,5,Credit Card,4,No,,,,,,,,,,,,
CUST09142,68,Female,Monthly,68.29,794.99,8,Direct Debit,0,No,,,,,,,,,,,,
CUST09143,37,Female,Monthly,73.09,320.92,5,Bank Transfer,2,Yes,,,,,,,,,,,,
CUST09144,65,Female,One Year,81.82,767.39,10,Credit Card,1,No,,,,,,,,,,,,
CUST09145,49,Male,Monthly,47.98,1218.01,15,Bank Transfer,1,No,,,,,,,,,,,,
CUST09146,39,Female,One Year,64.62,2875.2,56,Direct Debit,0,No,,,,,,,,,,,,
CUST09147,76,Female,Monthly,80.31,3334.02,55,Credit Card,3,No,,,,,,,,,,,,
CUST09148,24,Female,Monthly,29.3,227.71,3,Credit Card,2,No,,,,,,,,,,,,
CUST09149,26,Female,Two Year,74.44,1105.55,41,Bank Transfer,0,No,,,,,,,,,,,,
CUST09150,62,Female,One Year,31.56,710.71,10,Credit Card,3,No,,,,,,,,,,,,
CUST09151,18,Female,Two Year,40.23,226.48,7,Direct Debit,0,No,,,,,,,,,,,,
CUST09152,46,Female,Monthly,49.74,2625.05,63,Bank Transfer,0,No,,,,,,,,,,,,
CUST09153,80,Female,Monthly,78.36,3098.49,63,Direct Debit,2,No,,,,,,,,,,,,
CUST09154,25,Male,Monthly,120,1958.26,26,Credit Card,2,No,,,,,,,,,,,,
CUST09155,73,Female,Monthly,45.86,4221.22,34,Direct Debit,7,Yes,,,,,,,,,,,,
CUST09156,71,Female,Monthly,70.14,3128.96,72,Debit Card,1,No,,,,,,,,,,,,
CUST09157,21,Male,Monthly,85.06,2852.36,39,Credit Card,3,No,,,,,,,,,,,,
CUST09158,52,Male,One Year,76.8,5337.62,60,Direct Debit,1,No,,,,,,,,,,,,
CUST09159,76,Female,One Year,55.17,5249.24,69,Direct Debit,2,No,,,,,,,,,,,,
CUST09160,20,Female,Monthly,85.04,1364.1,26,Credit Card,3,No,,,,,,,,,,,,
CUST09161,71,Male,Monthly,51.56,5382.04,62,Credit Card,1,No,,,,,,,,,,,,
CUST09162,62,Female,Two Year,67.83,544.76,10,Credit Card,6,No,,,,,,,,,,,,
CUST09163,57,Female,Monthly,51.16,3680.11,54,Direct Debit,2,No,,,,,,,,,,,,
CUST09164,24,Male,Monthly,91.57,1576.08,31,Direct Debit,2,Yes,,,,,,,,,,,,
CUST09165,44,Male,Monthly,69.54,3746.47,38,Debit Card,5,Yes,,,,,,,,,,,,
CUST09166,18,Female,One Year,64.12,1748.91,25,Debit Card,1,No,,,,,,,,,,,,
CUST09167,44,Female,Monthly,66.99,3857.19,65,Debit Card,1,No,,,,,,,,,,,,
CUST09168,33,Male,Two Year,72.33,3350.6,50,Direct Debit,1,No,,,,,,,,,,,,
CUST09169,55,Male,Monthly,75.12,1720.72,24,Credit Card,1,No,,,,,,,,,,,,
CUST09170,24,Male,Monthly,86.25,1960.77,27,Debit Card,0,No,,,,,,,,,,,,
CUST09171,61,Female,Monthly,76.06,4186.47,50,Bank Transfer,0,No,,,,,,,,,,,,
CUST09172,40,Male,Monthly,54.25,4065.15,50,Direct Debit,1,No,,,,,,,,,,,,
CUST09173,58,Female,Monthly,27.8,766.04,15,Bank Transfer,0,No,,,,,,,,,,,,
CUST09174,76,Male,Two Year,84.36,492.57,17,Direct Debit,0,No,,,,,,,,,,,,
CUST09175,28,Female,Monthly,50.47,2603.96,29,Direct Debit,1,No,,,,,,,,,,,,
CUST09176,59,Male,Two Year,93.59,242.64,5,Direct Debit,0,No,,,,,,,,,,,,
CUST09177,70,Female,Monthly,40.84,958.14,11,Credit Card,4,No,,,,,,,,,,,,
CUST09178,50,Female,Monthly,52.6,2058.15,52,Bank Transfer,0,No,,,,,,,,,,,,
CUST09179,67,Male,Monthly,69.29,1769.19,34,Credit Card,2,No,,,,,,,,,,,,
CUST09180,80,Male,Monthly,67.57,2451.72,33,Debit Card,2,Yes,,,,,,,,,,,,
CUST09181,53,Female,One Year,80.44,3273.92,49,Direct Debit,3,No,,,,,,,,,,,,
CUST09182,54,Male,Two Year,86.59,2330.88,31,Direct Debit,3,No,,,,,,,,,,,,
CUST09183,58,Female,One Year,70.55,1470.56,18,Debit Card,1,No,,,,,,,,,,,,
CUST09184,76,Male,Monthly,86.82,344.44,5,Bank Transfer,2,No,,,,,,,,,,,,
CUST09185,80,Male,Monthly,23.61,2472.99,30,Debit Card,1,No,,,,,,,,,,,,
CUST09186,34,Female,Two Year,54.71,987.75,45,Debit Card,3,No,,,,,,,,,,,,
CUST09187,52,Female,Two Year,87.14,1970.96,38,Bank Transfer,3,No,,,,,,,,,,,,
CUST09188,65,Female,Monthly,70.28,2367.55,29,Bank Transfer,1,No,,,,,,,,,,,,
CUST09189,22,Male,Monthly,95.12,2409.73,36,Direct Debit,2,No,,,,,,,,,,,,
CUST09190,65,Male,One Year,46.44,924.08,9,Direct Debit,4,No,,,,,,,,,,,,
CUST09191,49,Female,One Year,86.61,1058.79,23,Debit Card,2,Yes,,,,,,,,,,,,
CUST09192,20,Male,Monthly,61.45,266.42,3,Credit Card,5,No,,,,,,,,,,,,
CUST09193,69,Male,Monthly,71.84,3256.91,56,Bank Transfer,5,No,,,,,,,,,,,,
CUST09194,64,Male,Two Year,54.36,3034.2,40,Debit Card,2,No,,,,,,,,,,,,
CUST09195,79,Male,Monthly,73.24,2930.63,56,Direct Debit,0,No,,,,,,,,,,,,
CUST09196,52,Female,Monthly,88.69,4575.85,58,Credit Card,3,Yes,,,,,,,,,,,,
CUST09197,69,Female,Monthly,84.82,2897.51,31,Bank Transfer,7,No,,,,,,,,,,,,
CUST09198,31,Female,Monthly,65.17,1000.33,11,Debit Card,1,Yes,,,,,,,,,,,,
CUST09199,80,Female,Two Year,82.41,2810.85,42,Debit Card,3,No,,,,,,,,,,,,
CUST09200,65,Female,One Year,79.52,253.48,3,Bank Transfer,2,No,,,,,,,,,,,,
CUST09201,78,Female,One Year,65.66,4780.01,57,Bank Transfer,2,No,,,,,,,,,,,,
CUST09202,78,Female,Monthly,64.92,950.92,14,Direct Debit,1,No,,,,,,,,,,,,
CUST09203,48,Male,Two Year,87.8,3037.06,46,Credit Card,2,No,,,,,,,,,,,,
CUST09204,48,Male,Monthly,106.7,1630.37,19,Debit Card,6,Yes,,,,,,,,,,,,
CUST09205,34,Female,Monthly,73.66,6118.13,60,Bank Transfer,4,No,,,,,,,,,,,,
CUST09206,77,Male,Two Year,46.76,2386.58,31,Debit Card,3,No,,,,,,,,,,,,
CUST09207,41,Male,Monthly,79.24,1652.67,36,Bank Transfer,1,No,,,,,,,,,,,,
CUST09208,69,Female,Monthly,106.64,2357.66,32,Credit Card,2,No,,,,,,,,,,,,
CUST09209,40,Female,Monthly,56.53,6696.42,63,Debit Card,1,No,,,,,,,,,,,,
CUST09210,35,Female,Monthly,44.92,1506.82,26,Debit Card,1,No,,,,,,,,,,,,
CUST09211,67,Male,Monthly,76.43,2696.98,65,Direct Debit,2,No,,,,,,,,,,,,
CUST09212,71,Female,One Year,70.51,157.88,2,Direct Debit,2,No,,,,,,,,,,,,
CUST09213,31,Female,Monthly,72.84,4718.28,70,Direct Debit,3,No,,,,,,,,,,,,
CUST09214,67,Female,Monthly,60.37,3132.19,45,Bank Transfer,3,No,,,,,,,,,,,,
CUST09215,32,Male,One Year,58.32,1524.43,25,Debit Card,0,No,,,,,,,,,,,,
CUST09216,32,Male,Monthly,49.69,2272.07,40,Credit Card,1,No,,,,,,,,,,,,
CUST09217,23,Male,One Year,66.77,887.35,18,Credit Card,0,No,,,,,,,,,,,,
CUST09218,44,Male,Two Year,83.67,802.91,12,Direct Debit,4,No,,,,,,,,,,,,
CUST09219,32,Male,Monthly,59.01,2143.35,24,Bank Transfer,2,Yes,,,,,,,,,,,,
CUST09220,67,Male,One Year,96.61,2417.62,43,Direct Debit,2,No,,,,,,,,,,,,
CUST09221,53,Female,Monthly,67.2,3073.86,32,Bank Transfer,2,No,,,,,,,,,,,,
CUST09222,72,Female,One Year,84.34,3302.92,47,Debit Card,1,No,,,,,,,,,,,,
CUST09223,25,Female,Monthly,60.84,3616.26,45,Credit Card,0,No,,,,,,,,,,,,
CUST09224,32,Male,Monthly,71.73,1987.12,35,Direct Debit,2,No,,,,,,,,,,,,
CUST09225,20,Male,Monthly,73.74,595.76,9,Debit Card,0,No,,,,,,,,,,,,
CUST09226,79,Male,One Year,68.85,690.65,10,Credit Card,5,No,,,,,,,,,,,,
CUST09227,64,Male,Monthly,45.97,4313.85,65,Credit Card,2,No,,,,,,,,,,,,
CUST09228,30,Male,Monthly,87.08,2672.85,59,Bank Transfer,2,No,,,,,,,,,,,,
CUST09229,58,Female,Two Year,67.57,5038.03,57,Credit Card,1,No,,,,,,,,,,,,
CUST09230,51,Female,Monthly,24.57,643.28,10,Credit Card,1,No,,,,,,,,,,,,
CUST09231,41,Female,One Year,61.13,449.63,19,Debit Card,2,No,,,,,,,,,,,,
CUST09232,57,Female,Monthly,93.04,3153.86,50,Credit Card,1,No,,,,,,,,,,,,
CUST09233,49,Female,Two Year,95.76,6740.75,68,Debit Card,2,No,,,,,,,,,,,,
CUST09234,78,Female,Monthly,75.71,450.88,5,Debit Card,2,Yes,,,,,,,,,,,,
CUST09235,49,Female,Monthly,82.04,2185.93,29,Debit Card,2,No,,,,,,,,,,,,
CUST09236,47,Female,One Year,90.49,396.77,5,Debit Card,2,No,,,,,,,,,,,,
CUST09237,69,Female,Two Year,68.33,5453.7,60,Credit Card,2,No,,,,,,,,,,,,
CUST09238,66,Female,One Year,90.47,4170.79,65,Debit Card,2,No,,,,,,,,,,,,
CUST09239,30,Male,Monthly,43.76,2440.36,28,Debit Card,2,No,,,,,,,,,,,,
CUST09240,18,Female,Two Year,43.99,45.22,1,Direct Debit,2,No,,,,,,,,,,,,
CUST09241,51,Female,One Year,63.05,1340.89,29,Bank Transfer,1,No,,,,,,,,,,,,
CUST09242,79,Female,Two Year,75.14,3278.14,51,Direct Debit,1,No,,,,,,,,,,,,
CUST09243,32,Male,Two Year,96,2897.4,36,Bank Transfer,3,No,,,,,,,,,,,,
CUST09244,61,Male,Monthly,62.34,3147.15,32,Credit Card,4,No,,,,,,,,,,,,
CUST09245,31,Female,One Year,49.92,4147.18,64,Bank Transfer,0,No,,,,,,,,,,,,
CUST09246,74,Female,One Year,108.28,682.94,14,Direct Debit,2,No,,,,,,,,,,,,
CUST09247,46,Male,One Year,66.5,3281.94,32,Direct Debit,3,No,,,,,,,,,,,,
CUST09248,51,Female,Monthly,49.41,613.62,9,Credit Card,5,Yes,,,,,,,,,,,,
CUST09249,35,Female,Monthly,82.89,579.95,11,Credit Card,3,No,,,,,,,,,,,,
CUST09250,71,Male,Monthly,120,4285.5,48,Direct Debit,0,No,,,,,,,,,,,,
CUST09251,24,Female,Two Year,71.92,6071.09,51,Debit Card,2,No,,,,,,,,,,,,
CUST09252,46,Male,Monthly,72.9,289.51,4,Debit Card,1,No,,,,,,,,,,,,
CUST09253,72,Female,Monthly,85.26,2898.62,41,Debit Card,4,No,,,,,,,,,,,,
CUST09254,48,Female,Monthly,85.39,2190.33,25,Credit Card,1,No,,,,,,,,,,,,
CUST09255,78,Female,One Year,37.39,1513.23,17,Bank Transfer,4,No,,,,,,,,,,,,
CUST09256,42,Female,Two Year,95.31,1628.33,47,Direct Debit,1,No,,,,,,,,,,,,
CUST09257,55,Male,One Year,66.92,804.77,8,Direct Debit,1,No,,,,,,,,,,,,
CUST09258,31,Female,Monthly,61.33,3889.93,58,Credit Card,2,No,,,,,,,,,,,,
CUST09259,25,Female,Two Year,47.34,62.11,1,Direct Debit,1,No,,,,,,,,,,,,
CUST09260,44,Female,Monthly,55.81,90.23,2,Credit Card,1,No,,,,,,,,,,,,
CUST09261,71,Male,Two Year,97.19,514.37,10,Direct Debit,2,No,,,,,,,,,,,,
CUST09262,19,Male,Monthly,87.38,2813.99,27,Debit Card,0,No,,,,,,,,,,,,
CUST09263,34,Female,One Year,79.63,1213.8,13,Direct Debit,4,No,,,,,,,,,,,,
CUST09264,54,Female,Monthly,20,5236.89,63,Bank Transfer,1,No,,,,,,,,,,,,
CUST09265,31,Male,Two Year,55.5,219.07,11,Direct Debit,1,No,,,,,,,,,,,,
CUST09266,42,Female,Monthly,80.12,754.33,14,Direct Debit,0,No,,,,,,,,,,,,
CUST09267,73,Female,Monthly,52.52,1968.49,26,Credit Card,3,No,,,,,,,,,,,,
CUST09268,47,Female,Two Year,83.17,3380.89,69,Debit Card,2,No,,,,,,,,,,,,
CUST09269,46,Female,Monthly,80.56,3221.47,39,Bank Transfer,1,No,,,,,,,,,,,,
CUST09270,37,Female,One Year,92.77,2361.15,28,Credit Card,1,No,,,,,,,,,,,,
CUST09271,38,Female,One Year,30.59,1634.1,17,Direct Debit,1,No,,,,,,,,,,,,
CUST09272,78,Male,One Year,63.88,1178.18,37,Debit Card,0,No,,,,,,,,,,,,
CUST09273,70,Female,Monthly,45.34,1619.52,27,Credit Card,0,No,,,,,,,,,,,,
CUST09274,39,Female,Two Year,50.06,3214.09,67,Credit Card,0,No,,,,,,,,,,,,
CUST09275,52,Female,Two Year,68.86,3569.64,68,Bank Transfer,3,No,,,,,,,,,,,,
CUST09276,54,Female,Monthly,74.3,3026.23,47,Direct Debit,0,No,,,,,,,,,,,,
CUST09277,33,Male,Monthly,84.23,2468.21,34,Bank Transfer,0,Yes,,,,,,,,,,,,
CUST09278,67,Male,Monthly,56.05,1485.87,18,Credit Card,3,No,,,,,,,,,,,,
CUST09279,75,Female,Monthly,64.61,2035.55,35,Debit Card,1,No,,,,,,,,,,,,
CUST09280,66,Male,Monthly,64.27,1230.06,18,Direct Debit,0,No,,,,,,,,,,,,
CUST09281,60,Female,Two Year,65.86,4409.44,70,Credit Card,5,No,,,,,,,,,,,,
CUST09282,34,Male,One Year,53.01,2106.98,34,Direct Debit,4,No,,,,,,,,,,,,
CUST09283,33,Male,One Year,59.17,1632.49,33,Direct Debit,2,No,,,,,,,,,,,,
CUST09284,75,Male,Monthly,67.47,4354.88,72,Bank Transfer,2,No,,,,,,,,,,,,
CUST09285,72,Female,Monthly,34.14,2900.27,43,Direct Debit,2,No,,,,,,,,,,,,
CUST09286,19,Female,One Year,37.84,981.08,27,Credit Card,0,No,,,,,,,,,,,,
CUST09287,21,Female,One Year,60.98,1948.12,48,Direct Debit,1,No,,,,,,,,,,,,
CUST09288,38,Female,One Year,72.04,4475.6,69,Credit Card,0,No,,,,,,,,,,,,
CUST09289,56,Male,Monthly,88.75,4767.55,71,Bank Transfer,2,No,,,,,,,,,,,,
CUST09290,51,Male,One Year,38.03,1885.1,22,Debit Card,2,Yes,,,,,,,,,,,,
CUST09291,47,Female,Monthly,77.69,1238.98,34,Bank Transfer,0,No,,,,,,,,,,,,
CUST09292,23,Female,Monthly,92.61,3110.12,43,Credit Card,0,No,,,,,,,,,,,,
CUST09293,34,Male,One Year,76.25,1580.92,16,Direct Debit,4,Yes,,,,,,,,,,,,
CUST09294,56,Female,Monthly,47.32,1134.93,14,Direct Debit,2,No,,,,,,,,,,,,
CUST09295,42,Female,Two Year,62.02,1813.23,39,Direct Debit,1,No,,,,,,,,,,,,
CUST09296,22,Male,Monthly,100.19,4726.6,71,Bank Transfer,1,No,,,,,,,,,,,,
CUST09297,22,Male,One Year,83.08,1214.47,12,Bank Transfer,2,No,,,,,,,,,,,,
CUST09298,37,Female,Two Year,56.53,4521.17,55,Direct Debit,0,No,,,,,,,,,,,,
CUST09299,33,Male,Monthly,46.92,341.87,6,Direct Debit,1,No,,,,,,,,,,,,
CUST09300,68,Male,Two Year,73.76,1853.39,40,Bank Transfer,1,No,,,,,,,,,,,,
CUST09301,58,Female,One Year,70.55,926.95,13,Direct Debit,0,No,,,,,,,,,,,,
CUST09302,54,Male,Two Year,98.86,4619.57,69,Bank Transfer,0,No,,,,,,,,,,,,
CUST09303,57,Female,Monthly,64.92,2357.69,24,Debit Card,1,No,,,,,,,,,,,,
CUST09304,26,Male,Monthly,38.89,3849.14,59,Direct Debit,1,No,,,,,,,,,,,,
CUST09305,22,Female,Monthly,60.22,1881,46,Direct Debit,2,No,,,,,,,,,,,,
CUST09306,59,Female,One Year,61.82,2638.39,44,Credit Card,4,Yes,,,,,,,,,,,,
CUST09307,74,Male,Monthly,20,715.86,11,Credit Card,0,Yes,,,,,,,,,,,,
CUST09308,19,Male,Monthly,63.55,1308.75,61,Bank Transfer,0,No,,,,,,,,,,,,
CUST09309,26,Female,Monthly,89.92,2368.88,36,Direct Debit,0,No,,,,,,,,,,,,
CUST09310,60,Female,Monthly,80.37,6080.31,72,Credit Card,3,No,,,,,,,,,,,,
CUST09311,53,Female,One Year,63.2,798.72,10,Direct Debit,1,No,,,,,,,,,,,,
CUST09312,39,Male,Monthly,67.4125,66.81,1,Debit Card,1,No,,,,,,,,,,,,
CUST09313,39,Female,Monthly,59.3,3849.19,63,Debit Card,3,Yes,,,,,,,,,,,,
CUST09314,39,Female,Monthly,54.48,746.98,12,Credit Card,1,No,,,,,,,,,,,,
CUST09315,51,Female,One Year,78.46,284.42,5,Direct Debit,2,No,,,,,,,,,,,,
CUST09316,72,Female,Two Year,92.15,2670.83,36,Credit Card,0,No,,,,,,,,,,,,
CUST09317,46,Male,One Year,85.57,1523.81,17,Credit Card,1,No,,,,,,,,,,,,
CUST09318,55,Female,Monthly,57.03,5172.63,58,Debit Card,0,No,,,,,,,,,,,,
CUST09319,76,Male,Monthly,54.58,1186.24,22,Debit Card,0,No,,,,,,,,,,,,
CUST09320,63,Male,Monthly,94.48,1671.08,31,Credit Card,1,No,,,,,,,,,,,,
CUST09321,50,Female,One Year,71.13,2313.95,26,Debit Card,4,No,,,,,,,,,,,,
CUST09322,35,Female,Monthly,45.27,885.59,13,Debit Card,0,No,,,,,,,,,,,,
CUST09323,24,Male,Two Year,61.49,2754.18,63,Bank Transfer,1,No,,,,,,,,,,,,
CUST09324,18,Female,Two Year,44.98,4139.78,67,Credit Card,1,No,,,,,,,,,,,,
CUST09325,80,Male,Monthly,46.67,3020.5,63,Direct Debit,2,No,,,,,,,,,,,,
CUST09326,50,Female,Monthly,56.41,503.97,11,Debit Card,2,Yes,,,,,,,,,,,,
CUST09327,18,Female,Monthly,87.7,4110.24,69,Direct Debit,2,Yes,,,,,,,,,,,,
CUST09328,41,Male,Monthly,58.07,5788.08,64,Debit Card,5,No,,,,,,,,,,,,
CUST09329,21,Male,One Year,77.74,4125.95,68,Direct Debit,2,No,,,,,,,,,,,,
CUST09330,21,Male,One Year,75.25,2592.05,32,Debit Card,1,No,,,,,,,,,,,,
CUST09331,78,Male,Monthly,36.94,728.68,10,Bank Transfer,2,No,,,,,,,,,,,,
CUST09332,35,Male,One Year,96.45,1910.58,54,Debit Card,0,No,,,,,,,,,,,,
CUST09333,44,Female,One Year,37.5,5710.1,55,Debit Card,4,No,,,,,,,,,,,,
CUST09334,60,Male,Two Year,54.84,2413.47,62,Bank Transfer,0,No,,,,,,,,,,,,
CUST09335,76,Female,One Year,55.75,2951.43,55,Bank Transfer,2,No,,,,,,,,,,,,
CUST09336,49,Male,One Year,86.2,1968.23,35,Direct Debit,1,No,,,,,,,,,,,,
CUST09337,50,Female,Monthly,52.54,6030.32,67,Bank Transfer,0,No,,,,,,,,,,,,
CUST09338,45,Male,One Year,53.26,3172.36,65,Credit Card,1,No,,,,,,,,,,,,
CUST09339,59,Male,Monthly,82.71,847.33,17,Direct Debit,0,No,,,,,,,,,,,,
CUST09340,58,Female,One Year,65.76,3209.85,42,Bank Transfer,0,Yes,,,,,,,,,,,,
CUST09341,72,Male,Monthly,83.12,3671.3,59,Debit Card,3,No,,,,,,,,,,,,
CUST09342,53,Female,Monthly,119.88,5464.04,70,Direct Debit,1,No,,,,,,,,,,,,
CUST09343,77,Female,Monthly,60.14,1310.88,11,Direct Debit,6,Yes,,,,,,,,,,,,
CUST09344,23,Female,Monthly,80.5,1626.59,28,Credit Card,0,No,,,,,,,,,,,,
CUST09345,79,Male,Monthly,35.98,2911.24,39,Credit Card,1,No,,,,,,,,,,,,
CUST09346,33,Male,Two Year,58.61,1927.2,54,Credit Card,0,No,,,,,,,,,,,,
CUST09347,51,Female,Monthly,70.8,652.82,11,Bank Transfer,6,Yes,,,,,,,,,,,,
CUST09348,40,Female,One Year,99.79,4021.14,58,Direct Debit,2,No,,,,,,,,,,,,
CUST09349,67,Male,Monthly,39.81,3838.55,40,Direct Debit,2,No,,,,,,,,,,,,
CUST09350,59,Male,Monthly,77.43,156.45,4,Bank Transfer,1,No,,,,,,,,,,,,
CUST09351,41,Male,Monthly,48.59,4971.3,64,Debit Card,0,No,,,,,,,,,,,,
CUST09352,73,Male,Monthly,65.24,2308.45,48,Credit Card,1,No,,,,,,,,,,,,
CUST09353,66,Male,Monthly,57.91,4269.61,70,Direct Debit,7,No,,,,,,,,,,,,
CUST09354,30,Female,Monthly,56.24,1782.81,31,Direct Debit,3,No,,,,,,,,,,,,
CUST09355,73,Male,Monthly,64.02,116.45,2,Credit Card,1,No,,,,,,,,,,,,
CUST09356,35,Male,Two Year,51.18,2893.81,43,Credit Card,5,No,,,,,,,,,,,,
CUST09357,71,Male,Monthly,20,2078.08,41,Debit Card,3,No,,,,,,,,,,,,
CUST09358,30,Female,Two Year,53.31,1294.81,60,Credit Card,0,No,,,,,,,,,,,,
CUST09359,66,Male,Two Year,49.25,2586.78,46,Credit Card,0,No,,,,,,,,,,,,
CUST09360,54,Male,One Year,52.73,1880.29,40,Debit Card,1,No,,,,,,,,,,,,
CUST09361,60,Male,Two Year,54.41,3089.55,59,Credit Card,2,No,,,,,,,,,,,,
CUST09362,56,Male,Monthly,72.5,2368.32,45,Direct Debit,3,No,,,,,,,,,,,,
CUST09363,78,Male,Two Year,82.07,3069.48,42,Direct Debit,1,No,,,,,,,,,,,,
CUST09364,59,Female,Monthly,43.36,1647.39,21,Direct Debit,2,No,,,,,,,,,,,,
CUST09365,34,Female,Monthly,87.91,120.41,3,Bank Transfer,3,Yes,,,,,,,,,,,,
CUST09366,32,Male,One Year,73.59,6177.46,66,Unknown,2,No,,,,,,,,,,,,
CUST09367,35,Female,Two Year,51.31,812.05,11,Debit Card,1,No,,,,,,,,,,,,
CUST09368,40,Male,Two Year,68.49,1313.2,24,Credit Card,0,No,,,,,,,,,,,,
CUST09369,71,Male,Monthly,89.9,3215.28,50,Bank Transfer,3,No,,,,,,,,,,,,
CUST09370,68,Female,Monthly,55.88,1782.63,21,Debit Card,5,Yes,,,,,,,,,,,,
CUST09371,47,Female,One Year,81.15,1335.86,25,Credit Card,2,No,,,,,,,,,,,,
CUST09372,75,Female,One Year,76.06,322.37,4,Bank Transfer,5,No,,,,,,,,,,,,
CUST09373,51,Male,Monthly,88.02,3469.43,43,Credit Card,2,No,,,,,,,,,,,,
CUST09374,75,Male,Monthly,71.31,4236.5,47,Unknown,5,No,,,,,,,,,,,,
CUST09375,21,Female,Two Year,51.48,1523.35,23,Direct Debit,5,No,,,,,,,,,,,,
CUST09376,20,Female,One Year,71.76,3042.94,60,Credit Card,2,No,,,,,,,,,,,,
CUST09377,24,Male,Monthly,82.91,1560.79,21,Credit Card,2,No,,,,,,,,,,,,
CUST09378,73,Female,One Year,79.19,5316.55,66,Credit Card,2,No,,,,,,,,,,,,
CUST09379,35,Female,One Year,74.67,4033.88,51,Direct Debit,1,No,,,,,,,,,,,,
CUST09380,59,Male,Two Year,59.34,1157.94,15,Credit Card,0,No,,,,,,,,,,,,
CUST09381,24,Female,One Year,99.67,3697.78,58,Debit Card,1,No,,,,,,,,,,,,
CUST09382,57,Female,Monthly,66.6,2522.27,26,Credit Card,3,No,,,,,,,,,,,,
CUST09383,23,Male,Two Year,102.83,4083.04,59,Debit Card,2,No,,,,,,,,,,,,
CUST09384,39,Female,Monthly,38.88,4810.52,45,Direct Debit,4,No,,,,,,,,,,,,
CUST09385,75,Male,Two Year,57.62,2583.61,66,Debit Card,2,No,,,,,,,,,,,,
CUST09386,18,Male,One Year,56.35,2117.81,35,Direct Debit,1,No,,,,,,,,,,,,
CUST09387,21,Female,Two Year,87.5,3627.24,64,Bank Transfer,2,No,,,,,,,,,,,,
CUST09388,63,Female,Monthly,50.36,2409.75,27,Bank Transfer,8,Yes,,,,,,,,,,,,
CUST09389,66,Female,One Year,50.35,1645.39,31,Direct Debit,0,No,,,,,,,,,,,,
CUST09390,69,Female,One Year,85.23,601.91,12,Direct Debit,3,No,,,,,,,,,,,,
CUST09391,67,Female,One Year,67.73,3821.82,45,Unknown,0,No,,,,,,,,,,,,
CUST09392,60,Female,Monthly,81.38,2198.93,32,Bank Transfer,1,Yes,,,,,,,,,,,,
CUST09393,46,Male,Monthly,48.04,4608.41,54,Direct Debit,2,No,,,,,,,,,,,,
CUST09394,38,Female,One Year,83.88,2981.51,66,Credit Card,3,No,,,,,,,,,,,,
CUST09395,43,Female,Monthly,81.26,2800.64,32,Direct Debit,4,Yes,,,,,,,,,,,,
CUST09396,31,Male,One Year,94.47,1178.87,15,Credit Card,2,No,,,,,,,,,,,,
CUST09397,26,Female,Monthly,42.49,4839.23,55,Debit Card,0,No,,,,,,,,,,,,
CUST09398,76,Female,Two Year,47.02,1823.53,41,Bank Transfer,0,No,,,,,,,,,,,,
CUST09399,64,Female,Monthly,67.34,1774.01,40,Credit Card,2,No,,,,,,,,,,,,
CUST09400,29,Male,Monthly,94.98,4626.04,72,Bank Transfer,1,No,,,,,,,,,,,,
CUST09401,59,Female,Monthly,48.26,4807.54,49,Credit Card,2,Yes,,,,,,,,,,,,
CUST09402,68,Male,One Year,49.76,1852.81,38,Direct Debit,1,No,,,,,,,,,,,,
CUST09403,73,Male,Monthly,61.18,2974.04,56,Unknown,0,No,,,,,,,,,,,,
CUST09404,68,Female,Monthly,67.61,2231.33,34,Bank Transfer,4,No,,,,,,,,,,,,
CUST09405,23,Female,One Year,71.91,65.6,1,Debit Card,2,No,,,,,,,,,,,,
CUST09406,37,Male,Monthly,43.04,698.87,10,Credit Card,3,No,,,,,,,,,,,,
CUST09407,41,Male,Two Year,46.3,1641.65,40,Direct Debit,2,No,,,,,,,,,,,,
CUST09408,44,Female,Two Year,68.64,742.89,16,Debit Card,0,No,,,,,,,,,,,,
CUST09409,55,Female,Monthly,45.08,3095.8,46,Credit Card,1,No,,,,,,,,,,,,
CUST09410,25,Female,Two Year,42.58,997.9,24,Direct Debit,0,No,,,,,,,,,,,,
CUST09411,18,Female,One Year,81.89,586.1,14,Bank Transfer,1,No,,,,,,,,,,,,
CUST09412,71,Male,Monthly,54.48,2969.74,39,Credit Card,5,Yes,,,,,,,,,,,,
CUST09413,66,Male,One Year,52.07,1027.56,18,Direct Debit,0,No,,,,,,,,,,,,
CUST09414,66,Male,Two Year,53.88,2281.37,41,Direct Debit,0,No,,,,,,,,,,,,
CUST09415,41,Male,Two Year,71.8,2918.71,56,Debit Card,3,No,,,,,,,,,,,,
CUST09416,64,Male,One Year,70.08,2647.13,36,Credit Card,3,No,,,,,,,,,,,,
CUST09417,24,Male,Monthly,53.39,1571.19,24,Debit Card,1,No,,,,,,,,,,,,
CUST09418,36,Female,One Year,66.8,1514.5,29,Direct Debit,1,No,,,,,,,,,,,,
CUST09419,39,Male,Monthly,62.51,1487.45,22,Credit Card,0,No,,,,,,,,,,,,
CUST09420,80,Female,One Year,95.53,644.06,11,Credit Card,2,No,,,,,,,,,,,,
CUST09421,74,Female,One Year,70.99,3839.74,41,Bank Transfer,1,No,,,,,,,,,,,,
CUST09422,72,Female,Monthly,55.23,3731.88,49,Bank Transfer,1,No,,,,,,,,,,,,
CUST09423,77,Female,Monthly,33.53,575.07,11,Direct Debit,3,No,,,,,,,,,,,,
CUST09424,52,Female,One Year,90.63,1777.1,52,Direct Debit,3,No,,,,,,,,,,,,
CUST09425,79,Male,Monthly,68.41,6396.08,67,Direct Debit,4,Yes,,,,,,,,,,,,
CUST09426,47,Male,Monthly,71.4,571.03,8,Debit Card,1,No,,,,,,,,,,,,
CUST09427,46,Male,One Year,76.3,2309.51,31,Direct Debit,6,No,,,,,,,,,,,,
CUST09428,39,Male,Two Year,49.07,425.51,6,Credit Card,2,No,,,,,,,,,,,,
CUST09429,28,Female,One Year,54.05,3747.97,71,Debit Card,0,No,,,,,,,,,,,,
CUST09430,37,Female,Monthly,67.89,728.19,13,Bank Transfer,2,Yes,,,,,,,,,,,,
CUST09431,79,Female,One Year,116.22,436.95,6,Direct Debit,3,Yes,,,,,,,,,,,,
CUST09432,46,Male,Monthly,51.77,8383.84,67,Bank Transfer,1,No,,,,,,,,,,,,
CUST09433,68,Female,One Year,55.19,1365.81,27,Debit Card,3,No,,,,,,,,,,,,
CUST09434,58,Male,One Year,78.43,2500.79,45,Credit Card,2,No,,,,,,,,,,,,
CUST09435,59,Female,Two Year,73.19,2114.05,26,Credit Card,2,No,,,,,,,,,,,,
CUST09436,51,Male,Two Year,58.66,309.11,4,Direct Debit,2,No,,,,,,,,,,,,
CUST09437,18,Male,Monthly,29.4,2333.96,37,Credit Card,2,No,,,,,,,,,,,,
CUST09438,48,Male,Two Year,55.87,664.27,21,Debit Card,1,No,,,,,,,,,,,,
CUST09439,47,Female,Two Year,102.3,1521.25,28,Direct Debit,3,No,,,,,,,,,,,,
CUST09440,65,Male,One Year,60.63,3368.13,32,Credit Card,4,No,,,,,,,,,,,,
CUST09441,35,Male,Monthly,82.56,3031.86,53,Credit Card,1,No,,,,,,,,,,,,
CUST09442,72,Female,One Year,49.42,2859.84,33,Bank Transfer,3,No,,,,,,,,,,,,
CUST09443,75,Female,Monthly,81.22,1214.92,26,Debit Card,1,No,,,,,,,,,,,,
CUST09444,34,Male,One Year,88.23,1467.05,17,Debit Card,2,No,,,,,,,,,,,,
CUST09445,55,Female,Monthly,64.89,5319.63,56,Bank Transfer,1,No,,,,,,,,,,,,
CUST09446,31,Male,One Year,85.34,1817.86,30,Debit Card,1,No,,,,,,,,,,,,
CUST09447,40,Male,Two Year,67.67,427.54,5,Direct Debit,1,No,,,,,,,,,,,,
CUST09448,42,Male,Monthly,103.97,390.74,6,Direct Debit,3,Yes,,,,,,,,,,,,
CUST09449,32,Male,One Year,68.52,6415.23,62,Direct Debit,3,No,,,,,,,,,,,,
CUST09450,63,Female,Monthly,59.7,662.59,10,Bank Transfer,1,No,,,,,,,,,,,,
CUST09451,73,Female,One Year,71.31,3888.57,70,Debit Card,0,No,,,,,,,,,,,,
CUST09452,39,Male,One Year,44.72,701.02,10,Debit Card,0,No,,,,,,,,,,,,
CUST09453,20,Female,Monthly,71.16,1874.67,44,Debit Card,0,No,,,,,,,,,,,,
CUST09454,73,Female,One Year,45.98,4016.39,56,Debit Card,1,No,,,,,,,,,,,,
CUST09455,72,Male,Two Year,88.97,189.23,4,Credit Card,2,No,,,,,,,,,,,,
CUST09456,36,Male,Monthly,84.2,1139.09,13,Credit Card,3,No,,,,,,,,,,,,
CUST09457,74,Female,One Year,50.59,1523.94,19,Direct Debit,0,No,,,,,,,,,,,,
CUST09458,61,Female,One Year,61.41,3366.62,70,Debit Card,2,No,,,,,,,,,,,,
CUST09459,51,Female,Monthly,80.75,3504.28,62,Direct Debit,0,No,,,,,,,,,,,,
CUST09460,52,Female,Two Year,105.08,750.28,9,Debit Card,3,No,,,,,,,,,,,,
CUST09461,67,Male,One Year,71.87,4642.75,46,Direct Debit,4,No,,,,,,,,,,,,
CUST09462,78,Female,Monthly,85.28,4327.86,56,Bank Transfer,4,No,,,,,,,,,,,,
CUST09463,18,Male,Monthly,86.3,3546.04,40,Unknown,4,No,,,,,,,,,,,,
CUST09464,69,Female,Monthly,79.89,5592.8,67,Debit Card,3,No,,,,,,,,,,,,
CUST09465,38,Female,One Year,20,4682.89,62,Direct Debit,0,No,,,,,,,,,,,,
CUST09466,46,Male,One Year,45.72,938.3,46,Debit Card,1,No,,,,,,,,,,,,
CUST09467,23,Male,One Year,94.87,290.32,6,Credit Card,0,No,,,,,,,,,,,,
CUST09468,54,Female,One Year,52.98,2788.35,29,Bank Transfer,4,No,,,,,,,,,,,,
CUST09469,18,Male,Monthly,66.93,927.86,19,Credit Card,2,No,,,,,,,,,,,,
CUST09470,68,Female,Monthly,99.06,1049.94,15,Bank Transfer,3,No,,,,,,,,,,,,
CUST09471,18,Female,Two Year,51.14,6065.81,57,Credit Card,3,No,,,,,,,,,,,,
CUST09472,49,Female,Two Year,72.4,1802.61,38,Direct Debit,2,No,,,,,,,,,,,,
CUST09473,38,Male,Monthly,74.68,1595.6,21,Debit Card,2,No,,,,,,,,,,,,
CUST09474,70,Female,One Year,92.75,3942.13,51,Direct Debit,0,No,,,,,,,,,,,,
CUST09475,33,Female,Monthly,83.08,3557.92,39,Credit Card,3,No,,,,,,,,,,,,
CUST09476,61,Female,Monthly,56.26,1697.24,20,Bank Transfer,2,No,,,,,,,,,,,,
CUST09477,76,Female,One Year,71.87,106.38,2,Credit Card,0,No,,,,,,,,,,,,
CUST09478,78,Female,Monthly,66.76,2380.83,32,Direct Debit,3,No,,,,,,,,,,,,
CUST09479,71,Female,Monthly,83.74,270.51,4,Credit Card,2,No,,,,,,,,,,,,
CUST09480,57,Male,One Year,60.04,547.41,7,Direct Debit,2,Yes,,,,,,,,,,,,
CUST09481,43,Female,Two Year,64.85,190.73,3,Debit Card,2,No,,,,,,,,,,,,
CUST09482,33,Male,Two Year,55.45,1524.85,25,Credit Card,0,No,,,,,,,,,,,,
CUST09483,45,Male,One Year,108.73,494.12,9,Debit Card,5,No,,,,,,,,,,,,
CUST09484,18,Male,Monthly,53.88,2660.15,26,Direct Debit,4,Yes,,,,,,,,,,,,
CUST09485,53,Female,Monthly,106.58,3528.94,64,Credit Card,1,No,,,,,,,,,,,,
CUST09486,27,Female,One Year,58.18,1991.45,18,Bank Transfer,4,No,,,,,,,,,,,,
CUST09487,60,Female,Two Year,78.72,124.69,2,Bank Transfer,0,No,,,,,,,,,,,,
CUST09488,34,Male,Two Year,68.8,75.6,1,Debit Card,2,No,,,,,,,,,,,,
CUST09489,74,Male,One Year,47.76,3231.75,48,Direct Debit,2,No,,,,,,,,,,,,
CUST09490,76,Male,Monthly,60.05,2954.34,63,Credit Card,1,No,,,,,,,,,,,,
CUST09491,40,Female,Monthly,91.4,2022.41,36,Debit Card,0,No,,,,,,,,,,,,
CUST09492,24,Male,Monthly,40.85,6041.88,63,Bank Transfer,1,No,,,,,,,,,,,,
CUST09493,61,Male,Two Year,20,991.19,26,Credit Card,2,No,,,,,,,,,,,,
CUST09494,70,Male,Monthly,32.77,116.9,6,Credit Card,0,No,,,,,,,,,,,,
CUST09495,24,Female,Monthly,70.95,809.81,26,Debit Card,0,No,,,,,,,,,,,,
CUST09496,61,Female,Monthly,44.71,3131.09,43,Bank Transfer,0,No,,,,,,,,,,,,
CUST09497,32,Female,One Year,66.47,47.61,1,Credit Card,1,No,,,,,,,,,,,,
CUST09498,51,Male,One Year,77.71,621.82,9,Credit Card,3,No,,,,,,,,,,,,
CUST09499,63,Male,One Year,78.45,2190.33,27,Credit Card,2,No,,,,,,,,,,,,
CUST09500,62,Male,One Year,71.31,5194.32,71,Unknown,1,No,,,,,,,,,,,,
CUST09501,21,Male,One Year,109.85,222.11,3,Credit Card,4,Yes,,,,,,,,,,,,
CUST09502,31,Male,Monthly,100.92,6231.82,61,Direct Debit,2,No,,,,,,,,,,,,
CUST09503,31,Male,Monthly,41.34,201.33,2,Credit Card,2,Yes,,,,,,,,,,,,
CUST09504,33,Male,Two Year,81.46,1320.9,31,Direct Debit,0,No,,,,,,,,,,,,
CUST09505,24,Male,Monthly,81.62,5087.12,65,Credit Card,3,No,,,,,,,,,,,,
CUST09506,49,Male,Monthly,47.48,1512.08,18,Debit Card,2,No,,,,,,,,,,,,
CUST09507,36,Female,Monthly,57.71,302.22,6,Debit Card,4,No,,,,,,,,,,,,
CUST09508,19,Female,Monthly,36.57,2570.4,42,Debit Card,2,No,,,,,,,,,,,,
CUST09509,27,Female,Monthly,55.07,2364.25,68,Credit Card,1,No,,,,,,,,,,,,
CUST09510,67,Male,One Year,75.54,212.33,4,Direct Debit,2,No,,,,,,,,,,,,
CUST09511,78,Male,Two Year,85.83,310.19,4,Debit Card,3,Yes,,,,,,,,,,,,
CUST09512,34,Female,One Year,114.75,5883.62,65,Credit Card,2,No,,,,,,,,,,,,
CUST09513,54,Male,Monthly,80.03,4671.04,41,Credit Card,3,Yes,,,,,,,,,,,,
CUST09514,29,Female,One Year,68.06,3673.76,43,Direct Debit,2,No,,,,,,,,,,,,
CUST09515,23,Female,Two Year,97.38,3787.99,55,Credit Card,1,No,,,,,,,,,,,,
CUST09516,39,Female,Two Year,101.26,1779.75,19,Debit Card,3,No,,,,,,,,,,,,
CUST09517,49,Female,Monthly,59.49,1963.14,21,Credit Card,2,Yes,,,,,,,,,,,,
CUST09518,58,Female,Monthly,58.14,3620.1,58,Direct Debit,0,No,,,,,,,,,,,,
CUST09519,37,Female,Two Year,77.54,1630.56,30,Bank Transfer,0,No,,,,,,,,,,,,
CUST09520,18,Male,One Year,44.28,506.17,7,Bank Transfer,1,No,,,,,,,,,,,,
CUST09521,71,Male,Monthly,78.76,3190.8,69,Direct Debit,1,No,,,,,,,,,,,,
CUST09522,64,Male,Monthly,75.02,4662.91,64,Bank Transfer,3,No,,,,,,,,,,,,
CUST09523,70,Male,One Year,86.19,158.27,2,Direct Debit,1,No,,,,,,,,,,,,
CUST09524,75,Male,Monthly,86.39,5865.95,67,Bank Transfer,0,No,,,,,,,,,,,,
CUST09525,23,Male,Monthly,62.76,794.5,9,Debit Card,2,No,,,,,,,,,,,,
CUST09526,36,Female,Monthly,78.28,1544.65,23,Credit Card,1,No,,,,,,,,,,,,
CUST09527,35,Male,Monthly,60.61,1160.22,14,Direct Debit,2,Yes,,,,,,,,,,,,
CUST09528,23,Male,Monthly,90.03,3050.9,54,Debit Card,1,No,,,,,,,,,,,,
CUST09529,62,Male,Monthly,74.36,4280.16,45,Bank Transfer,1,No,,,,,,,,,,,,
CUST09530,50,Female,Monthly,89.14,1221.58,16,Direct Debit,3,No,,,,,,,,,,,,
CUST09531,40,Male,Monthly,33.36,6229.93,72,Credit Card,3,No,,,,,,,,,,,,
CUST09532,40,Female,Monthly,44.07,2009.03,57,Direct Debit,0,No,,,,,,,,,,,,
CUST09533,43,Female,Monthly,75.65,325.67,8,Debit Card,3,No,,,,,,,,,,,,
CUST09534,30,Female,Monthly,43.88,1993.39,25,Credit Card,1,No,,,,,,,,,,,,
CUST09535,24,Male,Monthly,89.61,1833.68,41,Bank Transfer,2,No,,,,,,,,,,,,
CUST09536,32,Male,Monthly,91.22,5343.51,62,Bank Transfer,1,No,,,,,,,,,,,,
CUST09537,61,Female,Monthly,79.17,1512.17,18,Direct Debit,1,No,,,,,,,,,,,,
CUST09538,44,Male,Monthly,54.62,3972.01,50,Bank Transfer,2,No,,,,,,,,,,,,
CUST09539,43,Male,Two Year,63.3,2211.56,41,Direct Debit,1,No,,,,,,,,,,,,
CUST09540,50,Male,Monthly,78.26,2277.04,34,Bank Transfer,3,No,,,,,,,,,,,,
CUST09541,32,Female,Two Year,82.63,982.38,12,Debit Card,4,No,,,,,,,,,,,,
CUST09542,53,Male,Monthly,44.62,3520.24,42,Debit Card,0,No,,,,,,,,,,,,
CUST09543,62,Female,Two Year,79.76,2317,55,Credit Card,0,No,,,,,,,,,,,,
CUST09544,72,Male,Monthly,94.64,4876.1,59,Bank Transfer,1,No,,,,,,,,,,,,
CUST09545,44,Female,One Year,82.8,4898.94,51,Bank Transfer,2,Yes,,,,,,,,,,,,
CUST09546,74,Female,Monthly,52.42,4053.16,53,Direct Debit,1,No,,,,,,,,,,,,
CUST09547,22,Male,Two Year,67.2,491.54,9,Debit Card,3,No,,,,,,,,,,,,
CUST09548,78,Male,Monthly,52.24,212.3,3,Debit Card,1,Yes,,,,,,,,,,,,
CUST09549,19,Male,Two Year,57.51,436.27,8,Credit Card,2,No,,,,,,,,,,,,
CUST09550,72,Male,One Year,42.28,3217.37,59,Bank Transfer,1,No,,,,,,,,,,,,
CUST09551,75,Female,One Year,63.41,1268.91,30,Direct Debit,0,No,,,,,,,,,,,,
CUST09552,50,Male,Two Year,29.23,4267.01,67,Credit Card,0,No,,,,,,,,,,,,
CUST09553,33,Female,Two Year,80.34,1719.38,55,Credit Card,3,No,,,,,,,,,,,,
CUST09554,40,Male,One Year,63.93,2917.57,34,Bank Transfer,2,No,,,,,,,,,,,,
CUST09555,55,Male,Monthly,97.79,2556.46,43,Credit Card,1,Yes,,,,,,,,,,,,
CUST09556,72,Female,Monthly,49.52,2956.82,28,Debit Card,3,Yes,,,,,,,,,,,,
CUST09557,33,Female,Monthly,66.59,1916.29,37,Bank Transfer,0,No,,,,,,,,,,,,
CUST09558,31,Male,Monthly,72.26,1957.92,30,Debit Card,0,No,,,,,,,,,,,,
CUST09559,46,Female,Monthly,41.8,5330.16,71,Credit Card,3,No,,,,,,,,,,,,
CUST09560,43,Male,One Year,75.14,2540.45,62,Direct Debit,1,No,,,,,,,,,,,,
CUST09561,52,Female,One Year,46.38,2331.17,29,Debit Card,3,No,,,,,,,,,,,,
CUST09562,32,Male,Monthly,72.33,90.95,2,Credit Card,0,No,,,,,,,,,,,,
CUST09563,20,Male,One Year,99.41,4298.34,57,Debit Card,0,No,,,,,,,,,,,,
CUST09564,40,Female,Monthly,72.92,5353.83,57,Credit Card,2,No,,,,,,,,,,,,
CUST09565,46,Male,Two Year,61.42,3235.28,42,Bank Transfer,0,No,,,,,,,,,,,,
CUST09566,51,Male,Monthly,88.57,3067.58,49,Direct Debit,4,No,,,,,,,,,,,,
CUST09567,50,Male,One Year,108.11,5296.96,57,Credit Card,2,No,,,,,,,,,,,,
CUST09568,58,Female,Two Year,75.63,7575.05,71,Bank Transfer,2,No,,,,,,,,,,,,
CUST09569,58,Female,Monthly,51.63,1327.87,18,Debit Card,2,No,,,,,,,,,,,,
CUST09570,40,Female,One Year,61.49,3632.96,70,Bank Transfer,1,No,,,,,,,,,,,,
CUST09571,24,Female,Two Year,44.41,1630.53,27,Direct Debit,0,Yes,,,,,,,,,,,,
CUST09572,20,Female,Monthly,85.17,2403.57,54,Credit Card,0,No,,,,,,,,,,,,
CUST09573,75,Male,Two Year,71.34,2021.4,24,Credit Card,1,No,,,,,,,,,,,,
CUST09574,49,Male,One Year,59.61,2307.83,34,Direct Debit,5,No,,,,,,,,,,,,
CUST09575,48,Female,Monthly,67.4125,1411.43,22,Direct Debit,2,No,,,,,,,,,,,,
CUST09576,35,Male,Monthly,55.82,4645.12,63,Direct Debit,1,Yes,,,,,,,,,,,,
CUST09577,60,Male,One Year,56.06,2146.38,36,Debit Card,1,No,,,,,,,,,,,,
CUST09578,24,Female,Two Year,70.69,3598.79,61,Debit Card,1,No,,,,,,,,,,,,
CUST09579,58,Female,Monthly,99.8,2931.41,42,Debit Card,1,No,,,,,,,,,,,,
CUST09580,18,Male,One Year,49.11,3199.66,33,Debit Card,7,No,,,,,,,,,,,,
CUST09581,78,Male,Monthly,79.83,418.28,9,Bank Transfer,1,No,,,,,,,,,,,,
CUST09582,31,Female,One Year,52.13,1878.58,25,Direct Debit,2,No,,,,,,,,,,,,
CUST09583,69,Male,One Year,105.49,683.21,13,Credit Card,1,No,,,,,,,,,,,,
CUST09584,49,Male,Monthly,45.57,4645.02,47,Debit Card,2,No,,,,,,,,,,,,
CUST09585,23,Male,One Year,43.68,2042.93,45,Debit Card,0,No,,,,,,,,,,,,
CUST09586,56,Female,Two Year,84.45,229.4,5,Debit Card,4,No,,,,,,,,,,,,
CUST09587,27,Male,Monthly,63.98,2725.61,31,Bank Transfer,1,Yes,,,,,,,,,,,,
CUST09588,24,Female,One Year,86.24,1866.76,31,Direct Debit,1,No,,,,,,,,,,,,
CUST09589,43,Male,Monthly,89.72,6574.75,71,Direct Debit,3,No,,,,,,,,,,,,
CUST09590,51,Male,One Year,68.92,3552.67,41,Credit Card,2,No,,,,,,,,,,,,
CUST09591,47,Male,One Year,90.79,3274.66,46,Direct Debit,1,No,,,,,,,,,,,,
CUST09592,53,Female,Monthly,25.77,4570.38,52,Debit Card,3,No,,,,,,,,,,,,
CUST09593,38,Female,One Year,74.01,131.27,5,Debit Card,0,No,,,,,,,,,,,,
CUST09594,79,Male,One Year,58.7,898.42,12,Credit Card,1,No,,,,,,,,,,,,
CUST09595,77,Female,Two Year,99.61,1169.25,21,Credit Card,1,No,,,,,,,,,,,,
CUST09596,34,Male,Monthly,26.79,918.37,9,Direct Debit,2,No,,,,,,,,,,,,
CUST09597,50,Female,Monthly,45.49,442.75,17,Bank Transfer,2,No,,,,,,,,,,,,
CUST09598,27,Male,Two Year,35.86,1111.18,24,Debit Card,2,No,,,,,,,,,,,,
CUST09599,68,Female,Two Year,76.05,974.63,27,Direct Debit,0,No,,,,,,,,,,,,
CUST09600,80,Male,Monthly,67.01,641.76,8,Credit Card,2,No,,,,,,,,,,,,
CUST09601,64,Female,Two Year,66.45,2813.33,44,Bank Transfer,2,No,,,,,,,,,,,,
CUST09602,59,Female,One Year,78.2,3890.12,62,Bank Transfer,1,No,,,,,,,,,,,,
CUST09603,68,Male,Two Year,91.28,2396.57,29,Debit Card,2,No,,,,,,,,,,,,
CUST09604,29,Male,Monthly,78.68,2171.28,24,Credit Card,3,Yes,,,,,,,,,,,,
CUST09605,73,Male,Monthly,42.75,2795.75,34,Direct Debit,4,Yes,,,,,,,,,,,,
CUST09606,33,Female,Monthly,50.54,2753.61,60,Debit Card,1,No,,,,,,,,,,,,
CUST09607,58,Male,Two Year,83.9,1577.85,31,Credit Card,4,No,,,,,,,,,,,,
CUST09608,49,Female,Monthly,65.39,324.9,4,Bank Transfer,0,Yes,,,,,,,,,,,,
CUST09609,32,Female,Two Year,53.83,616.22,9,Bank Transfer,3,No,,,,,,,,,,,,
CUST09610,79,Male,One Year,90.67,3107.25,54,Direct Debit,0,No,,,,,,,,,,,,
CUST09611,44,Male,Monthly,81.81,86.97,1,Direct Debit,3,No,,,,,,,,,,,,
CUST09612,45,Female,Monthly,84.89,5140.8,61,Bank Transfer,2,No,,,,,,,,,,,,
CUST09613,34,Female,One Year,73.51,2749.73,31,Credit Card,1,No,,,,,,,,,,,,
CUST09614,63,Female,One Year,57.29,3057.37,45,Direct Debit,1,No,,,,,,,,,,,,
CUST09615,76,Male,Monthly,91.21,3488.15,60,Credit Card,2,No,,,,,,,,,,,,
CUST09616,67,Male,Two Year,80.15,3912.44,42,Credit Card,1,No,,,,,,,,,,,,
CUST09617,75,Female,One Year,70.38,2211.33,27,Debit Card,3,No,,,,,,,,,,,,
CUST09618,19,Female,Two Year,84.83,3810.41,58,Debit Card,3,No,,,,,,,,,,,,
CUST09619,80,Female,One Year,65.19,5405.32,69,Credit Card,0,No,,,,,,,,,,,,
CUST09620,53,Male,Monthly,77.55,2143.3,34,Debit Card,1,No,,,,,,,,,,,,
CUST09621,67,Male,One Year,57.81,757.86,10,Bank Transfer,6,Yes,,,,,,,,,,,,
CUST09622,24,Male,Two Year,54.52,3598.51,66,Debit Card,2,No,,,,,,,,,,,,
CUST09623,30,Female,Monthly,33.48,1365.09,25,Credit Card,0,No,,,,,,,,,,,,
CUST09624,32,Male,Two Year,29.53,96.06,3,Credit Card,2,No,,,,,,,,,,,,
CUST09625,42,Female,Monthly,68.44,977.92,34,Direct Debit,1,No,,,,,,,,,,,,
CUST09626,40,Female,Two Year,47.8,4698.16,71,Direct Debit,2,No,,,,,,,,,,,,
CUST09627,77,Male,Two Year,54.67,1396.65,28,Credit Card,1,No,,,,,,,,,,,,
CUST09628,39,Male,One Year,56.35,521.72,9,Bank Transfer,3,No,,,,,,,,,,,,
CUST09629,80,Female,Monthly,34.44,599.86,11,Direct Debit,1,No,,,,,,,,,,,,
CUST09630,43,Male,One Year,82.59,1316.65,39,Debit Card,0,No,,,,,,,,,,,,
CUST09631,50,Male,Two Year,109.71,1127.83,13,Direct Debit,1,No,,,,,,,,,,,,
CUST09632,28,Male,Monthly,28.16,1256.84,11,Direct Debit,6,Yes,,,,,,,,,,,,
CUST09633,27,Female,One Year,72.6,1018.53,35,Debit Card,0,No,,,,,,,,,,,,
CUST09634,42,Female,One Year,46.77,600.12,8,Credit Card,4,No,,,,,,,,,,,,
CUST09635,54,Female,Monthly,87.18,316.77,7,Direct Debit,1,Yes,,,,,,,,,,,,
CUST09636,65,Female,Monthly,99,6435.56,69,Debit Card,3,No,,,,,,,,,,,,
CUST09637,60,Female,Monthly,86.82,7272.83,70,Credit Card,3,No,,,,,,,,,,,,
CUST09638,70,Female,Monthly,43.09,4720.65,57,Debit Card,3,No,,,,,,,,,,,,
CUST09639,55,Female,Two Year,47.58,1547.28,35,Credit Card,0,No,,,,,,,,,,,,
CUST09640,58,Male,Two Year,62.14,494.48,11,Direct Debit,0,No,,,,,,,,,,,,
CUST09641,62,Male,Monthly,74.67,2390.65,38,Credit Card,1,No,,,,,,,,,,,,
CUST09642,41,Female,Two Year,66.18,3535.37,49,Debit Card,2,Yes,,,,,,,,,,,,
CUST09643,57,Female,Monthly,84.73,2170,35,Direct Debit,2,No,,,,,,,,,,,,
CUST09644,63,Male,Monthly,71.65,2497.73,29,Direct Debit,1,No,,,,,,,,,,,,
CUST09645,73,Female,Monthly,59.92,3118.28,41,Direct Debit,1,Yes,,,,,,,,,,,,
CUST09646,50,Male,Two Year,62.89,338.85,6,Debit Card,3,No,,,,,,,,,,,,
CUST09647,34,Male,Two Year,64.05,669.06,10,Direct Debit,1,No,,,,,,,,,,,,
CUST09648,41,Female,One Year,39.29,1385.42,23,Bank Transfer,4,No,,,,,,,,,,,,
CUST09649,54,Male,Monthly,52.43,1877.28,46,Direct Debit,2,No,,,,,,,,,,,,
CUST09650,74,Female,Monthly,96.69,678.45,12,Debit Card,0,No,,,,,,,,,,,,
CUST09651,19,Male,One Year,79.73,4972.22,55,Direct Debit,1,No,,,,,,,,,,,,
CUST09652,49,Male,Monthly,107.5,988.84,13,Bank Transfer,1,No,,,,,,,,,,,,
CUST09653,74,Female,Monthly,48.87,748.11,7,Credit Card,3,No,,,,,,,,,,,,
CUST09654,77,Female,One Year,71.61,608.73,12,Credit Card,2,No,,,,,,,,,,,,
CUST09655,79,Male,Monthly,65.85,4646.31,61,Direct Debit,1,No,,,,,,,,,,,,
CUST09656,41,Female,Monthly,48.15,1706.6,25,Direct Debit,0,Yes,,,,,,,,,,,,
CUST09657,26,Female,Monthly,30.17,100.48,2,Debit Card,0,No,,,,,,,,,,,,
CUST09658,21,Male,One Year,40.66,778.41,26,Bank Transfer,1,No,,,,,,,,,,,,
CUST09659,34,Male,Two Year,90.4,2025.82,51,Direct Debit,1,No,,,,,,,,,,,,
CUST09660,34,Female,Monthly,61.69,6245.35,69,Credit Card,5,No,,,,,,,,,,,,
CUST09661,70,Female,Monthly,64.79,3916.28,62,Credit Card,1,No,,,,,,,,,,,,
CUST09662,67,Male,Monthly,70.81,4666.63,72,Direct Debit,1,No,,,,,,,,,,,,
CUST09663,65,Male,Monthly,68.36,2889.87,39,Credit Card,0,No,,,,,,,,,,,,
CUST09664,47,Male,One Year,64.57,710.7,11,Debit Card,2,No,,,,,,,,,,,,
CUST09665,57,Male,Monthly,63.72,4063.84,64,Credit Card,2,Yes,,,,,,,,,,,,
CUST09666,75,Female,Monthly,72.1,2490.62,42,Direct Debit,1,No,,,,,,,,,,,,
CUST09667,28,Female,One Year,102.24,740.78,10,Credit Card,2,No,,,,,,,,,,,,
CUST09668,38,Male,Monthly,48.34,2022.45,19,Credit Card,3,No,,,,,,,,,,,,
CUST09669,38,Female,Two Year,38.89,198.54,4,Credit Card,2,No,,,,,,,,,,,,
CUST09670,35,Female,Monthly,58.81,125.17,3,Debit Card,0,Yes,,,,,,,,,,,,
CUST09671,72,Female,Monthly,68.06,880.27,14,Credit Card,2,Yes,,,,,,,,,,,,
CUST09672,46,Female,Monthly,32.97,655.6,10,Credit Card,3,No,,,,,,,,,,,,
CUST09673,41,Female,Monthly,62.09,189.69,6,Debit Card,3,No,,,,,,,,,,,,
CUST09674,27,Female,Two Year,77.31,1778.61,31,Credit Card,3,No,,,,,,,,,,,,
CUST09675,62,Male,One Year,48.8,2397.59,31,Credit Card,1,No,,,,,,,,,,,,
CUST09676,34,Female,Monthly,58.59,2477.74,48,Bank Transfer,2,No,,,,,,,,,,,,
CUST09677,35,Female,One Year,75.24,498.41,9,Direct Debit,2,No,,,,,,,,,,,,
CUST09678,59,Male,Two Year,70.36,1985.47,26,Bank Transfer,4,No,,,,,,,,,,,,
CUST09679,65,Male,Monthly,72.74,145.68,2,Direct Debit,2,Yes,,,,,,,,,,,,
CUST09680,37,Male,Monthly,68.37,284.8,4,Direct Debit,0,No,,,,,,,,,,,,
CUST09681,54,Female,Monthly,63.67,423.54,6,Credit Card,3,Yes,,,,,,,,,,,,
CUST09682,62,Female,Two Year,101.08,2013.19,30,Debit Card,1,No,,,,,,,,,,,,
CUST09683,35,Female,Monthly,80.95,5124,55,Bank Transfer,4,No,,,,,,,,,,,,
CUST09684,34,Male,Monthly,28.34,2351.91,28,Debit Card,0,No,,,,,,,,,,,,
CUST09685,26,Female,Monthly,67.61,1756.36,61,Bank Transfer,0,No,,,,,,,,,,,,
CUST09686,31,Male,One Year,101.34,3923.72,55,Bank Transfer,1,No,,,,,,,,,,,,
CUST09687,66,Female,One Year,71.03,3437.29,36,Direct Debit,4,No,,,,,,,,,,,,
CUST09688,46,Male,Monthly,34.01,372.6,5,Direct Debit,2,No,,,,,,,,,,,,
CUST09689,48,Female,Monthly,39.37,929.67,29,Credit Card,0,No,,,,,,,,,,,,
CUST09690,21,Female,Two Year,67.52,478.86,12,Credit Card,1,No,,,,,,,,,,,,
CUST09691,35,Female,Monthly,55.69,1430.99,22,Credit Card,3,No,,,,,,,,,,,,
CUST09692,76,Female,Monthly,97.03,3149.03,59,Credit Card,3,No,,,,,,,,,,,,
CUST09693,37,Male,One Year,45.13,3783.41,39,Bank Transfer,4,No,,,,,,,,,,,,
CUST09694,73,Male,One Year,70.48,93.98,2,Debit Card,5,No,,,,,,,,,,,,
CUST09695,73,Female,Monthly,70.84,1009.65,14,Direct Debit,0,No,,,,,,,,,,,,
CUST09696,64,Female,Monthly,96.71,763.78,10,Credit Card,3,No,,,,,,,,,,,,
CUST09697,60,Male,One Year,64.03,4359.14,48,Credit Card,2,No,,,,,,,,,,,,
CUST09698,61,Female,One Year,82.8,4243.32,64,Direct Debit,3,No,,,,,,,,,,,,
CUST09699,26,Female,Two Year,55.18,230.73,3,Bank Transfer,5,No,,,,,,,,,,,,
CUST09700,30,Female,Two Year,66.9,3882.35,72,Bank Transfer,1,No,,,,,,,,,,,,
CUST09701,32,Female,Monthly,53.5,3913.49,60,Bank Transfer,2,No,,,,,,,,,,,,
CUST09702,44,Female,Two Year,34.53,3496.1,68,Credit Card,0,No,,,,,,,,,,,,
CUST09703,32,Female,Monthly,81.14,728.89,21,Direct Debit,3,No,,,,,,,,,,,,
CUST09704,45,Female,Two Year,79.84,1478.42,19,Debit Card,1,No,,,,,,,,,,,,
CUST09705,54,Female,One Year,66,1562.97,20,Credit Card,4,Yes,,,,,,,,,,,,
CUST09706,72,Female,One Year,55.2,4048.18,58,Credit Card,3,No,,,,,,,,,,,,
CUST09707,36,Male,One Year,45.28,2253.01,42,Direct Debit,1,No,,,,,,,,,,,,
CUST09708,43,Male,Monthly,60.33,488.01,10,Debit Card,3,No,,,,,,,,,,,,
CUST09709,69,Male,Monthly,69.21,1337.87,23,Direct Debit,1,Yes,,,,,,,,,,,,
CUST09710,43,Female,Monthly,67.17,884.07,12,Bank Transfer,5,Yes,,,,,,,,,,,,
CUST09711,42,Female,Two Year,79.25,597.88,9,Debit Card,5,Yes,,,,,,,,,,,,
CUST09712,43,Female,Monthly,51.66,2448.11,29,Credit Card,0,No,,,,,,,,,,,,
CUST09713,43,Female,Monthly,44.5,1021.1,20,Direct Debit,0,No,,,,,,,,,,,,
CUST09714,63,Male,Two Year,68.55,3017.62,65,Bank Transfer,1,No,,,,,,,,,,,,
CUST09715,45,Male,Monthly,59.23,202.36,3,Debit Card,3,No,,,,,,,,,,,,
CUST09716,66,Female,One Year,83.03,483.01,8,Bank Transfer,2,No,,,,,,,,,,,,
CUST09717,35,Male,Monthly,42.14,3005.79,39,Bank Transfer,1,No,,,,,,,,,,,,
CUST09718,49,Male,Monthly,82.79,2739.68,64,Credit Card,1,No,,,,,,,,,,,,
CUST09719,70,Female,Monthly,60.96,2490.91,31,Bank Transfer,3,No,,,,,,,,,,,,
CUST09720,20,Male,Two Year,56.33,4737.64,72,Bank Transfer,3,No,,,,,,,,,,,,
CUST09721,19,Female,Monthly,76.68,1300.85,22,Credit Card,3,No,,,,,,,,,,,,
CUST09722,50,Male,Monthly,77.54,357.61,5,Direct Debit,4,No,,,,,,,,,,,,
CUST09723,59,Female,One Year,22.49,4280.2,58,Direct Debit,1,No,,,,,,,,,,,,
CUST09724,36,Male,Two Year,108.43,1443.18,63,Debit Card,1,Yes,,,,,,,,,,,,
CUST09725,34,Male,Monthly,64.94,6403.03,61,Credit Card,2,Yes,,,,,,,,,,,,
CUST09726,61,Female,One Year,74.47,3221.76,52,Bank Transfer,3,No,,,,,,,,,,,,
CUST09727,50,Female,One Year,72.88,2400.77,33,Credit Card,2,No,,,,,,,,,,,,
CUST09728,29,Female,One Year,74.4,1502.34,22,Direct Debit,2,No,,,,,,,,,,,,
CUST09729,66,Male,Monthly,60.96,3827.47,51,Debit Card,0,No,,,,,,,,,,,,
CUST09730,73,Male,Monthly,73.59,647.28,11,Direct Debit,3,No,,,,,,,,,,,,
CUST09731,80,Female,Monthly,63.82,4518.86,58,Bank Transfer,0,No,,,,,,,,,,,,
CUST09732,20,Male,One Year,76.43,2952.44,50,Debit Card,1,No,,,,,,,,,,,,
CUST09733,60,Male,Monthly,96.67,5222.5,70,Debit Card,0,No,,,,,,,,,,,,
CUST09734,66,Female,One Year,65.26,1656.43,17,Bank Transfer,3,No,,,,,,,,,,,,
CUST09735,72,Male,Monthly,51.54,2874.76,46,Direct Debit,1,No,,,,,,,,,,,,
CUST09736,43,Male,Monthly,66.24,2107.15,44,Direct Debit,0,No,,,,,,,,,,,,
CUST09737,52,Male,One Year,45.29,3517.4,57,Bank Transfer,3,No,,,,,,,,,,,,
CUST09738,25,Female,Two Year,43.97,214.11,5,Debit Card,1,No,,,,,,,,,,,,
CUST09739,69,Male,One Year,55.57,1652.24,39,Bank Transfer,2,No,,,,,,,,,,,,
CUST09740,53,Female,Monthly,43.36,3329.16,58,Credit Card,1,No,,,,,,,,,,,,
CUST09741,70,Male,Monthly,40.58,388.66,9,Credit Card,2,No,,,,,,,,,,,,
CUST09742,71,Female,One Year,98.16,863.59,23,Debit Card,0,No,,,,,,,,,,,,
CUST09743,24,Male,Monthly,87,4358.88,47,Credit Card,3,No,,,,,,,,,,,,
CUST09744,63,Female,One Year,70.24,3065.81,36,Direct Debit,2,No,,,,,,,,,,,,
CUST09745,63,Female,Monthly,39.74,2149.49,31,Credit Card,0,Yes,,,,,,,,,,,,
CUST09746,53,Female,Two Year,22.86,850.13,23,Bank Transfer,0,No,,,,,,,,,,,,
CUST09747,33,Female,Two Year,64.15,1202.54,56,Bank Transfer,0,No,,,,,,,,,,,,
CUST09748,41,Female,Monthly,79.64,4381.35,71,Direct Debit,2,No,,,,,,,,,,,,
CUST09749,78,Male,One Year,68.89,3860.77,46,Direct Debit,4,No,,,,,,,,,,,,
CUST09750,71,Male,Monthly,90.53,3809.71,58,Direct Debit,3,No,,,,,,,,,,,,
CUST09751,79,Male,Monthly,60.07,3116.62,36,Debit Card,1,No,,,,,,,,,,,,
CUST09752,18,Female,Monthly,60.29,4081.18,68,Direct Debit,0,No,,,,,,,,,,,,
CUST09753,66,Male,One Year,80.62,3843.98,60,Credit Card,0,No,,,,,,,,,,,,
CUST09754,42,Female,Monthly,33.34,1133.77,14,Debit Card,1,No,,,,,,,,,,,,
CUST09755,27,Male,Two Year,75.33,777.4,25,Direct Debit,1,No,,,,,,,,,,,,
CUST09756,71,Female,Monthly,72.47,5080.1,71,Direct Debit,7,No,,,,,,,,,,,,
CUST09757,33,Male,Monthly,64.76,3370.21,44,Credit Card,1,No,,,,,,,,,,,,
CUST09758,33,Male,Monthly,93.27,3158.54,46,Bank Transfer,1,No,,,,,,,,,,,,
CUST09759,75,Female,One Year,82.78,1269.83,13,Debit Card,2,No,,,,,,,,,,,,
CUST09760,25,Female,Monthly,38.38,5166.71,62,Direct Debit,2,No,,,,,,,,,,,,
CUST09761,46,Female,Monthly,62.92,722.12,19,Direct Debit,0,No,,,,,,,,,,,,
CUST09762,56,Female,Monthly,56.06,727.04,12,Credit Card,2,No,,,,,,,,,,,,
CUST09763,45,Female,Monthly,66.56,2711.46,48,Direct Debit,0,No,,,,,,,,,,,,
CUST09764,23,Female,Monthly,49.64,2260.73,33,Credit Card,1,No,,,,,,,,,,,,
CUST09765,33,Female,Monthly,48.48,1865.85,37,Direct Debit,1,No,,,,,,,,,,,,
CUST09766,37,Female,Monthly,66.04,278.11,6,Direct Debit,0,No,,,,,,,,,,,,
CUST09767,33,Male,Monthly,70.56,3022.87,43,Unknown,4,No,,,,,,,,,,,,
CUST09768,24,Male,Monthly,49.2,3466.15,50,Bank Transfer,1,No,,,,,,,,,,,,
CUST09769,58,Female,One Year,50.54,2402.57,46,Debit Card,4,No,,,,,,,,,,,,
CUST09770,31,Female,Monthly,39.08,1391.9,28,Credit Card,1,No,,,,,,,,,,,,
CUST09771,60,Male,Monthly,71.27,2425,67,Direct Debit,2,Yes,,,,,,,,,,,,
CUST09772,43,Male,One Year,57.04,813.82,11,Credit Card,3,No,,,,,,,,,,,,
CUST09773,43,Female,One Year,48.37,1217.49,20,Debit Card,2,No,,,,,,,,,,,,
CUST09774,31,Male,Two Year,85.62,1394.16,30,Direct Debit,1,No,,,,,,,,,,,,
CUST09775,24,Female,Monthly,20,3103.27,36,Credit Card,0,No,,,,,,,,,,,,
CUST09776,50,Female,Two Year,75.4,1426.94,68,Bank Transfer,1,No,,,,,,,,,,,,
CUST09777,43,Male,One Year,90.88,2636.7,36,Bank Transfer,1,No,,,,,,,,,,,,
CUST09778,74,Female,Two Year,20.01,5090.71,58,Direct Debit,0,No,,,,,,,,,,,,
CUST09779,62,Female,Two Year,30.49,552.31,28,Direct Debit,0,No,,,,,,,,,,,,
CUST09780,37,Female,Monthly,42.71,1198.73,39,Debit Card,2,No,,,,,,,,,,,,
CUST09781,80,Male,Monthly,39.65,2842.55,66,Direct Debit,0,No,,,,,,,,,,,,
CUST09782,20,Male,One Year,91.21,1701.23,43,Direct Debit,0,No,,,,,,,,,,,,
CUST09783,69,Female,Monthly,58.42,479.42,5,Direct Debit,1,No,,,,,,,,,,,,
CUST09784,21,Male,One Year,112.27,717.28,13,Bank Transfer,2,Yes,,,,,,,,,,,,
CUST09785,78,Male,Monthly,67.4125,943.36,9,Bank Transfer,2,No,,,,,,,,,,,,
CUST09786,43,Male,One Year,63.29,3099.38,57,Bank Transfer,1,No,,,,,,,,,,,,
CUST09787,28,Male,Monthly,95.22,1764.61,27,Direct Debit,0,No,,,,,,,,,,,,
CUST09788,19,Male,Monthly,20,5478.73,61,Bank Transfer,2,No,,,,,,,,,,,,
CUST09789,31,Male,Two Year,72.99,971.65,50,Credit Card,0,No,,,,,,,,,,,,
CUST09790,61,Female,Monthly,80.98,2632.42,34,Debit Card,3,No,,,,,,,,,,,,
CUST09791,47,Female,Monthly,93.36,4960.7,65,Direct Debit,4,No,,,,,,,,,,,,
CUST09792,66,Male,Monthly,78.09,4220.14,45,Bank Transfer,2,No,,,,,,,,,,,,
CUST09793,29,Female,Two Year,70.14,2657.63,34,Direct Debit,0,No,,,,,,,,,,,,
CUST09794,43,Male,One Year,91.71,519.29,8,Debit Card,4,Yes,,,,,,,,,,,,
CUST09795,61,Female,One Year,97.61,4131.2,48,Credit Card,3,Yes,,,,,,,,,,,,
CUST09796,50,Male,Monthly,82.24,3767.19,36,Credit Card,4,No,,,,,,,,,,,,
CUST09797,30,Male,Monthly,49.07,5828.22,66,Debit Card,0,No,,,,,,,,,,,,
CUST09798,31,Female,Monthly,72.84,572.13,11,Credit Card,3,No,,,,,,,,,,,,
CUST09799,41,Male,Monthly,88.12,3746.39,52,Direct Debit,0,No,,,,,,,,,,,,
CUST09800,79,Female,Monthly,59.74,3219.49,36,Credit Card,3,No,,,,,,,,,,,,
CUST09801,51,Male,One Year,84.77,1947.99,31,Bank Transfer,0,No,,,,,,,,,,,,
CUST09802,61,Male,Monthly,68.54,2091.82,24,Credit Card,1,No,,,,,,,,,,,,
CUST09803,43,Female,Monthly,58.29,1530.34,21,Credit Card,2,No,,,,,,,,,,,,
CUST09804,38,Female,Monthly,72.99,1697.15,30,Credit Card,1,No,,,,,,,,,,,,
CUST09805,45,Male,Monthly,43.62,5359.67,72,Direct Debit,3,No,,,,,,,,,,,,
CUST09806,65,Male,Monthly,75.46,2821.62,64,Debit Card,5,No,,,,,,,,,,,,
CUST09807,53,Male,Monthly,56.28,3171.12,39,Credit Card,1,No,,,,,,,,,,,,
CUST09808,57,Female,Monthly,71.26,59.68,1,Debit Card,2,No,,,,,,,,,,,,
CUST09809,19,Female,Two Year,47.98,2832.59,42,Bank Transfer,1,No,,,,,,,,,,,,
CUST09810,59,Male,Monthly,98.36,222.97,5,Bank Transfer,1,No,,,,,,,,,,,,
CUST09811,26,Female,Two Year,49.29,1170.2,12,Credit Card,2,No,,,,,,,,,,,,
CUST09812,40,Male,Monthly,81.48,1439.82,29,Direct Debit,0,No,,,,,,,,,,,,
CUST09813,32,Male,One Year,66.26,255.78,3,Credit Card,3,No,,,,,,,,,,,,
CUST09814,30,Male,Monthly,75.17,3821.81,61,Direct Debit,1,No,,,,,,,,,,,,
CUST09815,40,Female,One Year,84.1,4091.25,51,Credit Card,1,No,,,,,,,,,,,,
CUST09816,34,Male,Monthly,67.7,3062.28,36,Bank Transfer,3,No,,,,,,,,,,,,
CUST09817,79,Male,Monthly,58.69,142.83,2,Debit Card,4,Yes,,,,,,,,,,,,
CUST09818,65,Female,Two Year,62.83,1793.64,29,Bank Transfer,2,No,,,,,,,,,,,,
CUST09819,77,Male,One Year,29.49,2762.27,41,Debit Card,5,No,,,,,,,,,,,,
CUST09820,19,Male,Monthly,86.28,876.93,29,Credit Card,1,Yes,,,,,,,,,,,,
CUST09821,37,Male,Monthly,70.43,5772.68,64,Debit Card,6,No,,,,,,,,,,,,
CUST09822,37,Female,Monthly,59.75,4294.43,58,Credit Card,1,No,,,,,,,,,,,,
CUST09823,76,Female,One Year,63.27,594.45,10,Bank Transfer,4,No,,,,,,,,,,,,
CUST09824,63,Male,One Year,59.9,688.43,11,Direct Debit,2,No,,,,,,,,,,,,
CUST09825,20,Male,Monthly,30.55,449.26,7,Debit Card,1,No,,,,,,,,,,,,
CUST09826,72,Male,Monthly,60.44,1734.43,61,Bank Transfer,3,No,,,,,,,,,,,,
CUST09827,29,Male,Monthly,70.45,4278.13,66,Credit Card,1,No,,,,,,,,,,,,
CUST09828,57,Female,Monthly,52.47,3780.74,53,Debit Card,1,No,,,,,,,,,,,,
CUST09829,19,Male,Monthly,66.43,3298.51,65,Credit Card,0,No,,,,,,,,,,,,
CUST09830,53,Male,One Year,81.26,1810.03,27,Credit Card,2,No,,,,,,,,,,,,
CUST09831,31,Female,One Year,57.49,581.36,7,Credit Card,3,No,,,,,,,,,,,,
CUST09832,33,Male,Monthly,31.77,3504.14,65,Direct Debit,2,No,,,,,,,,,,,,
CUST09833,36,Female,Two Year,71.3,1892.76,58,Direct Debit,0,No,,,,,,,,,,,,
CUST09834,51,Male,Monthly,74.33,1897.32,25,Direct Debit,1,No,,,,,,,,,,,,
CUST09835,61,Female,One Year,96.98,3836.88,48,Direct Debit,0,No,,,,,,,,,,,,
CUST09836,78,Male,Two Year,61.19,394.11,4,Direct Debit,5,No,,,,,,,,,,,,
CUST09837,63,Female,Monthly,69.58,475.97,8,Credit Card,3,No,,,,,,,,,,,,
CUST09838,23,Male,Monthly,93.53,4779.49,68,Bank Transfer,5,No,,,,,,,,,,,,
CUST09839,30,Female,Monthly,48.21,5165.41,60,Direct Debit,1,No,,,,,,,,,,,,
CUST09840,53,Male,One Year,80.83,205.78,4,Bank Transfer,6,Yes,,,,,,,,,,,,
CUST09841,39,Female,Monthly,74.96,676.09,8,Bank Transfer,0,No,,,,,,,,,,,,
CUST09842,35,Male,One Year,81.56,1135.35,16,Bank Transfer,4,No,,,,,,,,,,,,
CUST09843,29,Female,Monthly,59.48,1576.76,19,Debit Card,3,No,,,,,,,,,,,,
CUST09844,69,Female,Monthly,53.16,54.92,1,Debit Card,1,Yes,,,,,,,,,,,,
CUST09845,76,Female,Monthly,66.19,1725.32,34,Bank Transfer,3,No,,,,,,,,,,,,
CUST09846,71,Female,Monthly,60.85,2821.29,45,Credit Card,1,No,,,,,,,,,,,,
CUST09847,47,Male,Two Year,35.47,3622.64,63,Credit Card,3,No,,,,,,,,,,,,
CUST09848,70,Male,Two Year,81.55,214.59,6,Direct Debit,4,No,,,,,,,,,,,,
CUST09849,68,Female,Monthly,87.39,3153.95,36,Debit Card,0,No,,,,,,,,,,,,
CUST09850,57,Male,Monthly,43.96,5426.6,66,Direct Debit,1,No,,,,,,,,,,,,
CUST09851,24,Male,Monthly,83.18,372.66,8,Direct Debit,0,No,,,,,,,,,,,,
CUST09852,49,Male,One Year,47.66,5200.56,67,Debit Card,3,No,,,,,,,,,,,,
CUST09853,65,Male,Monthly,49.97,1200.93,27,Direct Debit,1,No,,,,,,,,,,,,
CUST09854,36,Female,One Year,69.44,1733.8,34,Credit Card,5,No,,,,,,,,,,,,
CUST09855,23,Female,Monthly,66.54,1967.5,28,Direct Debit,1,No,,,,,,,,,,,,
CUST09856,37,Female,One Year,88.03,2011.33,31,Bank Transfer,0,No,,,,,,,,,,,,
CUST09857,44,Male,Two Year,83.93,1504.5,17,Direct Debit,2,No,,,,,,,,,,,,
CUST09858,70,Female,Monthly,67.28,4804.43,55,Direct Debit,2,No,,,,,,,,,,,,
CUST09859,60,Female,Two Year,52.03,632,9,Debit Card,4,No,,,,,,,,,,,,
CUST09860,54,Female,One Year,56.01,2734.14,57,Direct Debit,2,No,,,,,,,,,,,,
CUST09861,65,Female,One Year,49.73,2350.3,45,Bank Transfer,1,No,,,,,,,,,,,,
CUST09862,24,Female,Monthly,61.98,274.67,6,Credit Card,1,No,,,,,,,,,,,,
CUST09863,76,Male,Monthly,94.36,800.47,14,Direct Debit,2,Yes,,,,,,,,,,,,
CUST09864,22,Male,Two Year,61.91,3084.12,31,Direct Debit,2,No,,,,,,,,,,,,
CUST09865,28,Male,One Year,67.99,3120.38,54,Credit Card,1,No,,,,,,,,,,,,
CUST09866,32,Female,One Year,54.94,773.14,11,Direct Debit,1,No,,,,,,,,,,,,
CUST09867,20,Female,One Year,52.77,4082.02,69,Bank Transfer,2,No,,,,,,,,,,,,
CUST09868,75,Female,Monthly,62.8,110.96,2,Credit Card,2,No,,,,,,,,,,,,
CUST09869,22,Female,Two Year,72.74,993.53,17,Bank Transfer,2,No,,,,,,,,,,,,
CUST09870,40,Female,Monthly,85.46,2783.67,36,Direct Debit,3,No,,,,,,,,,,,,
CUST09871,70,Female,Two Year,60.66,275.17,3,Bank Transfer,1,Yes,,,,,,,,,,,,
CUST09872,54,Female,Monthly,60.26,3947.77,63,Direct Debit,1,No,,,,,,,,,,,,
CUST09873,26,Male,Monthly,53.85,2639.4,43,Direct Debit,1,No,,,,,,,,,,,,
CUST09874,32,Male,Monthly,64.16,1805.99,33,Direct Debit,5,No,,,,,,,,,,,,
CUST09875,20,Male,Two Year,82.48,1955.98,29,Credit Card,2,Yes,,,,,,,,,,,,
CUST09876,46,Male,Two Year,80.57,1913.26,23,Debit Card,1,No,,,,,,,,,,,,
CUST09877,23,Female,Two Year,103.73,4627.21,59,Credit Card,1,No,,,,,,,,,,,,
CUST09878,34,Male,Monthly,44.56,5465.35,49,Bank Transfer,1,No,,,,,,,,,,,,
CUST09879,43,Female,Monthly,71.29,2273.74,55,Direct Debit,3,No,,,,,,,,,,,,
CUST09880,38,Male,One Year,77.95,2048.93,28,Credit Card,0,No,,,,,,,,,,,,
CUST09881,25,Male,Monthly,35.13,5610.27,71,Debit Card,2,No,,,,,,,,,,,,
CUST09882,38,Female,One Year,85.64,2585.67,72,Direct Debit,1,No,,,,,,,,,,,,
CUST09883,74,Female,One Year,23.32,2189.71,25,Direct Debit,1,Yes,,,,,,,,,,,,
CUST09884,28,Male,Monthly,60.66,153.41,7,Credit Card,3,No,,,,,,,,,,,,
CUST09885,55,Female,One Year,26.98,1941.5,34,Debit Card,2,No,,,,,,,,,,,,
CUST09886,25,Male,Two Year,120,552.47,22,Direct Debit,0,No,,,,,,,,,,,,
CUST09887,59,Female,Two Year,62.51,8603.94,67,Debit Card,2,No,,,,,,,,,,,,
CUST09888,41,Female,One Year,85.65,3180.46,50,Bank Transfer,4,No,,,,,,,,,,,,
CUST09889,78,Male,One Year,70.88,3833.03,48,Direct Debit,3,No,,,,,,,,,,,,
CUST09890,52,Female,Monthly,57.2,5049.19,72,Bank Transfer,1,No,,,,,,,,,,,,
CUST09891,72,Female,Monthly,91.44,3913.88,70,Bank Transfer,2,No,,,,,,,,,,,,
CUST09892,31,Female,Monthly,70.68,4918.71,57,Credit Card,4,No,,,,,,,,,,,,
CUST09893,72,Female,Monthly,45.65,1858.04,25,Direct Debit,1,No,,,,,,,,,,,,
CUST09894,31,Male,Monthly,56.44,3145.76,66,Direct Debit,1,No,,,,,,,,,,,,
CUST09895,27,Female,Monthly,40.13,897.85,16,Direct Debit,2,No,,,,,,,,,,,,
CUST09896,29,Female,Two Year,63.71,2335.91,58,Bank Transfer,0,No,,,,,,,,,,,,
CUST09897,55,Female,One Year,65.18,2585.54,41,Debit Card,0,No,,,,,,,,,,,,
CUST09898,61,Male,Monthly,67.21,3351.32,51,Debit Card,3,No,,,,,,,,,,,,
CUST09899,72,Female,Monthly,80.43,1463.93,21,Credit Card,1,No,,,,,,,,,,,,
CUST09900,63,Female,Monthly,120,4775.02,56,Direct Debit,3,No,,,,,,,,,,,,
CUST09901,51,Female,Monthly,72.13,5723.31,47,Credit Card,4,Yes,,,,,,,,,,,,
CUST09902,58,Male,Monthly,43.8,2915.89,43,Debit Card,2,No,,,,,,,,,,,,
CUST09903,27,Male,Two Year,111.81,1416.9,31,Direct Debit,0,No,,,,,,,,,,,,
CUST09904,75,Male,One Year,93.99,1642.88,15,Direct Debit,4,No,,,,,,,,,,,,
CUST09905,34,Male,One Year,80.46,4605.27,48,Bank Transfer,4,No,,,,,,,,,,,,
CUST09906,34,Female,Monthly,71.5,4747.94,62,Direct Debit,2,No,,,,,,,,,,,,
CUST09907,20,Female,Monthly,79.61,4735.46,70,Bank Transfer,3,No,,,,,,,,,,,,
CUST09908,79,Female,Monthly,20,221.74,3,Credit Card,1,No,,,,,,,,,,,,
CUST09909,48,Female,One Year,34.21,737.44,38,Direct Debit,0,No,,,,,,,,,,,,
CUST09910,68,Male,One Year,86.13,2015.02,58,Direct Debit,0,No,,,,,,,,,,,,
CUST09911,18,Male,Monthly,93.08,5603.38,67,Debit Card,2,No,,,,,,,,,,,,
CUST09912,29,Female,One Year,34.41,4014.94,45,Bank Transfer,4,No,,,,,,,,,,,,
CUST09913,56,Female,Monthly,51.27,1633.92,44,Debit Card,1,No,,,,,,,,,,,,
CUST09914,21,Female,Monthly,52.41,442.9,8,Bank Transfer,2,No,,,,,,,,,,,,
CUST09915,59,Male,One Year,50.5,3517.14,66,Direct Debit,1,No,,,,,,,,,,,,
CUST09916,30,Female,Monthly,71.39,3484.3,71,Credit Card,1,No,,,,,,,,,,,,
CUST09917,51,Male,One Year,85.6,4606.76,61,Debit Card,4,No,,,,,,,,,,,,
CUST09918,59,Female,Monthly,49.27,1510.33,17,Bank Transfer,2,No,,,,,,,,,,,,
CUST09919,38,Female,Monthly,41.3,3563.06,71,Direct Debit,1,No,,,,,,,,,,,,
CUST09920,39,Female,Monthly,47.95,1583.92,36,Debit Card,0,No,,,,,,,,,,,,
CUST09921,74,Male,Monthly,59.73,3232.07,68,Direct Debit,2,No,,,,,,,,,,,,
CUST09922,21,Female,Monthly,96.27,1205.25,21,Debit Card,1,No,,,,,,,,,,,,
CUST09923,35,Male,One Year,70.19,4759.34,46,Credit Card,5,No,,,,,,,,,,,,
CUST09924,22,Male,Monthly,108.13,3414.84,46,Direct Debit,3,No,,,,,,,,,,,,
CUST09925,36,Female,Monthly,79.55,1844.14,16,Bank Transfer,1,Yes,,,,,,,,,,,,
CUST09926,19,Male,One Year,47.68,1867.2,22,Bank Transfer,2,No,,,,,,,,,,,,
CUST09927,29,Female,Two Year,67.16,280.71,6,Bank Transfer,3,Yes,,,,,,,,,,,,
CUST09928,34,Male,One Year,49.6,3978.08,56,Direct Debit,1,No,,,,,,,,,,,,
CUST09929,27,Female,Two Year,43.42,2371.02,45,Direct Debit,1,No,,,,,,,,,,,,
CUST09930,51,Female,One Year,62.75,2537.53,58,Direct Debit,0,No,,,,,,,,,,,,
CUST09931,23,Male,Monthly,79.82,1792.21,28,Debit Card,1,No,,,,,,,,,,,,
CUST09932,25,Female,One Year,60.12,1373.77,17,Direct Debit,1,No,,,,,,,,,,,,
CUST09933,78,Female,Monthly,66.4,1996.72,36,Debit Card,2,Yes,,,,,,,,,,,,
CUST09934,68,Female,Monthly,57.33,801.33,12,Credit Card,1,No,,,,,,,,,,,,
CUST09935,28,Female,Monthly,98.78,2654.53,50,Credit Card,2,No,,,,,,,,,,,,
CUST09936,80,Female,Monthly,62.86,5782.4,59,Direct Debit,3,No,,,,,,,,,,,,
CUST09937,74,Male,One Year,60.34,699.49,12,Credit Card,2,No,,,,,,,,,,,,
CUST09938,80,Male,One Year,63.27,3714.36,62,Debit Card,1,No,,,,,,,,,,,,
CUST09939,29,Male,Monthly,66.6,2451.74,40,Bank Transfer,1,No,,,,,,,,,,,,
CUST09940,26,Female,Two Year,65.45,139.04,2,Direct Debit,2,No,,,,,,,,,,,,
CUST09941,19,Female,One Year,88.25,1630.78,25,Bank Transfer,1,No,,,,,,,,,,,,
CUST09942,25,Female,Monthly,54.83,2741.04,31,Direct Debit,3,No,,,,,,,,,,,,
CUST09943,75,Female,Two Year,104.63,2743.46,47,Direct Debit,3,No,,,,,,,,,,,,
CUST09944,28,Female,Monthly,52.12,6260.02,60,Direct Debit,0,No,,,,,,,,,,,,
CUST09945,77,Male,One Year,73.68,2019.43,41,Credit Card,0,No,,,,,,,,,,,,
CUST09946,70,Male,Monthly,74.79,3455.64,50,Direct Debit,0,No,,,,,,,,,,,,
CUST09947,53,Female,One Year,59.71,1666.73,23,Debit Card,3,Yes,,,,,,,,,,,,
CUST09948,27,Male,Two Year,69.94,689.62,12,Bank Transfer,2,No,,,,,,,,,,,,
CUST09949,38,Female,Monthly,51.99,5218.79,71,Direct Debit,1,No,,,,,,,,,,,,
CUST09950,37,Male,Monthly,84.45,1191.16,22,Bank Transfer,3,No,,,,,,,,,,,,
CUST09951,65,Male,Monthly,72.19,4395.22,56,Direct Debit,2,No,,,,,,,,,,,,
CUST09952,25,Female,Monthly,65.95,1099.78,16,Direct Debit,2,No,,,,,,,,,,,,
CUST09953,53,Male,One Year,32.04,3793.78,58,Direct Debit,3,No,,,,,,,,,,,,
CUST09954,46,Female,Monthly,82.02,2154.51,72,Debit Card,0,No,,,,,,,,,,,,
CUST09955,59,Male,Monthly,76.73,3959.63,51,Direct Debit,0,No,,,,,,,,,,,,
CUST09956,29,Female,One Year,20,490.47,6,Credit Card,2,Yes,,,,,,,,,,,,
CUST09957,78,Female,Monthly,73.09,40.26,2,Debit Card,2,No,,,,,,,,,,,,
CUST09958,31,Female,Two Year,66.39,4746.66,62,Direct Debit,3,No,,,,,,,,,,,,
CUST09959,65,Female,Monthly,38.08,2712.78,42,Direct Debit,0,No,,,,,,,,,,,,
CUST09960,71,Male,Monthly,51.76,1604.64,43,Credit Card,0,No,,,,,,,,,,,,
CUST09961,67,Male,Monthly,35.92,2845.84,52,Direct Debit,1,No,,,,,,,,,,,,
CUST09962,38,Male,Two Year,52.71,2135.75,58,Direct Debit,0,No,,,,,,,,,,,,
CUST09963,39,Female,Monthly,80.38,1084.29,20,Direct Debit,3,Yes,,,,,,,,,,,,
CUST09964,38,Female,Monthly,82.56,4601.35,56,Credit Card,2,No,,,,,,,,,,,,
CUST09965,61,Male,Monthly,77.66,5567.93,67,Direct Debit,1,No,,,,,,,,,,,,
CUST09966,67,Female,One Year,64.96,4941.99,59,Bank Transfer,3,No,,,,,,,,,,,,
CUST09967,47,Male,Monthly,118.12,3314.75,48,Credit Card,0,No,,,,,,,,,,,,
CUST09968,56,Male,One Year,20.48,4273.71,35,Direct Debit,2,No,,,,,,,,,,,,
CUST09969,49,Female,Monthly,49.65,168.51,8,Credit Card,1,No,,,,,,,,,,,,
CUST09970,41,Male,Monthly,74.81,1483.12,32,Debit Card,1,No,,,,,,,,,,,,
CUST09971,40,Male,Monthly,55.55,3358.47,45,Credit Card,1,No,,,,,,,,,,,,
CUST09972,24,Female,Monthly,54.54,3719.47,67,Debit Card,1,No,,,,,,,,,,,,
CUST09973,26,Female,Two Year,69.53,1367.01,27,Bank Transfer,1,No,,,,,,,,,,,,
CUST09974,18,Male,Monthly,58.99,217.12,3,Direct Debit,3,No,,,,,,,,,,,,
CUST09975,43,Female,One Year,42.91,3094.49,57,Direct Debit,2,No,,,,,,,,,,,,
CUST09976,55,Female,Monthly,78.05,2755.77,65,Debit Card,0,No,,,,,,,,,,,,
CUST09977,55,Male,Two Year,87.98,1661.72,20,Debit Card,2,No,,,,,,,,,,,,
CUST09978,71,Female,Monthly,94.2,6087.03,71,Credit Card,0,No,,,,,,,,,,,,
CUST09979,78,Male,Two Year,33.12,3913.27,41,Debit Card,4,No,,,,,,,,,,,,
CUST09980,61,Male,Monthly,80.09,32.1,1,Direct Debit,1,No,,,,,,,,,,,,
CUST09981,39,Male,One Year,53.54,303.91,4,Credit Card,5,No,,,,,,,,,,,,
CUST09982,61,Female,Monthly,66.65,3941.24,71,Credit Card,1,No,,,,,,,,,,,,
CUST09983,27,Male,Monthly,58.31,635,10,Direct Debit,8,No,,,,,,,,,,,,
CUST09984,72,Male,Monthly,43.55,1575.24,29,Bank Transfer,3,No,,,,,,,,,,,,
CUST09985,79,Male,Two Year,83.93,646.47,15,Debit Card,1,No,,,,,,,,,,,,
CUST09986,75,Male,Monthly,97.49,1647.96,19,Direct Debit,4,No,,,,,,,,,,,,
CUST09987,23,Female,One Year,108.91,5726.8,58,Credit Card,1,No,,,,,,,,,,,,
CUST09988,34,Male,Monthly,82.86,5536.17,53,Direct Debit,1,No,,,,,,,,,,,,
CUST09989,68,Female,Two Year,43.8,4005.34,46,Bank Transfer,3,No,,,,,,,,,,,,
CUST09990,67,Female,One Year,67.9,737.58,18,Direct Debit,0,No,,,,,,,,,,,,
CUST09991,55,Female,Monthly,68.71,209.25,3,Bank Transfer,4,Yes,,,,,,,,,,,,
CUST09992,41,Male,Monthly,81.8,4891.79,70,Credit Card,1,No,,,,,,,,,,,,
CUST09993,68,Male,Monthly,83.8,1914.46,22,Bank Transfer,1,No,,,,,,,,,,,,
CUST09994,27,Male,Monthly,62.12,4628.86,55,Credit Card,3,No,,,,,,,,,,,,
CUST09995,73,Female,Monthly,85.02,4178.59,64,Credit Card,3,No,,,,,,,,,,,,
CUST09996,25,Male,Two Year,107.72,3327.03,41,Bank Transfer,1,No,,,,,,,,,,,,
CUST09997,38,Female,Two Year,78.56,868.01,8,Debit Card,5,Yes,,,,,,,,,,,,
CUST09998,73,Male,Monthly,57.59,5133.06,65,Direct Debit,1,No,,,,,,,,,,,,
CUST09999,23,Male,Monthly,91.14,167.11,3,Bank Transfer,1,No,,,,,,,,,,,,
CUST10000,38,Male,Monthly,67.415,2433.77,29,Debit Card,1,No,,,,,,,,,,,,
